Price,Close,High,Low,Open,Volume
Ticker,HDFCBANK.NS,HDFCBANK.NS,HDFCBANK.NS,HDFCBANK.NS,HDFCBANK.NS
Date,,,,,
2015-01-01,213.7008819580078,214.22838041397185,212.1296344469671,213.46519757138992,3544940
2015-01-02,216.6750030517578,217.57285866469388,213.33049911368462,213.33049911368462,5900384
2015-01-05,214.8455810546875,217.85338844623516,214.38541919872492,217.7299360678834,4796000
2015-01-06,211.5010986328125,214.71092949367608,210.4461156183527,214.13854931886775,8219680
2015-01-07,212.11839294433594,213.54373327928286,210.15433375040692,210.92873697262257,5746112
2015-01-08,216.573974609375,217.4942847607382,212.83665913306953,214.19466290134008,9525824
2015-01-09,218.99819946289062,219.97461190299686,216.9667903009825,218.38092376622404,8985184
2015-01-12,217.06781005859375,218.71762793081407,216.4954298581047,217.59530843958493,4126412
2015-01-13,216.23727416992188,218.16767176564062,214.52013370126895,217.4942801229874,5828348
2015-01-14,216.36074829101562,218.77373510003898,215.4179972162897,215.49655409743832,3685232
2015-01-15,222.9263153076172,224.05985519923544,217.89831874851353,222.21924858205347,11398476
2015-01-16,224.7669219970703,227.80841881862418,224.13842581371873,224.9577245332128,7821308
2015-01-19,225.48521423339844,228.95318432422982,225.1260774635539,227.43805295737832,4239492
2015-01-20,229.16641235351562,230.52441615460287,224.91281887722695,226.70853000598723,8505804
2015-01-21,228.94195556640625,231.85997254099806,228.58280510939667,230.6142143469916,6740612
2015-01-22,229.23374938964844,231.75896817117456,228.62769414204445,230.0754889834905,6470680
2015-01-23,234.07095336914062,235.23815462660275,229.94081234981954,231.19780464255805,9987912
2015-01-27,241.08544921875,241.91595464196766,233.64446587146867,234.1158345549267,9962400
2015-01-28,237.56137084960938,245.38393254021386,236.80942224010766,240.1763808501566,11364940
2015-01-29,245.78793334960938,247.04492551954166,238.1561619031375,241.29865602815534,20567616
2015-01-30,241.826171875,245.6869673104532,238.88570032964142,245.6869673104532,10570416
2015-02-02,242.7801513671875,245.33904533474364,236.2145822216786,239.8396797256849,5710352
2015-02-03,238.85205078125,242.9148422359826,236.87678473383662,242.08433669564914,10200688
2015-02-04,239.6601104736328,242.60060967293163,237.314473528022,238.60514103597765,6197512
2015-02-05,241.6353759765625,245.2941483193589,240.25491758217603,241.2986801438037,8059148
2015-02-06,236.47276306152344,242.1853594292445,235.6983734212381,241.74766570219342,6903120
2015-02-09,233.4648895263672,236.07989935874062,232.2078972061965,235.01369586746037,5231896
2015-02-10,236.6859588623047,238.44802247553483,231.19782722474298,231.19782722474298,9275752
2015-02-11,237.5726318359375,239.0092064852104,236.36052111935152,237.48284078278624,4161588
2015-02-12,241.52317810058594,242.84752070965231,236.29315780052312,239.07651589068038,5525740
2015-02-13,239.23362731933594,242.8699314136218,238.73979031616125,242.69034933967146,7714500
2015-02-16,239.62644958496094,243.54333371544027,238.49289591949795,241.47827677680644,7388716
2015-02-18,241.2537841796875,243.0831428434393,237.26955039233468,239.6264210834448,5381692
2015-02-19,242.37612915039062,243.5208895554513,238.78470676564916,241.07422757577052,4507004
2015-02-20,240.8609619140625,244.64317256890533,239.83964036555224,243.09436641637163,6206024
2015-02-23,239.615234375,242.76896340819098,238.38068281615926,241.7700825249004,5581564
2015-02-24,239.64891052246094,240.40085917706557,237.28080519786593,240.2437453926578,5846288
2015-02-25,236.23699951171875,241.2537891492947,235.6870739659486,240.1763515653,4648524
2015-02-26,233.02720642089844,237.03388161008405,232.34258055647535,236.50639691801615,12426944
2015-02-27,236.5849151611328,237.6062367132969,234.66573814346154,234.66573814346154,10261784
2015-03-02,242.99337768554688,246.6857974515829,239.72741735968202,242.4995407226707,14385232
2015-03-03,243.1729278564453,245.11454581019996,241.7588219169959,243.86876037271801,6029348
2015-03-04,239.12142944335938,248.99784210952018,237.93175968478292,248.03263627517464,12277624
2015-03-05,243.56581115722656,244.66568992227482,238.49293169029082,239.0540915295621,9702452
2015-03-09,237.707275390625,242.8250633846824,237.03388367563738,241.75885983595205,5755808
2015-03-10,236.25949096679688,238.43677985564494,234.5647775468571,238.38066388015525,5134836
2015-03-11,237.13487243652344,238.35821711236184,235.68709126462053,235.8891142514944,5465536
2015-03-12,236.71961975097656,238.80714494842036,235.9339961132858,237.95417118163346,7530836
2015-03-13,234.03729248046875,238.82959129949472,232.23034711245927,237.93173569310565,5426780
2015-03-16,236.03501892089844,237.4603591690819,234.0036097181105,234.56476945364557,5348772
2015-03-17,237.49398803710938,239.2560237838712,234.08212106848956,237.9316815855376,5369304
2015-03-18,238.72860717773438,240.60287538334947,236.40538374283102,237.96542438851463,5148332
2015-03-19,236.18093872070312,241.0293815810456,235.39531495727127,240.4008716101472,5373572
2015-03-20,237.01145935058594,237.81952398504126,234.77802689936053,235.91158065906404,6483236
2015-03-23,235.18206787109375,237.79707797125883,234.7892560182907,237.02266102121885,5446740
2015-03-24,232.98226928710938,237.25831708786876,232.42110959674073,234.1831729447987,8973564
2015-03-25,232.15179443359375,234.94635909896616,231.4447276506745,233.45369604659996,10608900
2015-03-26,226.02391052246094,231.6916098879723,224.9352524659661,230.50196774411071,35800620
2015-03-27,227.7522735595703,229.74999380336902,226.2820242355306,227.81960998123768,10840896
2015-03-30,232.74661254882812,233.21798123679625,227.33702459069113,228.95316733544965,6955144
2015-03-31,229.55923461914062,233.42001646186802,227.79718477367166,233.42001646186802,5962256
2015-04-01,231.92735290527344,232.73541756355564,227.38195837700653,230.32243034484605,3844196
2015-04-06,231.63551330566406,232.73539190837414,228.9082851094497,232.3201391686798,7151172
2015-04-07,231.81509399414062,233.03841129568667,229.7724779730334,231.92732594475507,6197072
2015-04-08,232.44361877441406,233.99239787184763,231.20906723853608,233.45370639467788,4106144
2015-04-09,237.05633544921875,237.70728628361255,231.19783274043525,233.04966004151154,7002784
2015-04-10,234.03729248046875,236.36048838192477,232.2864630878586,236.36048838192477,6119324
2015-04-13,233.17312622070312,234.8566055857918,232.27527055932248,233.44247195896517,4563236
2015-04-15,231.5681610107422,235.39525362087122,230.12035258372617,233.44242887790804,4893996
2015-04-16,231.1192626953125,231.9946773951614,228.5042527510426,230.74889177610197,5610120
2015-04-17,228.56036376953125,230.715211706777,228.06654045469062,230.0979359882735,4049012
2015-04-20,225.608642578125,230.075479315148,225.0474828724783,228.95315990385458,5188880
2015-04-21,225.1372833251953,227.6961771700836,223.47624504690802,225.5862111084958,6510744
2015-04-22,227.40438842773438,229.1776588489532,223.00490114244369,225.92293205824816,6765936
2015-04-23,227.494140625,229.89589316232133,225.83310244573886,228.9643762876203,9627828
2015-04-24,225.9116973876953,228.72871662373979,224.54245936247392,228.70627571356786,7205244
2015-04-27,225.687255859375,227.26972378868027,223.56606903064252,226.02395174646935,7370704
2015-04-28,225.48521423339844,227.03402066625583,222.24170804876726,224.3628947023973,7942108
2015-04-29,222.9263153076172,226.59629438745753,221.77032080714022,225.36174300644615,7863564
2015-04-30,221.9499053955078,223.34158433947005,219.76138233288486,222.443728724035,15143684
2015-05-04,224.6771240234375,226.5962874625028,222.66816955205823,223.12831776724414,3141448
2015-05-05,221.6917724609375,225.3393107725246,221.28772648781052,224.25065265633754,5138004
2015-05-06,217.86465454101562,221.65809990812653,216.71989413802143,221.65809990812653,11007696
2015-05-07,213.53250122070312,217.72997880996394,211.93881304144804,217.2810510186032,11736664
2015-05-08,220.4235382080078,221.7254260195042,214.4528042620822,215.8220284999995,11571932
2015-05-11,222.28659057617188,222.83652985425337,218.63905231363688,221.33261903058582,6731344
2015-05-12,218.16769409179688,222.21926481633975,217.0565950276773,222.21926481633975,11107568
2015-05-13,222.27537536621094,222.98244212616902,218.08911818143463,219.04308974952997,7791848
2015-05-14,222.45494079589844,223.30790085837975,218.62783411937025,221.9947925503667,4455188
2015-05-15,222.24169921875,223.9139579935381,220.91737044490011,223.31913688585445,8153624
2015-05-18,226.67486572265625,227.1574685915381,222.6681905561322,223.5660461632134,5713304
2015-05-19,226.15859985351562,228.50425035009422,224.03741325708447,225.88924043330087,4786348
2015-05-20,229.86228942871094,230.47956521191344,226.60754887163444,226.6300034838652,4008840
2015-05-21,230.00814819335938,231.1978178277702,227.85330022571995,229.85103442294823,3934380
2015-05-22,229.9183807373047,230.97335009342078,228.58280410946284,230.0081443758335,4689536
2015-05-25,229.75003051757812,231.42228937384803,228.41446752363677,230.83868869255437,4369060
2015-05-26,230.6142120361328,231.2426945041764,228.51546639018807,229.95202710326407,4906344
2015-05-27,233.02720642089844,233.4424591614464,229.2674360449809,229.80614119216293,3218592
2015-05-28,231.06312561035156,234.27294268271856,229.4469829199176,233.22920755172188,9561160
2015-05-29,235.81053161621094,236.58492101421945,230.55807153297397,231.18655393415295,5058680
2015-06-01,232.58950805664062,237.0339047304899,231.42230660713548,235.45142309955136,3841320
2015-06-02,226.4391632080078,233.5097892469782,225.5637622814144,233.08330238773826,4726008
2015-06-03,225.70968627929688,228.27980083801262,224.01498646640766,226.48408952365264,5824832
2015-06-04,227.8196258544922,228.47056290954725,223.34156854907357,226.4503879176461,5557588
2015-06-05,227.10134887695312,228.6164801889565,225.02505781976328,226.76465302984124,6753860
2015-06-08,225.23829650878906,227.2135760301146,223.4650262713533,225.4178648834207,3811996
2015-06-09,224.879150390625,225.81068104598975,223.81294687673986,225.58621714832972,6040260
2015-06-10,227.9655303955078,228.7287131323548,223.79050735324608,224.01497125229648,7986248
2015-06-11,224.5087890625,228.62769602895236,223.27423764800935,228.41445259004803,9094176
2015-06-12,226.5177459716797,226.8993236344644,222.2529319506318,224.68835974047042,6528344
2015-06-15,225.63108825683594,227.5502516341568,224.46387337524715,224.91280112199763,5999828
2015-06-16,226.3494110107422,226.80955928353436,223.8017374269105,224.4639086976064,6010524
2015-06-17,225.51890563964844,227.49418541729378,224.35169050279737,226.48409776620565,9686268
2015-06-18,228.8634033203125,229.80615450774326,224.9689598569924,225.78825863063597,8431716
2015-06-19,231.31004333496094,232.30889670556246,227.41560024457402,230.03061009617048,3742324
2015-06-22,235.04739379882812,237.23591696753158,230.86113630887314,231.66920092185683,5449652
2015-06-23,236.1584930419922,238.2011093056197,234.00364481442494,236.1360521292806,5655180
2015-06-24,234.74435424804688,237.43792100981275,234.0484942476216,236.58494724176902,6267396
2015-06-25,239.05406188964844,240.36717027065654,234.03729902865987,235.29429143269857,16573568
2015-06-26,238.57144165039062,240.38959369184386,236.02378196141046,239.50297228038514,5647504
2015-06-29,237.1798095703125,238.3245700968233,231.31007250744187,234.5423584767051,6487836
2015-06-30,239.5366668701172,240.62531135278476,235.23817751652837,236.19214913336543,7290136
2015-07-01,240.70387268066406,241.74763536076568,237.94298297888895,238.2347696268401,4971188
2015-07-02,239.31300354003906,241.4614382768888,238.73633499025937,240.85084155210413,4483444
2015-07-03,242.94276428222656,243.3724567964049,238.3745241369519,238.3745241369519,4039288
2015-07-06,245.03465270996094,245.37387927116532,239.77664101129312,240.6360260088755,3267780
2015-07-07,245.79226684570312,246.84387476519,243.90391107123904,243.90391107123904,4141472
2015-07-08,241.72152709960938,244.37880174833958,241.07700217416155,244.03957519743784,5400676
2015-07-09,242.8975372314453,243.54206217862938,239.7427136378682,240.33070082466193,2797964
2015-07-10,246.6742401123047,247.63538200593504,241.6423796103576,241.93638699682253,4900088
2015-07-13,247.8954315185547,250.10040383390714,245.3738422725535,245.3738422725535,7076084
2015-07-14,246.9229736328125,249.19580231558444,245.5999957515483,247.7484303368519,5674116
2015-07-15,248.01980590820312,249.09402322425672,246.68553701121755,247.18305819928082,3849404
2015-07-16,252.090576171875,253.06303677484678,248.33647408772336,248.49479639391888,7310424
2015-07-17,251.1520233154297,253.68490366676426,250.03255921595317,253.15345429735237,3510988
2015-07-20,252.21495056152344,253.0630169722885,250.34920445784036,252.37324524900154,4551268
2015-07-21,248.32516479492188,255.09837751714073,247.20570056382874,252.5089591070381,11028136
2015-07-22,252.022705078125,252.62201080921224,246.1993162468354,247.95198667178664,7286400
2015-07-23,250.55274963378906,252.54286227677048,248.78876043070358,251.68350486491335,5083172
2015-07-24,250.5414276123047,252.1584130919628,248.87922296655162,249.4785287521166,4761008
2015-07-27,247.82760620117188,249.783818175327,241.98160746727015,249.64813307558282,3328572
2015-07-28,250.68836975097656,251.90959060526325,247.05863535752033,247.40918043082397,6345672
2015-07-29,250.65447998046875,252.81423328540862,249.90819817086629,249.9194891581828,3943032
2015-07-30,251.1520233154297,252.61068633454485,249.0148796380611,250.34917616145134,9462188
2015-07-31,251.4007568359375,253.51526309877073,249.4445452256415,252.29404221556746,5649500
2015-08-03,247.72592163085938,252.7238554431891,247.28491041997597,251.64963771311741,4345728
2015-08-04,245.70181274414062,249.2184728362223,244.68413295488202,248.3364781642653,5390928
2015-08-05,247.002197265625,248.2460281992405,245.4191397137507,246.99090627548276,4122780
2015-08-06,247.85028076171875,249.0715021922361,245.47569427150967,246.93438539358183,3743712
2015-08-07,247.10397338867188,248.20080056237362,246.18805050807293,247.3979532173384,3227140
2015-08-10,247.5561981201172,250.1116878609567,246.05228844612574,247.63534544899605,3954376
2015-08-11,247.56753540039062,248.5060677488584,245.20426804671433,247.64671035039814,2727688
2015-08-12,242.0833740234375,247.61278361340396,241.46145865239595,246.1428018273058,6005740
2015-08-13,243.68907165527344,244.85372746186783,241.21270112766044,243.56467753693377,3465052
2015-08-14,249.1732635498047,249.59163751405146,244.22054952435485,244.9442219162232,3601660
2015-08-17,246.8438720703125,249.17323893723662,243.29331161352783,248.55132354722895,2500212
2015-08-18,245.67918395996094,247.88415666437663,243.89258517050195,246.86647695464632,1857316
2015-08-19,244.66148376464844,245.82616707841962,243.11235474636715,245.33993684766156,3004576
2015-08-20,243.0444793701172,245.31730806282573,241.52927864586115,241.52927864586115,3044852
2015-08-21,240.0141143798828,242.64875196115375,237.68474758085014,240.62471115701672,7758972
2015-08-24,230.45919799804688,236.25996347549366,228.69522277338172,236.25996347549366,14686328
2015-08-25,230.32350158691406,233.45570139391728,227.44007617571557,231.73693161277052,12347920
2015-08-26,229.20407104492188,232.70941204264886,228.1863914004205,230.08606559142183,5573000
2015-08-27,231.1489715576172,233.94193136941507,228.2090080491293,231.8048150923147,13873432
2015-08-28,232.47195434570312,235.81900083523672,230.5383794857254,233.17304466628673,5553136
2015-08-31,232.35887145996094,233.59141117295079,229.66768240692357,230.92281789913895,3441460
2015-09-01,226.17364501953125,230.96804973143378,224.56797818919227,230.96804973143378,10469144
2015-09-02,225.05422973632812,229.30586684430102,222.7587909881286,227.30442170936143,8681688
2015-09-03,228.4803924560547,229.54330510238324,225.92488847022744,226.6711841399768,6507368
2015-09-04,225.2577362060547,227.50794177048098,221.62801484599538,226.6485705959966,11404592
2015-09-07,222.63438415527344,228.36730724221988,221.6280093115424,226.37718093964688,5381740
2015-09-08,227.06695556640625,228.41255705423987,220.9495725168241,223.14324042936406,7444488
2015-09-09,229.83729553222656,231.8048123095354,227.28179158154447,229.43022642734016,6553120
2015-09-10,228.63870239257812,229.9843038468171,225.31427933009476,226.82949406504042,4463740
2015-09-11,228.525634765625,230.67406972878524,227.68887312460333,229.43023896063985,4301760
2015-09-14,230.6062469482422,231.19423420415328,226.94259688365761,228.15249957696787,5060344
2015-09-15,229.12490844726562,230.59489005810212,227.98283476862406,230.2104305684816,4332728
2015-09-16,231.431640625,232.5058579692075,228.76306135160127,230.4252796292727,4254052
2015-09-18,237.40200805664062,240.17235775770646,233.19560505220522,234.06628086556137,7841168
2015-09-21,238.12576293945312,238.58938368488086,234.3716606226447,234.73349682071074,4276688
2015-09-22,233.0825653076172,239.7200925372657,231.87266281466148,237.46990082437594,6025212
2015-09-23,237.2776641845703,238.23880612101254,230.36876635817688,230.49314667167184,5161152
2015-09-24,237.7751922607422,238.36317940213877,234.29246096832617,236.78012223343387,8252836
2015-09-28,236.6444549560547,239.72010359410967,235.89814547780585,238.5893483884771,5777108
2015-09-29,240.80564880371094,242.8636178350622,231.8274355653089,233.38788332976796,10418840
2015-09-30,241.7102813720703,242.6601048499191,240.0254392899745,241.52934946851218,9027796
2015-10-01,241.4501953125,243.5420927091833,239.57313038970014,243.15761932653433,5034788
2015-10-05,248.3929901123047,249.85168088909066,243.60989007867957,243.60989007867957,8053372
2015-10-06,245.5886688232422,250.5526998656528,244.9215344119256,250.3491584432148,4758964
2015-10-07,245.99581909179688,248.39301484138616,245.00074889206238,246.05235685761895,4386268
2015-10-08,244.9441375732422,246.6628796168546,243.20278595135642,246.07489255013493,3881908
2015-10-09,245.6339569091797,247.63538808614456,244.2883416612618,247.63538808614456,3443228
2015-10-12,244.36753845214844,247.7484857500667,243.7456230383532,245.98449644295164,2217340
2015-10-13,243.41766357421875,244.72935063361595,242.70528228517247,243.23675930810288,1823652
2015-10-14,245.3173065185547,245.71307078350742,241.31444470984823,241.71020897480096,2749148
2015-10-15,245.1816864013672,247.97464657568656,244.46930501442515,245.53220399369437,3925952
2015-10-16,248.77743530273438,249.1053432322304,245.37385148158873,246.50460655754077,4843688
2015-10-19,248.26861572265625,249.24104860331653,247.47708710507524,248.76613695403339,2654220
2015-10-20,247.61279296875,249.42200138922664,246.77601751048175,248.31385571041875,3851356
2015-10-21,247.63536071777344,249.6707198469606,245.3738505742321,248.51735519501955,7273204
2015-10-23,250.68836975097656,251.86434384395088,247.86148240601742,248.64169227069743,4467048
2015-10-26,249.10531616210938,251.97742270038742,248.08763670434314,251.92088495273373,4887984
2015-10-27,251.231201171875,251.93226388943984,247.75978815570548,247.75978815570548,8984032
2015-10-28,251.36695861816406,254.1938474915127,249.9082950020508,249.9082950020508,7694760
2015-10-29,249.56898498535156,252.04532776881297,248.76613777092354,251.02764811429557,6702368
2015-10-30,248.67568969726562,251.47996824573212,246.60640206318638,249.21845773992516,8097460
2015-11-02,244.9441375732422,247.83888135661667,243.4515465250083,247.64665853180944,3156552
2015-11-03,245.3512725830078,246.95693947038657,244.06219507142572,246.71946983221054,2548592
2015-11-04,244.6275634765625,248.3364459712154,243.84735344847238,246.5159467035626,2696444
2015-11-05,244.20921325683594,244.92159460729215,241.86855533933422,243.90391485130618,3596952
2015-11-06,244.4466552734375,246.278473105852,243.16889642522253,244.40140850337755,5881004
2015-11-09,240.80564880371094,241.9024758736751,237.68475327479277,239.2678106229598,11429432
2015-11-10,238.49888610839844,240.85086249344997,238.01265584125392,239.73142586523724,4402580
2015-11-13,237.92221069335938,238.5893452132729,235.42323067963707,237.32290492108416,3940028
2015-11-16,239.9349365234375,240.8508592843742,236.38437621313815,237.17590485867365,4734732
2015-11-17,239.90103149414062,240.57948460627753,237.7299594502403,240.46640908758806,2567404
2015-11-18,237.14195251464844,241.04305758437906,236.621821735813,240.10452533619326,2446720
2015-11-19,241.73281860351562,242.1964116073313,237.36809309519168,238.58931406284455,3277680
2015-11-20,242.17385864257812,244.29968414156303,239.72012514700933,240.82827086942675,4648160
2015-11-23,241.0883331298828,243.22544946761062,239.50527581117217,242.8862228993155,3408280
2015-11-24,240.703857421875,242.77314498939404,240.19501757443567,240.90739888211644,4002252
2015-11-26,240.6133575439453,241.3031291712665,237.70732256863033,239.49392108001052,8791484
2015-11-27,244.10743713378906,244.74064347949297,239.9349338984608,240.81692847224525,6925072
2015-11-30,243.73426818847656,244.4692590227262,241.91374138726613,244.0621761335343,5247776
2015-12-01,244.92153930664062,245.35123173896972,242.77310475131924,243.57595186452156,1895332
2015-12-02,243.74560546875,247.11523392826936,242.39999019755263,246.5046371539973,2562284
2015-12-03,243.50808715820312,244.46922889994667,241.37097126909077,242.54694541645958,3807712
2015-12-04,239.4713134765625,242.79572232915285,238.8154700168044,242.79572232915285,5859828
2015-12-07,240.16111755371094,242.230405363838,239.9688946656296,241.5745617400912,5814808
2015-12-08,237.2889862060547,240.1498024735741,236.7801463500017,239.9462610098871,4902660
2015-12-09,236.88192749023438,239.04168125364916,236.29394022885222,236.80278013691344,3890616
2015-12-10,239.8557586669922,240.44374577903804,235.71721169633005,236.32780838839213,6514340
2015-12-11,236.63311767578125,239.85576975735808,235.64936624582828,239.72008466466218,3033920
2015-12-14,238.60064697265625,239.68615531522966,235.2196726275656,235.42321406877497,5878016
2015-12-15,239.595703125,240.27415623038732,236.39568806298516,238.13703999094827,4557416
2015-12-16,241.37106323242188,242.73926072816346,239.57314554905875,240.39860252773488,6842768
2015-12-17,244.29965209960938,245.14771846885125,240.8508488646924,242.86359856895854,4878012
2015-12-18,242.6601104736328,245.3739234519027,241.6424306067816,245.3739234519027,3172128
2015-12-21,243.20281982421875,244.22049944516283,241.76676632481846,242.37736305485433,3097500
2015-12-22,241.1787567138672,243.45158562498239,240.62469772873317,242.9992835615825,2429536
2015-12-23,242.9088134765625,243.77948941246282,241.78937693130874,242.56958693480962,3013968
2015-12-24,242.88621520996094,243.4289832233158,241.59716533378003,243.38373645184495,2146352
2015-12-28,243.6212615966797,244.22056750618623,241.47282624261288,242.88627055449894,7755428
2015-12-29,243.77947998046875,244.20917243799593,242.27559778861198,244.00563099955406,4231612
2015-12-30,242.9540557861328,244.68408903225364,242.558291494686,244.2431055786005,2112560
2015-12-31,244.72935485839844,245.35127022195906,243.1123693918752,243.1123693918752,9290008
2016-01-01,246.22195434570312,246.5611809188545,243.37245665249745,244.78590070729481,3195076
2016-01-04,242.09469604492188,245.1477351823403,241.55192801033724,245.1477351823403,5187536
2016-01-05,240.26287841796875,243.06715692861624,240.0254087755298,242.02684002491142,3160872
2016-01-06,241.3257293701172,243.50809206662493,238.9624624353109,238.9624624353109,4165536
2016-01-07,238.8607177734375,240.8282483882654,237.39073601117298,239.74271235206186,6055428
2016-01-08,240.25157165527344,240.73780195267693,239.0982067773299,240.16110571053994,3488356
2016-01-11,239.40345764160156,239.94622559588268,236.3956657224321,237.92218506529,3288912
2016-01-12,236.76878356933594,240.60205966670026,235.98857364485565,240.60205966670026,4258736
2016-01-13,239.75399780273438,240.34198490509053,234.5185964211516,237.9108615574267,4515148
2016-01-14,237.40200805664062,239.13206869734628,235.08396034758556,237.49247397630734,6279184
2016-01-15,235.68331909179688,238.69111145232714,234.76739630915048,237.00629719514137,5417260
2016-01-18,231.99700927734375,235.5249595301767,230.90018239448207,234.21330022924275,6495388
2016-01-19,234.2472381591797,234.6430024451945,232.09880346367072,232.30231729713202,6405212
2016-01-20,230.2895965576172,250.57534719102517,227.93763407165744,231.8048112552354,9563588
2016-01-21,231.35252380371094,233.6705720627413,229.18147924822642,230.90022170438795,6300804
2016-01-22,233.00341796875,236.15821380443018,231.13765816234346,231.96310114248624,4236284
2016-01-25,235.45716857910156,236.71229032867973,233.62535061598138,235.18577075835807,10143884
2016-01-27,234.2133331298828,237.16458767629905,233.6140273448573,237.108049915567,4039468
2016-01-28,233.32000732421875,236.75751955456008,232.93556161457016,234.97092089081397,9951972
2016-01-29,237.42466735839844,238.57803215830842,234.11154905179475,234.11154905179475,5360184
2016-02-01,239.66357421875,241.3031693242805,238.29534932953425,239.2678098829323,4609484
2016-02-02,238.31797790527344,240.90739628063776,237.50381207309957,240.8508585204217,6528628
2016-02-03,236.0677490234375,237.77520035606034,235.64937513587245,236.2147527153731,4850244
2016-02-04,237.2776641845703,238.56674169841938,236.45223495951223,237.00629397445923,5675992
2016-02-05,238.64585876464844,240.5794609869347,236.46349594693345,238.09179981999688,7523904
2016-02-08,234.25851440429688,239.26776471616958,233.00339288285997,238.58931169712562,3481924
2016-02-09,232.04229736328125,233.2861281461516,230.8210761642881,232.18927346164776,5535460
2016-02-10,229.07968139648438,232.96948175081525,228.4351426993517,231.55603785775628,7682280
2016-02-11,220.5651092529297,229.09100632599083,218.95944237052854,228.4125531976809,8803600
2016-02-12,219.6831512451172,223.08672203106008,218.46192996627548,221.40189382710525,12542144
2016-02-15,220.1806182861328,223.49373611099097,219.61524075992236,221.62799027449648,10912960
2016-02-16,220.146728515625,222.08031711069123,217.55729639560587,221.9672415928141,7136096
2016-02-17,220.4746856689453,221.6054410292268,216.87887810198387,220.9269878130579,7503924
2016-02-18,223.76516723632812,224.1722363803454,220.94958380186375,222.98494332511532,6799856
2016-02-19,223.73121643066406,224.47751208641793,220.15803283405182,223.60683612189905,3328660
2016-02-22,223.6068572998047,225.24645246078936,222.30648872385134,222.30648872385134,4002396
2016-02-23,219.37779235839844,222.87182834885317,218.46188349567953,222.73614325925138,6078320
2016-02-24,214.7530059814453,217.76082563074283,214.0293337501671,217.10498214258854,6463468
2016-02-25,213.18128967285156,216.4830894330934,212.17491475449887,215.74809853138794,8463196
2016-02-26,217.33114624023438,219.59265660693816,213.71272965350832,214.8434848368602,6209388
2016-02-29,219.7848663330078,222.21598983193607,209.86814948887726,217.35374283407955,8812752
2016-03-01,222.56655883789062,223.15454603991216,219.78488991211512,220.48596644101028,4322560
2016-03-02,227.77931213378906,228.61607367587587,225.02026690457774,225.69871997062168,6358976
2016-03-03,229.73550415039062,230.6740363883337,228.41252622766376,228.582139489714,4610400
2016-03-04,230.79844665527344,231.78221198480247,224.59059769752466,229.6450818448346,5704624
2016-03-08,229.35107421875,231.57865635874793,228.299466400543,231.57865635874793,1913688
2016-03-09,231.7595977783203,232.9129625657515,227.6775604471659,229.09100445292182,6528172
2016-03-10,230.95672607421875,231.97440565055558,228.435136713808,231.75957322697016,2671392
2016-03-11,232.64157104492188,233.11651032876375,229.09101064896507,230.65145839478944,4730856
2016-03-14,232.3815155029297,234.7334642673517,231.861357060993,232.48327242984715,3008656
2016-03-15,232.1892547607422,233.7044832470884,231.04720860679578,232.46065256439823,7690036
2016-03-16,233.03732299804688,233.89670797366946,230.43659989843357,232.25711296974478,4803548
2016-03-17,230.3122100830078,234.97091569093723,228.6726151467621,234.054992994366,5113484
2016-03-18,232.57373046875,233.387868675422,229.62244841244546,231.34120456443407,4135068
2016-03-21,236.46351623535156,236.85928054586617,233.44440544497698,233.61401872091182,5318796
2016-03-22,238.3292694091797,238.95118477290197,235.35537769411476,236.66706477649672,4120264
2016-03-23,237.31161499023438,238.14839049613303,235.3215021782279,238.14839049613303,8464300
2016-03-28,236.89321899414062,238.1370497382626,235.57024090574933,236.3278413831761,11270868
2016-03-29,238.31797790527344,239.60702779566836,236.15822442248862,236.8932153052974,6733952
2016-03-30,240.8395233154297,241.95898745429653,238.34057105002648,239.26778473235544,7814380
2016-03-31,242.24169921875,243.99436983085428,240.86218335500467,241.26923867530894,20080392
2016-04-01,240.72647094726562,243.42899252283254,238.99643752270228,241.71025008682233,5158648
2016-04-04,241.7667694091797,242.61483577078573,240.6246956663528,240.89606585953598,6179960
2016-04-05,239.14340209960938,243.54205631588565,238.736346798395,241.75545760929418,6663028
2016-04-06,240.05934143066406,241.29185362015966,238.98512393486033,239.94626590478998,4295376
2016-04-07,238.70240783691406,240.79430482648436,236.7914427105939,240.62469155705975,3911692
2016-04-08,239.57308959960938,240.4776937252369,238.41972486069974,238.5893381342549,2962796
2016-04-11,242.1964569091797,242.90883824075223,235.8416179004086,239.78797030225417,4049620
2016-04-12,240.3985595703125,242.20776792079462,239.550493156024,241.89115093819456,4941480
2016-04-13,244.63890075683594,245.3625730814609,241.8685503669388,242.43392799753005,4974604
2016-04-18,246.007080078125,246.9569032789759,242.34341714700486,245.03461969118166,4117068
2016-04-20,248.2799072265625,248.76613747106688,245.04596400323507,246.93431961640906,3821352
2016-04-21,246.7647247314453,249.93083944431018,246.27849445070373,247.63540075621725,8191728
2016-04-22,246.99085998535156,248.95836295997705,245.41909371819423,246.39155421748086,7809320
2016-04-25,247.2396240234375,248.76614354061854,245.26080242709165,248.76614354061854,5561960
2016-04-26,251.8983612060547,252.15844045514467,247.07004143250722,247.63541910168917,7053796
2016-04-27,254.239013671875,254.41994556458664,250.8015285610014,250.99375144305068,5763636
2016-04-28,251.92086791992188,257.0658026085486,251.10672993001862,254.23891541699547,8089584
2016-04-29,256.08209228515625,256.9075489981847,250.16823781468136,251.88700758670075,5611940
2016-05-02,252.7576904296875,255.5506499767524,252.38453572925283,255.04181018697568,3862716
2016-05-03,252.83685302734375,256.68142055995986,251.7400260466569,253.71884757079758,4695296
2016-05-04,254.95138549804688,256.5683710572674,251.98881220851496,252.72380313485795,5292328
2016-05-05,256.07086181640625,256.62492088285194,253.89978950840643,255.09840119485085,5214248
2016-05-06,253.2100067138672,256.0595041757008,252.66723871963057,256.0029664180996,2733152
2016-05-09,258.1287841796875,258.9316037506714,253.06299572347515,253.2891467473567,6953180
2016-05-10,258.9203186035156,259.50830575760517,256.9301785059375,258.60370164167455,5453000
2016-05-11,257.54083251953125,258.94295801823336,255.48283583362368,256.61359110881244,6147372
2016-05-12,259.8701171875,260.5259606304909,256.1160159844019,258.71675257055693,4221688
2016-05-13,258.0157775878906,259.62144476508394,255.55072524786135,259.62144476508394,5045316
2016-05-16,262.9684753417969,263.66953813780583,256.1274054716105,258.94297525168344,4518768
2016-05-17,260.8539733886719,264.4271717856756,260.36777061221414,263.4773482149963,4295424
2016-05-18,257.9591064453125,260.2997634362688,255.8898195726656,260.2997634362688,4162644
2016-05-19,257.65386962890625,258.42276101632314,256.00295613076236,257.83477388216426,3855796
2016-05-20,258.0157775878906,259.734520307229,256.36486363003917,257.80091749401487,2016632
2016-05-23,257.0771789550781,260.0623614574844,256.2743317697804,258.2531532484318,3463532
2016-05-24,257.8008728027344,258.6376482333481,256.80583028942095,257.450355246649,3259468
2016-05-25,265.34307861328125,265.942356902426,259.2369993288611,259.2369993288611,5767348
2016-05-26,267.5932312011719,268.8709901610912,263.74866333265726,265.97624566461894,13705560
2016-05-27,268.39605712890625,269.11972939230424,266.11190960950637,267.59320991886045,5775184
2016-05-30,266.80169677734375,270.25050023218967,266.42854202981596,268.44129186243447,3814532
2016-05-31,267.2879333496094,268.1925375558141,266.27025361762907,268.1925375558141,5515640
2016-06-01,265.76141357421875,267.5253752113427,264.82288118964203,267.5253752113427,5675632
2016-06-02,265.7161560058594,266.9939149156296,264.82287043164865,265.6596182453061,7910616
2016-06-03,264.9924621582031,267.98896322378556,264.3818654364262,266.88081768581435,4524420
2016-06-06,264.8454895019531,267.40100741303786,264.6080474629206,265.95363516975965,5547308
2016-06-07,265.4334411621094,266.8582036308041,264.06524405474687,266.16843197719425,5628504
2016-06-08,262.92315673828125,266.4058877874981,262.5613206462524,265.908366611749,4742812
2016-06-09,262.19952392578125,263.2850323648665,260.63907621287234,262.9005866355437,4648184
2016-06-10,262.6404724121094,265.2072808784828,261.4757891783918,261.9733379688654,6322312
2016-06-13,260.72955322265625,263.4546568338969,260.3111792979619,261.1479271473506,3323236
2016-06-14,260.4920654296875,261.65674878695376,258.77332307646657,261.20444671472046,3828768
2016-06-15,264.4949035644531,264.8002018821905,260.7973127625953,261.20439559045997,3045824
2016-06-16,262.8214111328125,264.33661191112935,261.28357316763163,263.8164811334398,4727768
2016-06-17,264.5967102050781,266.4059184799846,263.59034914469237,263.91825710198816,3761652
2016-06-20,265.06036376953125,266.6886403765312,262.06386219226687,262.1090813622215,2742764
2016-06-21,263.83917236328125,265.8292853740831,262.6066323697556,265.72752842700635,2670968
2016-06-22,264.9359436035156,265.7274722442432,263.6921128823724,263.6921128823724,3803840
2016-06-23,269.1423645019531,269.5381288474204,264.03135619032713,264.55151465833035,3926732
2016-06-24,262.7649230957031,265.0264337039692,259.3952667681205,262.3013023784763,11173964
2016-06-27,262.3238220214844,264.3704994627622,260.76340232185953,262.78744257975166,4163788
2016-06-28,263.90692138671875,265.29775567908797,260.0736726454744,262.61787161700624,4034980
2016-06-29,266.3808288574219,266.65442637038365,264.41994462718964,265.6283939474108,5420668
2016-06-30,268.23907470703125,269.04851144666685,264.97858825958565,266.9964465288533,16278892
2016-07-01,267.79449462890625,270.1885705706717,267.17888623418935,269.04853440792624,4304876
2016-07-04,267.4068603515625,268.93449748729597,267.08764469894203,268.6380769885247,7249852
2016-07-05,265.7652282714844,267.74890792112257,264.94440778983716,267.40689706769336,2136328
2016-07-07,270.3367919921875,271.0436088756693,264.6936127537666,266.2896634474614,4832616
2016-07-08,267.874267578125,270.32534510828253,267.0534471811197,270.2113415022287,3118868
2016-07-11,273.5516662597656,274.04188735663246,269.28794231557504,270.4165669381805,5102532
2016-07-12,274.098876953125,275.865932855671,272.5940349123778,275.865932855671,7046032
2016-07-13,273.0956115722656,274.05323063622455,272.0809907108589,273.5630374445009,6687072
2016-07-14,273.6884460449219,274.09887015171955,271.83018173661117,273.8366562964272,3459668
2016-07-15,279.01239013671875,279.5368178122709,272.49139000229655,274.47506927542446,5774216
2016-07-18,279.867431640625,282.38692238000573,278.7730137602955,279.3088251235422,4438484
2016-07-19,277.7926330566406,280.6199285800738,276.7666004110097,280.22091588455066,2586004
2016-07-20,280.9504699707031,282.38692651123193,278.5678057853029,278.8528147947006,4690332
2016-07-21,280.1296691894531,282.7061619478366,278.7388306928648,280.60847879215885,9112904
2016-07-22,280.63128662109375,281.50910881745307,278.5108084242001,281.2126883097887,5620272
2016-07-25,284.3135986328125,284.88361669641967,279.7648656183927,281.13290897104986,9872884
2016-07-26,282.455322265625,284.0171659735486,281.62309044328475,283.2761425951336,5665992
2016-07-27,282.0334777832031,284.45037622278954,280.44883897257836,282.95691802030063,10734736
2016-07-28,284.6556091308594,285.29404049450187,281.71433819249137,282.27294476099365,10646528
2016-07-29,284.1425476074219,285.00898605820237,281.5888782255039,284.55297168050924,3395676
2016-08-01,283.2533264160156,287.04962363730107,279.9130157146891,284.7809633649546,5560864
2016-08-02,283.4813537597656,286.4796260768371,282.82012733448744,284.32496923942136,5329396
2016-08-03,282.8315124511719,284.9975807925409,280.67685560265807,282.9797226937422,4733876
2016-08-04,282.9569396972656,284.2565696247576,281.2696808238666,284.2337744709774,4662880
2016-08-05,284.8380126953125,286.2972644345985,283.12795858667545,284.41620491509775,5784912
2016-08-08,284.9178161621094,286.1490607150355,283.766396402406,285.67025112026215,4728776
2016-08-09,284.3705749511719,285.67023271945646,282.2045065036084,285.67023271945646,4210856
2016-08-10,279.7420349121094,285.2255912873981,278.11177789078744,283.86895960158256,3619720
2016-08-11,280.0498352050781,281.58888376004194,278.62479024677833,279.7192359079163,2856072
2016-08-12,280.1524963378906,281.58895314296046,278.03204561721157,280.6883356405685,4641496
2016-08-16,279.8332824707031,282.37554080032555,276.7551848881587,281.1329125390564,3468568
2016-08-17,281.56610107421875,282.1589142365376,279.5368313971678,281.22409026908355,5511036
2016-08-18,285.5790100097656,286.1262328410369,281.4862920174401,282.27290570226734,6111656
2016-08-19,284.3478088378906,285.0090353665237,283.05956243145124,285.0090353665237,4110636
2016-08-22,285.077392578125,286.0236001230411,282.95691463904467,283.8803548651073,5501292
2016-08-23,285.3396301269531,285.9210596829186,284.108413380295,285.237038009036,5314524
2016-08-24,287.699462890625,288.2466578411467,284.336357078751,285.4763929471829,5570936
2016-08-25,286.95849609375,288.83955564714466,285.9894654147285,288.20112430191847,8729888
2016-08-26,286.6279296875,287.72237570191754,285.89831756650057,287.28915632817234,2521136
2016-08-29,282.29571533203125,286.2630462710679,281.8624960753535,286.2630462710679,2944184
2016-08-30,289.2613525390625,289.68316031098897,283.6295577521993,283.8917716102869,9867608
2016-08-31,294.4029235839844,295.2693621892109,288.5431489192636,289.3411742224777,11161364
2016-09-01,292.6928405761719,294.1292971138458,290.800397457279,293.6732826997158,5224676
2016-09-02,293.0120544433594,293.90128811206495,292.11143711411665,293.1032628922106,3955188
2016-09-06,296.5005798339844,297.2986050646333,294.1407107899333,294.1407107899333,5508884
2016-09-07,293.3882751464844,297.5494066960654,292.55604326998593,296.6373778632805,4016444
2016-09-08,293.99249267578125,295.3263292447574,292.6700397671918,294.12929143079486,2905380
2016-09-09,294.2204895019531,295.155313433306,291.46160801365437,294.12928105752394,4013768
2016-09-12,291.8264465332031,292.8524790235147,289.911180318039,290.64079228909554,3985728
2016-09-14,289.44378662109375,291.16525245751313,288.52037397671404,290.7092379665852,3849508
2016-09-15,291.7580261230469,292.7384682786135,289.5349557815543,290.02517685933765,3501812
2016-09-16,295.919189453125,297.43544315846134,292.7157044461845,292.7157044461845,6525816
2016-09-19,294.1635437011719,296.97942752416543,293.6733225728408,295.7253877150423,5894832
2016-09-20,293.77587890625,295.26933726651544,292.7726694475037,294.7335258890234,3778248
2016-09-21,294.81329345703125,295.9533293946068,293.6504623672859,294.58528626951613,4256400
2016-09-22,297.9826354980469,300.27409131403243,296.53479524623094,297.54941622202244,6555800
2016-09-23,299.3050537109375,300.61609516965126,296.7513840897378,297.78882802936283,4876808
2016-09-26,295.53155517578125,298.43864714624556,294.9729208032783,297.8002158156455,5576772
2016-09-27,295.96478271484375,297.81163562814385,295.2351429119327,296.1813784404304,4056812
2016-09-28,295.3263854980469,296.4094199169743,293.9013402099845,296.3866247589484,4989652
2016-09-29,291.2792053222656,297.7774106856195,289.1017253743634,295.9419415463148,16450012
2016-09-30,290.2189636230469,292.0772278995284,288.976335496217,291.18799423863857,4138428
2016-10-03,293.4908752441406,294.1065114227712,291.0284140283541,292.07724164801755,3900548
2016-10-04,294.0267333984375,295.2693616637798,292.3736809875785,293.8101098310595,2775512
2016-10-05,293.24005126953125,296.42076837582704,291.0283925859544,295.9533424875787,3647020
2016-10-06,292.2938232421875,295.40612713493175,291.63262461870863,293.4680659061861,2895712
2016-10-07,291.9859924316406,293.6162493535926,290.99416675404586,292.7612224189578,3337464
2016-10-10,292.841064453125,293.65050120903294,291.5642296007326,292.9892747111956,4719312
2016-10-13,287.9161376953125,291.6212552859273,286.4796809731699,291.6212552859273,4519356
2016-10-14,287.699462890625,289.1130962343177,285.92099580270855,288.6000800935234,4067116
2016-10-17,282.2044982910156,288.7483215840184,281.07587379224157,288.54310953890223,5135360
2016-10-18,286.7988586425781,287.2890797023031,282.5009283739314,283.4585475064414,2610968
2016-10-19,286.9128723144531,287.97311142666814,284.55300321494997,287.5398921532681,3044904
2016-10-20,286.2630615234375,288.9877366389425,285.2370290448589,287.34609580638164,3200356
2016-10-21,289.728759765625,290.24177600432984,285.0090215027051,286.37706480591805,3956408
2016-10-24,288.0984802246094,291.1309589852078,287.5284622809359,289.9681279466954,3255664
2016-10-25,285.077392578125,289.1131085917072,283.65234768167534,289.1131085917072,5501796
2016-10-26,282.5693664550781,288.42914103301837,281.60033574409766,283.49277902108804,5366540
2016-10-27,285.48785400390625,286.60509502444285,279.11506290482606,282.50096478542935,11623860
2016-10-28,287.072509765625,287.72232479481096,282.75175612208193,286.03506575149567,5320536
2016-11-01,287.2434997558594,288.1669122741801,284.3364077730531,286.37706120821116,3402416
2016-11-02,284.13116455078125,286.3086165091422,283.0709255538127,285.2597890048037,6474432
2016-11-03,286.13763427734375,287.28908180982535,280.84787818988286,283.8689736930417,6315812
2016-11-04,283.57257080078125,285.647458786818,283.12796785115216,285.647458786818,5734920
2016-11-07,284.8836364746094,286.11488114406325,282.72897917775146,285.46506607302,5671392
2016-11-08,285.98944091796875,286.8330564213381,282.7517219915272,285.2598011812209,5348164
2016-11-09,285.29400634765625,286.69625618120176,272.54839841956857,273.6086374562937,13645468
2016-11-10,291.5185852050781,292.5332060023208,285.9437930674876,288.14406787640917,10700736
2016-11-11,290.8915710449219,292.3052044261442,288.5658811118335,290.4811469882276,7139320
2016-11-15,286.0920715332031,293.9013191522605,285.15724745779653,291.27923601009525,12512524
2016-11-16,283.7208251953125,289.11320239971394,282.7404106881868,289.11320239971394,8647744
2016-11-17,280.49444580078125,284.7581971328349,279.3430261426047,282.3413263837773,4815624
2016-11-18,276.20794677734375,281.8169187192513,275.7063142028535,281.8169187192513,6879900
2016-11-21,273.3122253417969,278.0547863362102,270.9523563379979,278.0547863362102,5552520
2016-11-22,273.1640625,275.15912568555973,271.180382975753,275.15912568555973,10017784
2016-11-23,270.1315612792969,274.29269315804527,269.29932933696455,274.29269315804527,3532692
2016-11-24,265.7424011230469,270.4849621861636,264.6935735320435,269.9605344742063,15285996
2016-11-25,271.1689758300781,272.0581816494456,264.0323392912019,266.54041850726685,5969960
2016-11-28,270.0631103515625,273.35783101133546,268.61527023328813,269.105491267971,4130180
2016-11-29,268.7634582519531,272.0011490124723,268.25044210682745,270.12008981367813,3932644
2016-11-30,273.5174560546875,274.0646789502889,269.29932247683365,270.1885562030718,6442840
2016-12-01,272.9816589355469,275.4099415266973,272.0126281980434,274.133106592099,4476984
2016-12-02,271.1233215332031,274.05320811466004,268.2960270455577,271.1005263826791,4062672
2016-12-05,272.77642822265625,273.3692414196898,268.2504905362472,270.7813650758716,4551936
2016-12-06,272.3431701660156,274.25843608080197,271.3741396326978,272.4685852505495,2702964
2016-12-07,269.4133605957031,274.9539478948679,266.08446031769483,274.0305074007017,5628192
2016-12-08,273.4945983886719,274.87405289011406,270.64450878478823,270.64450878478823,4309696
2016-12-09,273.2210693359375,274.13309823755736,270.872583781101,273.4034584165135,4387952
2016-12-12,270.0631103515625,271.81878244869296,269.2992918166848,271.7845758029412,3425272
2016-12-13,270.47357177734375,271.40839583713586,268.717927270732,269.1055284216733,2526868
2016-12-14,268.0681457519531,270.87264640599113,267.54374571203005,270.6446391278716,4314144
2016-12-15,268.2732849121094,272.3546196471166,265.30919110263886,265.4459898657243,4941488
2016-12-16,269.57293701171875,270.1885453489695,267.1218594906205,268.2732792077616,3255828
2016-12-19,268.3074645996094,268.93448438091286,266.88241964210135,268.3188760924332,3160436
2016-12-20,269.4817810058594,270.1885979317557,267.15609029859536,268.1365326310082,4189992
2016-12-21,269.04852294921875,270.18855906341037,267.90848683502713,269.96055184057207,2658876
2016-12-22,267.4752197265625,268.93447125842937,266.40359710396933,268.2276545605759,2805716
2016-12-23,270.47357177734375,271.157593455179,266.60886043074004,266.9964615816814,4752516
2016-12-26,267.90850830078125,270.43938311048646,266.79126725277365,268.7179451398773,4183864
2016-12-27,270.234130859375,270.621759811389,267.65766611757954,268.88891060312875,4899296
2016-12-28,270.58758544921875,272.45723363830587,269.2765438512975,271.305813804228,6507840
2016-12-29,274.7943115234375,275.4213314266118,269.3791396323868,270.1885764587413,8100816
2016-12-30,275.02227783203125,276.34473074599316,273.59723280962,273.6086443029635,4066540
2017-01-02,272.94744873046875,275.91154271247666,271.79602892182163,275.7633324467935,3708656
2017-01-03,271.3057861328125,274.05325632761395,270.35955063989195,273.7910703011024,3847500
2017-01-04,270.30255126953125,271.784598155446,269.9149501402259,271.2943770804457,6967120
2017-01-05,270.4621887207031,272.354660028197,269.7553718125376,271.1006201536427,6776384
2017-01-06,272.16082763671875,273.2438619473066,270.918171570086,271.3513908609037,5525260
2017-01-09,272.51422119140625,274.55490253247336,271.818815862548,273.34645312009116,4573796
2017-01-10,276.88055419921875,277.4391885721459,272.5370334809739,272.74221770683306,5546116
2017-01-11,281.3609619140625,282.2957861236926,277.14282755797643,277.59884208295875,9343404
2017-01-12,281.5889587402344,283.57261071722155,279.42288982684795,281.5889587402344,2916316
2017-01-13,281.01885986328125,282.6605004875341,280.12962626143235,282.50090658872654,3850412
2017-01-16,284.4731750488281,284.8835712894652,281.08727385725547,281.24686775646285,3765864
2017-01-17,282.3869323730469,285.5562381899202,281.8739161454818,284.3249936771816,3559612
2017-01-18,283.3217468261719,286.3770489339281,282.9227342181827,282.9341457115753,4612888
2017-01-19,281.88531494140625,283.84617131185473,281.5888944456677,283.84617131185473,3512412
2017-01-20,281.896728515625,283.86899658862666,280.4488881959926,281.81693155304623,13942068
2017-01-23,283.7891540527344,285.0089869502999,281.77129599170803,281.8168862964565,4793848
2017-01-24,289.01055908203125,289.91117645614264,284.8380158771814,285.0090212899554,10261864
2017-01-25,294.26611328125,295.40614938402325,289.59196525987966,290.1619833112663,15636984
2017-01-27,294.5625,296.40935270798326,293.6732663752942,296.1813455135925,6852236
2017-01-30,292.9778747558594,294.80193256909115,291.9746652249126,294.80193256909115,5319628
2017-01-31,293.36541748046875,294.74484409637404,291.1651428236386,292.3963870521207,6101040
2017-02-01,297.7090148925781,298.6894570680275,291.9632441035185,293.2628741194281,10910664
2017-02-02,296.1129455566406,297.7089959892491,294.7221071748068,297.7089959892491,5971636
2017-02-03,298.9288330078125,300.0574574478763,295.6113173109207,296.18133527719704,8005104
2017-02-06,299.624267578125,300.96951567689945,299.0200429081005,299.2138713019487,4310220
2017-02-07,298.0396423339844,300.51351509729994,297.08199531298595,300.05750065860906,3411920
2017-02-08,297.6976318359375,300.6731093519561,295.98757768894546,298.130851119758,4940960
2017-02-09,295.8735656738281,300.9467261657838,294.7107344534903,298.5526504280069,4465376
2017-02-10,297.230224609375,298.40446743079536,295.9533896658433,296.0331866311426,3296736
2017-02-13,298.7350769042969,299.82952279748423,296.2269972459149,298.1308799802007,2795792
2017-02-14,298.94024658203125,299.60147305566176,297.3214009623919,299.60147305566176,2446060
2017-02-15,301.47113037109375,301.88155449375165,298.10802392941486,299.14546789713154,6126940
2017-02-16,302.7707824707031,303.93361368566383,301.0265217318062,301.6535415649912,5043700
2017-02-17,313.97735595703125,331.52250054384467,310.19241380828845,329.470435547356,402259960
2017-02-20,321.28497314453125,322.73281344752183,309.8960234611326,310.3634215696722,10566716
2017-02-21,322.755615234375,324.1806602879814,318.6172788321197,320.5895467528932,6260028
2017-02-22,319.0163269042969,323.4966746173873,318.03588466527964,322.63023599532954,5296776
2017-02-23,317.9104919433594,324.07807081552227,316.2574395257492,320.0765606285038,34494980
2017-02-27,317.7508239746094,318.8338581596845,314.3307160217406,317.1352156762569,4681376
2017-02-28,316.95281982421875,318.35506974455507,315.67598500364295,317.5912511509625,2928008
2017-03-01,317.3062744140625,318.4121039381348,316.10923642933267,318.40069244320966,3481736
2017-03-02,314.6727600097656,318.2980803887994,313.79493777584895,317.9674810516466,4601988
2017-03-03,313.9659118652344,315.6759658514285,312.1418542799607,315.6759658514285,2492824
2017-03-06,314.82098388671875,316.90725561485397,313.07672300473973,313.92036645833986,3679124
2017-03-07,316.0635681152344,316.3599886070933,313.78349612527336,315.1629508123638,3112876
2017-03-08,317.4316711425781,319.0277218363938,314.88941266090393,316.4512567018405,3782144
2017-03-09,317.8876647949219,318.91369731656613,315.0261907954177,315.0261907954177,3509316
2017-03-10,319.23291015625,321.03417280033455,317.6482710756637,318.07007887533143,5860704
2017-03-14,321.6497802734375,324.71649414084595,320.72636771452176,324.24906819773986,7155020
2017-03-15,322.9950256347656,323.770255757387,321.615598639209,321.7067792618244,4271860
2017-03-16,323.166015625,324.4200552881416,322.3224000756876,323.33702103361026,4980108
2017-03-17,325.1040344238281,325.4802518401724,322.1399410620612,323.43959869734994,3390464
2017-03-20,327.441162109375,328.2961891818524,325.12688326662027,325.2865050198969,8142344
2017-03-21,328.5469665527344,329.4704068538974,326.9623276321722,326.9623276321722,5557280
2017-03-22,326.25555419921875,327.64639274938696,325.0927228813048,325.52591435625664,5636544
2017-03-23,326.25555419921875,327.1903782848784,324.4314963411846,327.0535795121087,4922472
2017-03-24,324.7620544433594,327.06492163003344,324.22624308220367,326.73432231842327,3810364
2017-03-27,321.4559631347656,324.682270759811,320.1335380013617,324.682270759811,5864084
2017-03-28,323.8158874511719,324.8419200829347,322.19704153208494,323.3826959396496,8061400
2017-03-29,325.7310485839844,327.1447097858523,323.77019242181404,323.9526092971865,8575772
2017-03-30,334.3041687011719,337.43926791868796,324.9216940365351,325.59430419003735,34321092
2017-03-31,328.911865234375,331.5225370788932,327.5438217526189,331.4769467626677,9651392
2017-04-03,326.77996826171875,330.6332962199942,325.1383272516786,329.69847209391816,4149052
2017-04-05,326.5860900878906,329.8123973639084,325.49167228549493,327.24731649951576,5744080
2017-04-06,327.9883728027344,329.01440525154374,324.9216869500131,326.39232232680865,6124416
2017-04-07,328.0682067871094,329.4704568586617,325.73113261216037,326.2897670415311,4648360
2017-04-10,326.99658203125,329.01444049682016,326.6545711783427,329.01444049682016,3393876
2017-04-11,328.2164001464844,328.6040012955345,326.39234234782384,326.9623604099053,4356260
2017-04-12,329.1739807128906,330.5990257007952,327.30433282192377,328.10235801515034,3565092
2017-04-13,328.3987731933594,330.3596294984137,327.6577498116364,329.0143814850116,4804236
2017-04-17,327.60076904296875,329.1968195060594,325.65129627274354,328.39879427451405,7137056
2017-04-18,329.994873046875,331.7505175737217,327.8743946879806,328.3304091451266,3638860
2017-04-19,330.3824768066406,332.14953284201084,327.87439727256674,329.9264623458999,4338144
2017-04-20,333.3807373046875,334.26997096262727,331.28305433814876,331.2944658314586,5781372
2017-04-21,341.235595703125,341.7828185910006,331.3628998978755,334.25858042322005,17258032
2017-04-24,349.5464782714844,350.9031100915649,341.32680689218495,341.5776092665386,20206952
2017-04-25,350.4584655761719,352.385115215295,348.7597952961262,350.0024511921987,9057780
2017-04-26,353.5594177246094,354.0952291499793,334.81720666804955,351.80374534910135,7795852
2017-04-27,357.6521301269531,358.87196322284683,352.5219675277535,352.5219675277535,16180420
2017-04-28,352.6131896972656,355.6684922195183,350.4699161170039,355.6684922195183,5437728
2017-05-02,351.2679443359375,353.6164300140832,348.93087015282646,352.7271962217312,4007040
2017-05-03,352.111572265625,354.3802330441788,350.9829197907,354.3802330441788,2507964
2017-05-04,349.94549560546875,351.7923485378604,347.1637907961549,350.960116610629,5131028
2017-05-05,349.3526306152344,351.79232442417543,348.0074103634091,351.6099075258376,2757896
2017-05-08,349.94549560546875,351.13112202720066,348.52045046737135,350.6751075830095,3747252
2017-05-09,350.162109375,352.4079750617746,349.45529251666835,349.9455136360145,3345836
2017-05-10,353.8215637207031,354.5511755855292,350.45845771434523,351.1310677824534,2342244
2017-05-11,352.5903625488281,355.6912551036623,351.3591180222715,353.6391901703719,3875744
2017-05-12,353.7873840332031,354.9844218554889,350.2646560278728,352.4763426087949,6147604
2017-05-15,354.1863708496094,355.0527814629036,351.6440851408197,353.41114084504494,2804780
2017-05-16,355.6114501953125,356.1472615715556,353.01216243800314,354.55121110356527,3590376
2017-05-17,355.04144287109375,356.92250240791566,353.7531965308091,355.4176603450406,3472472
2017-05-18,355.0299987792969,356.03323600673673,352.97793401845115,353.18314606111767,3107280
2017-05-19,355.97625732421875,357.9485252612443,352.3281419569249,355.577244705921,2854136
2017-05-22,359.33941650390625,360.2514454798045,356.39811749005133,356.85413197800045,2860052
2017-05-23,357.76605224609375,361.06077262016925,356.8312283964289,360.251336016842,3080172
2017-05-24,357.2303161621094,359.2139678664169,356.1472818542938,357.75474390747996,3467388
2017-05-25,368.72186279296875,371.5149510970984,357.31009087436036,357.31009087436036,20090804
2017-05-26,370.73974609375,372.1077894372694,365.06236065156196,366.32781187748265,5443156
2017-05-29,372.0849609375,375.75587134706336,368.83585828780605,369.3260793418859,5916340
2017-05-30,371.4351501464844,372.44977108023585,368.49385162187644,371.65174585906607,4434184
2017-05-31,373.0653381347656,374.6157980975473,370.08986112472763,370.5116688426746,5318912
2017-06-01,371.33251953125,373.8976005255707,369.49707827505995,373.7037999725818,3359540
2017-06-02,372.6207580566406,375.32263774811054,370.7852890055598,372.56375625794755,3213544
2017-06-05,372.91717529296875,373.69237748211094,370.51168827592136,372.49533971998875,2899900
2017-06-06,373.69232177734375,374.7981787638338,371.65166883927174,372.79170463325727,5002632
2017-06-07,374.1142578125,375.0490818481757,371.73156566309433,374.0230493578923,2554276
2017-06-08,375.014892578125,378.3552040734322,374.30807572975584,374.8210919986726,4248768
2017-06-09,380.0423889160156,380.7720007783557,373.95458034753875,373.95458034753875,5305272
2017-06-12,380.487060546875,382.14011294475654,378.4919973080524,379.4040262172285,3971412
2017-06-13,382.2996826171875,385.76540895193506,378.71998050893717,378.8909859185589,5051620
2017-06-14,381.045654296875,383.0407174685557,380.08803510763323,381.9120928645985,3858360
2017-06-15,379.4837951660156,382.04887628371426,377.03271765354805,380.31602705078456,3526692
2017-06-16,380.6010437011719,381.8436718899609,378.0587576869225,379.63201303726294,3755104
2017-06-19,385.9934387207031,386.70025555519425,380.4072616799589,381.0000749013736,3825532
2017-06-20,384.54559326171875,386.2442359406894,383.0179281671642,385.3322070482675,3660264
2017-06-21,387.3158264160156,387.8972559195516,382.9608943849117,383.6449159971137,3410932
2017-06-22,387.1562194824219,391.26034901757123,385.60575941375714,386.46078640024655,6675460
2017-06-23,382.7443542480469,388.23932309734766,381.95771258004913,388.0683176694675,5217468
2017-06-27,380.23626708984375,386.47225933614806,377.6369790710886,385.10421594026786,6000432
2017-06-28,379.9626770019531,381.9121501553156,377.9904365227083,379.6320776170749,4449036
2017-06-29,381.70703125,386.0335205370261,378.9642232486956,382.6136330305425,9187708
2017-06-30,379.1822509765625,381.00694168895564,377.10506337045433,379.5839149211141,4330432
2017-07-03,380.6856384277344,382.72839227191724,378.08056621884,379.3085047823781,3504332
2017-07-04,379.48065185546875,382.5447686561545,379.1708023844522,381.06436117359976,3766080
2017-07-05,378.4248046875,380.89216884239954,377.56409626137224,379.4232208582377,4014200
2017-07-06,380.5823059082031,381.6954831629252,379.021543477065,379.2969869743637,4571676
2017-07-07,382.65948486328125,383.2103438681048,380.5478913656192,381.20202417603656,5517396
2017-07-10,384.7596435546875,401.20491945514704,381.24796970884205,382.84313824438516,1309252
2017-07-11,385.68914794921875,388.07618466466363,382.63649118554656,385.03501521924596,4410280
2017-07-12,385.88427734375,386.74498576905205,380.6741335497292,385.59737453531596,5738892
2017-07-13,386.4122619628906,388.65010428706785,385.51711942964823,387.43362494473104,4481004
2017-07-14,385.5859069824219,386.9860151736366,383.76121623438195,386.49253671426203,2443252
2017-07-17,386.13677978515625,387.353259005827,384.9088412618632,386.1827010492098,2399340
2017-07-18,386.4122619628906,387.3991909977106,384.989206956289,385.5285787334166,2322188
2017-07-19,388.4205322265625,389.31564662725043,386.0220077962478,386.745008519603,3987244
2017-07-20,392.6895446777344,393.6305801111654,387.4679145334026,388.78766720724474,3698476
2017-07-21,390.88787841796875,393.68803865615934,390.18782434949475,393.42408246552884,3873508
2017-07-24,398.2440490722656,399.36871369716727,389.0402124808612,392.4830462196299,19678176
2017-07-25,399.28839111328125,403.7296410838853,397.7735498543427,403.7296410838853,11160468
2017-07-26,401.1016540527344,402.8115837566962,397.6473326828924,399.8277942473873,3895344
2017-07-27,410.7645263671875,412.8646606914508,402.01973369115416,403.04109656128895,17961712
2017-07-28,408.205322265625,410.04150026850664,404.2116295057869,406.7134276382837,9255396
2017-07-31,409.5595703125,411.07441178754266,405.46260313527426,407.9873482662977,7369140
2017-08-01,412.4974060058594,415.24021390031106,406.75934934531796,408.9742448198579,8516860
2017-08-02,411.2236022949219,414.7467637213018,409.0201939905107,414.7467637213018,7397916
2017-08-03,408.5381774902344,411.3039322147812,407.26434562695744,410.3858430803732,4256784
2017-08-04,410.9022216796875,412.39411635412847,405.3707408749463,407.86105176640393,3545068
2017-08-07,410.51202392578125,412.32522725328874,409.6972087460641,409.9267309918602,1918660
2017-08-08,408.0675964355469,412.5088461796332,405.35922279417633,411.3268010390897,4035372
2017-08-09,404.98052978515625,407.87253259928184,403.58044963959657,406.483911755708,3270056
2017-08-10,404.0624084472656,405.3362680619621,402.31804506030875,403.959134648388,7788444
2017-08-11,401.4458923339844,403.500105211967,397.33743856016696,400.51631603804464,6359836
2017-08-14,403.3165283203125,407.39054868032406,401.20493460846285,402.3525459774802,3577084
2017-08-16,408.8365173339844,410.7989438243289,401.33115079133137,404.49854110438577,4426832
2017-08-17,405.1986083984375,408.76766277468545,402.52466843293155,407.6889193465401,5454868
2017-08-18,402.1573791503906,404.18864527349314,400.0572451514472,403.9591230444906,3707464
2017-08-21,400.1031799316406,403.729642733546,398.9555686674748,402.5820314693801,4009724
2017-08-22,400.9753723144531,402.58202807072166,398.6342565624601,401.96232920044497,6609556
2017-08-23,406.81671142578125,408.07908383373695,401.66394798590346,401.66394798590346,3360524
2017-08-24,404.53302001953125,407.3905612091223,403.76412598221435,407.37910190579316,7878276
2017-08-28,404.4756164550781,406.518370242193,403.5804740070328,404.5100503988212,1507784
2017-08-29,400.7803039550781,403.72965942232986,398.90969191359255,403.72965942232986,4918596
2017-08-30,405.92156982421875,406.25436586595134,401.67540837307746,402.1114782159404,2694320
2017-08-31,407.73480224609375,408.5151835234752,403.1328978038929,406.7134394095712,7303436
2017-09-01,405.7035217285156,408.8823992735927,404.2116271100168,408.7791254686838,2295172
2017-09-04,401.8705139160156,405.10677204378635,400.76879590671575,405.10677204378635,3642524
2017-09-05,402.8918762207031,405.0838249169044,401.893460036063,403.2705935370432,3682436
2017-09-06,403.93621826171875,404.60183839833593,398.9096753223828,400.22942827583717,5751632
2017-09-07,405.4625549316406,407.80367074948566,403.9821195610105,403.9821195610105,6946420
2017-09-08,410.3054504394531,410.8448221163147,406.48389942345995,407.0347584198121,8311664
2017-09-11,418.4993896484375,419.7961959667221,410.8907214443766,411.5333949526149,11477676
2017-09-12,421.2192077636719,422.2979791129416,417.34030428398717,419.497790946823,6687680
2017-09-13,422.74554443359375,424.3866341008859,418.64857793402695,421.1733226474449,4995376
2017-09-14,422.18328857421875,425.1900248467568,420.37005695375706,422.355430284683,8154016
2017-09-15,424.37518310546875,425.0293439787649,420.81758797750666,421.4028809637649,3767332
2017-09-18,427.01470947265625,427.93279858159184,425.1900185757892,425.43102817402723,4084928
2017-09-19,424.54730224609375,428.747570703705,424.0538518140097,428.03605731949114,4241468
2017-09-20,424.35223388671875,427.2442088210918,423.52595933659137,424.1571455651109,3446128
2017-09-21,422.1144104003906,424.27192538922486,420.18641768658443,424.15716425171087,7712496
2017-09-22,418.6715393066406,422.07993918627625,417.7305036656897,421.12744424329924,8243524
2017-09-25,413.0826416015625,418.29278511833127,411.4415520210782,418.29278511833127,10149228
2017-09-26,411.37274169921875,412.35967056786643,409.69721805967663,410.62679438342377,11438732
2017-09-27,407.7463073730469,414.42539973995474,406.25441263737287,412.22199158006873,7337220
2017-09-28,412.061279296875,412.9105003583984,404.7165677841075,407.17244448904876,27646464
2017-09-29,414.4483337402344,418.18955778596614,412.27935959003383,413.16301468760247,6213632
2017-10-03,415.17132568359375,417.96002668763384,412.47443918519747,414.9762373702592,4394424
2017-10-04,412.4515380859375,415.8714256691863,411.61377615848545,414.9533365471252,6625104
2017-10-05,412.8187255859375,414.2876736334162,411.5563531732041,411.99245106481,3336196
2017-10-06,413.16302490234375,414.1614411546146,411.76294468507916,412.68103374792213,3030660
2017-10-09,412.10723876953125,413.828655806998,410.95962741122014,412.8646734731588,3062492
2017-10-10,413.7597961425781,416.571444026327,411.45311407723653,412.9105749276903,3798180
2017-10-11,410.8792724609375,416.64027548687824,410.2939795005987,413.88600841300826,5267440
2017-10-12,417.455078125,418.0632896712041,410.38578164126443,412.01538400729845,5381560
2017-10-13,424.7998352050781,426.11958827833735,418.1895825179593,419.26832599678545,6433464
2017-10-16,426.25726318359375,429.9525659003194,422.7799954028498,426.91139600939226,3274544
2017-10-17,424.9031066894531,425.46542504957046,422.11440547681957,424.6162038490146,2613288
2017-10-18,428.8623352050781,430.35422986862267,422.0914286551451,422.55047316700495,3926720
2017-10-19,424.2489318847656,428.05899562563775,422.47013444986015,427.32453563385013,570008
2017-10-23,427.6688232421875,429.13774324030476,421.414341876892,426.8884419820296,4162892
2017-10-24,428.5409851074219,431.41001321726463,425.3047270030898,427.599949490964,11328872
2017-10-25,412.015380859375,427.59994706727616,409.69721176333223,426.9113803248168,21367208
2017-10-26,412.0727844238281,415.4352911407759,403.4656996626242,405.79535620822753,28571464
2017-10-27,411.0858459472656,414.8614758341613,408.32009156789655,414.14996244736636,7472088
2017-10-30,416.5828857421875,416.81240799328515,411.39568847095177,412.7383880363023,5422352
2017-10-31,415.0910339355469,415.7796007598801,412.9679528938528,415.7796007598801,4682460
2017-11-01,418.0059509277344,418.87814676924546,415.8943572306152,416.6058706708713,4190612
2017-11-02,418.2124938964844,419.9798320650529,417.03044868343824,418.4190695288954,4737944
2017-11-03,420.1863708496094,422.32093897657774,418.0977239832414,419.0387596023904,3810488
2017-11-06,419.7043762207031,422.32093544605897,418.32724273555294,418.8781017331835,6148244
2017-11-07,418.5797424316406,423.4570905507524,417.90266295871754,421.86192202011415,7446376
2017-11-08,419.0961608886719,420.8520117873127,417.500992383299,418.9240191930768,3283144
2017-11-09,419.5322265625,421.1733162046881,417.98295142114756,419.33713825938156,3113308
2017-11-10,418.1895751953125,421.127471453223,415.9746796901856,418.12070730729306,7744360
2017-11-13,416.2501220703125,418.4535302487086,411.9924727740569,418.1895740358394,3335872
2017-11-14,413.679443359375,417.5009946256823,413.14007164718424,416.7894812169719,4712468
2017-11-15,413.1974792480469,413.9778605935669,410.3858313542607,412.6810541246984,6148368
2017-11-16,414.9073791503906,416.81242511991957,412.0383508937833,414.05815799357646,4012972
2017-11-17,419.00433349609375,421.9307420355389,416.158252136514,419.7273061327344,6358772
2017-11-20,421.8963623046875,422.2521050091864,419.79622795002695,419.79622795002695,2392424
2017-11-21,423.7554626464844,424.6161711014197,421.42580615822214,421.7356555984282,2275532
2017-11-22,425.8211975097656,426.9114283078637,423.36532039277125,424.5473376858983,5660796
2017-11-23,422.97509765625,426.91141007855595,421.8619202819279,426.68188781507286,3232580
2017-11-24,424.9375305175781,426.4064786292239,422.55049333838565,423.00953787215906,5203684
2017-11-27,426.3490905761719,427.37045343874144,423.6062827243245,424.3866640216074,3870472
2017-11-28,428.13934326171875,429.4361496378464,425.95888178573824,425.9933157284035,5090540
2017-11-29,429.96405029296875,430.4689880454115,425.94741084173194,428.05900437466937,3274584
2017-11-30,425.4653625488281,430.11318788116796,422.32091908668195,428.9081961283391,5796312
2017-12-01,424.2030029296875,426.9113766337522,423.2619673266997,425.7408187852623,3858148
2017-12-04,420.9667663574219,425.74084051466895,420.0486773285554,425.74084051466895,3641932
2017-12-05,417.8337707519531,419.6929233998967,414.7467076822123,419.10763045252884,3893360
2017-12-06,413.8974304199219,418.04028967907914,412.9104736670522,417.7189529675972,6395120
2017-12-07,415.35498046875,416.95014903411254,413.8515983968733,414.6664136604746,4231304
2017-12-08,422.4127197265625,425.3046942348973,416.3533272218584,416.3533272218584,8956400
2017-12-11,423.78985595703125,425.01779429810534,422.320908064541,424.15708592569115,3198232
2017-12-12,417.7075500488281,424.5932175763613,416.8009203469912,424.40958856848596,2410588
2017-12-13,418.04034423828125,423.4685510518113,416.6058301764526,417.74198212413256,2907460
2017-12-14,421.8734130859375,422.3209702984053,415.8943468373426,418.6486140349409,3683092
2017-12-15,429.9984436035156,433.3380035135817,425.87853046581085,425.99329158962274,12450124
2017-12-18,431.26080322265625,435.86273535867605,415.2746015623026,425.76375676163457,12297988
2017-12-19,432.53466796875,434.63480210079695,430.61816283868336,431.45592463120886,4952112
2017-12-20,428.78204345703125,436.8038357576257,427.74919321998357,435.8398534101902,9343504
2017-12-21,428.8164978027344,432.6495087687684,428.1049563024098,431.47895071466303,6854544
2017-12-22,430.73297119140625,431.5018651880373,427.3130837839513,431.2723429193203,4470904
2017-12-26,428.8279113769531,432.1445248640745,426.1539714287343,431.73137358651513,6785696
2017-12-27,426.1654357910156,429.2754734718167,424.880116800306,429.2295522113094,3489384
2017-12-28,431.0543518066406,431.7084847354343,426.45241864373486,426.6589943101587,8700520
2017-12-29,429.7574768066406,431.31821133334626,428.78200722075456,430.7673803344228,6345872
2018-01-01,425.6490478515625,431.67400741268597,424.73095877558177,429.82634194013275,6580516
2018-01-02,429.7459716796875,430.354211235137,426.5785814957083,426.5785814957083,4776316
2018-01-03,425.2243957519531,431.10015966113394,424.89157168368354,430.3542123597104,4531288
2018-01-04,426.8884582519531,428.17377730821937,425.3047490496545,425.3047490496545,2373776
2018-01-05,427.7376403808594,428.75903115842516,425.89000316164186,427.5999326405841,2870868
2018-01-08,427.0491027832031,429.3672719591156,426.3949699588998,428.05900631050906,4570308
2018-01-09,427.7605895996094,429.1721569861714,425.76375730885945,427.37041299681744,5305528
2018-01-10,427.8753662109375,428.72461534460103,426.2916851040392,428.10488846038396,4615888
2018-01-11,429.79193115234375,430.5837717642779,426.05070700290025,427.8753978136294,4059096
2018-01-12,428.1278991699219,431.07725472022514,426.9114199382247,429.89520943241655,4336708
2018-01-15,435.5758361816406,437.1021646995084,426.87693757778874,429.19510662600845,12576444
2018-01-16,436.1267395019531,438.3875282193037,432.70685213373946,436.8841461693155,6445384
2018-01-17,433.9118347167969,436.67758917087707,433.1085068027483,435.4037294143156,2905496
2018-01-18,443.9649353027344,448.48651278642785,440.23519843846645,441.60084472931794,16649540
2018-01-19,448.0733642578125,449.84070254741107,440.51061666894486,444.1600263652793,11455988
2018-01-22,450.6324768066406,456.2902055321258,448.2913612047128,449.8635829189973,8849768
2018-01-23,447.8667907714844,451.40141111089946,446.03061271761527,451.01123448159376,5047796
2018-01-24,449.3243103027344,451.92938265402483,447.706166973849,448.15375224376874,4790568
2018-01-25,453.2950134277344,454.4541121431207,447.6832049167459,448.4635862684417,8723668
2018-01-29,458.96417236328125,460.6396679759166,453.995010052113,453.995010052113,8235892
2018-01-30,458.0116271972656,459.4805751281035,455.4065553923223,458.539539553268,6397560
2018-01-31,460.3527526855469,462.143037392395,456.06069793826117,456.61155692635685,6943348
2018-02-01,457.0132141113281,462.4873139357316,455.6705146099237,460.42161377423207,6521420
2018-02-02,447.1093444824219,456.72633239287825,445.61744985247543,455.83119001133974,7346124
2018-02-05,439.2711486816406,444.18293039185664,437.4349706978479,440.2236716143036,7926784
2018-02-06,435.3578796386719,438.8466071494536,421.47178145219596,426.9114483776065,10749804
2018-02-07,429.8492736816406,437.69892329072565,427.46223671875,437.69892329072565,8364972
2018-02-08,431.7198181152344,435.77089099201197,428.40323316952157,432.4198721089625,5171444
2018-02-09,424.5013427734375,427.9900692846847,423.2619171909672,424.13411282770346,6408952
2018-02-12,430.73297119140625,432.87899880033956,425.79824241398984,426.9114198136965,4381108
2018-02-14,432.224853515625,435.61030688190107,430.2739142876015,433.7511821622966,3577188
2018-02-15,431.9379577636719,434.88731327666255,430.354248525527,433.72821462682526,4915224
2018-02-16,431.18048095703125,434.91021741322726,430.50340154597035,432.3969600545006,3583520
2018-02-19,431.08868408203125,433.2461988623233,426.6933553543759,432.09858759810976,3654552
2018-02-20,427.6458740234375,432.8445589424188,426.63599846916475,432.59209005385065,4084068
2018-02-21,426.3146667480469,428.8738456431872,425.12113414216253,428.7361098679219,2753072
2018-02-22,425.3506164550781,426.9113789400645,422.67670469481607,424.6161564726448,13253596
2018-02-23,431.62811279296875,432.61504173579544,424.7080108012067,426.1999055449295,4076748
2018-02-26,438.7432861328125,439.4892334758108,432.31666287005777,433.360972339543,4788884
2018-02-27,436.6776123046875,441.0844287452144,436.0923193005892,439.4777728320017,4787328
2018-02-28,432.4658203125,435.04794567318146,431.042793543088,433.6937867871956,4066364
2018-03-01,430.20501708984375,434.5544804713878,428.7475564282539,431.34116902064073,3909840
2018-03-05,429.19512939453125,431.04279475383896,426.5097302190209,430.1591396759388,3781464
2018-03-06,423.7554626464844,431.4788921190079,422.2061874276008,429.206616194408,4576828
2018-03-07,420.62249755859375,425.3965718814035,419.68146187494165,422.3209679244696,5628164
2018-03-08,425.2702941894531,426.56710050211,420.48476089312106,422.2750456455495,5518724
2018-03-09,424.857177734375,428.11638252068974,423.23903464315873,425.7522921070276,4108108
2018-03-12,428.575439453125,429.0803772173567,425.39656175964086,426.95729631499154,6557116
2018-03-13,426.9687805175781,432.5920758395406,425.7637886628719,428.6213295683194,5124200
2018-03-14,427.9442443847656,428.7246256552219,424.1571271778208,425.99330521755167,3680392
2018-03-15,431.6855163574219,433.223304429579,428.1049463674538,428.1049463674538,5870924
2018-03-16,425.30474853515625,431.7543184490371,423.82434116266927,431.5018495661596,7896336
2018-03-19,423.9849853515625,426.9113941014515,423.0439497100708,425.3047383171987,7838740
2018-03-20,422.2062072753906,425.97037803216426,421.23073764727405,423.49152635827915,3657372
2018-03-21,426.658935546875,427.6458644560809,423.07839388748624,424.1571373044414,5921140
2018-03-22,428.690185546875,431.50183312976844,425.7867234597451,426.65891922321237,6673224
2018-03-23,422.6766662597656,425.3276311578651,421.68970948138065,423.84722400813746,7190152
2018-03-26,434.58892822265625,436.0923102889523,420.82907942883895,422.29802755127804,10501768
2018-03-27,434.3938293457031,435.8627774324587,430.5837653835137,434.66927287201287,6136836
2018-03-28,432.90185546875,436.023352071099,430.5951739581739,432.1788548689563,8837508
2018-04-02,443.2533874511719,444.29772496521895,433.9118424624804,433.9118424624804,4596368
2018-04-03,439.7416687011719,441.9909698602695,438.6170041126972,441.5893059370894,4079884
2018-04-04,432.247802734375,441.8188699151389,431.14608466243834,439.0646027531517,3714108
2018-04-05,438.1351013183594,439.30565938399286,433.8430177205599,436.39073753252734,4858892
2018-04-06,441.463134765625,442.16316087055327,437.42354846254517,438.89246855977063,3720008
2018-04-09,445.05517578125,445.7322552811517,439.85649068122257,440.40734974137183,4003536
2018-04-10,440.8778381347656,445.96176191976883,439.19085508671003,445.96176191976883,6067236
2018-04-11,440.4187927246094,440.68274893301,437.33172946656947,439.7417132497969,2870812
2018-04-12,442.70257568359375,443.6436114084928,437.44650997710323,439.76467935342225,4712516
2018-04-13,441.830322265625,445.27315594561685,440.47613541459106,442.51888900162334,3297172
2018-04-16,445.7551574707031,447.5683888547622,440.6482873927449,440.68272133391974,2847744
2018-04-17,447.22412109375,447.7979267405216,443.9189949647751,446.0765098002069,2667832
2018-04-18,443.57470703125,448.3717277926742,442.9894420882527,447.79792215178264,2712720
2018-04-19,445.0436706542969,446.37491099490694,443.6665370679504,445.2731929186879,3169032
2018-04-20,448.922607421875,450.0931653794643,443.4714535831385,445.5027200415809,9361380
2018-04-23,444.29779052734375,454.2246299644134,426.98034426565704,454.2246299644134,15304620
2018-04-24,444.1256103515625,447.1208873029365,442.0599098382994,444.1256103515625,5037416
2018-04-25,440.8548889160156,444.8141479730513,438.8465691044758,442.4959787084448,4020592
2018-04-26,443.0353698730469,445.08958302045124,438.6744466622773,439.9483064915128,7847480
2018-04-27,441.463134765625,444.24034859787645,438.9613364471396,443.6665429293181,5777008
2018-04-30,446.2601623535156,448.67014619707726,442.702567155877,442.9779826737133,4609552
2018-05-02,452.0440673828125,453.99500649058297,446.65029455544715,447.5683835473391,7100048
2018-05-03,451.6769104003906,453.28356639590754,446.65036675370203,451.7113443467231,4152772
2018-05-04,456.405029296875,456.74931269840647,451.30964616135134,452.15886734465363,6881436
2018-05-07,453.8573303222656,456.12960633886127,453.3064712852342,454.8327999440187,5264128
2018-05-08,451.4817810058594,454.4311364972853,448.62421200583066,454.28194142198305,7100564
2018-05-09,454.0868225097656,454.568813628548,448.97995247531213,448.97995247531213,4327332
2018-05-10,457.3689880371094,458.81498945614356,454.91311110659154,456.4279523916705,7171672
2018-05-11,461.741455078125,462.94644706975424,455.83125626203866,457.3690443584989,6057068
2018-05-14,464.03662109375,465.33342744379263,461.8905936036016,462.99228362175063,4742916
2018-05-15,467.7204895019531,473.9634839919447,465.17276990979474,465.2531251179757,9826684
2018-05-16,464.4039001464844,470.291152238547,462.9808732160579,466.0564773750204,6841604
2018-05-17,465.41375732421875,469.24676781468025,461.91354289976096,464.5186149170162,6615476
2018-05-18,461.833251953125,464.7137396980793,459.84787866775895,464.7137396980793,5217460
2018-05-21,457.4493713378906,463.8645075759478,455.8427154482164,462.7398428496048,4848108
2018-05-22,456.726318359375,462.24631150985635,455.7164148834866,458.7460972932998,3960372
2018-05-23,451.58502197265625,457.66736153162725,450.64398636144256,456.2443348042165,5726292
2018-05-24,455.8312072753906,456.8066768780696,449.0258666790125,451.49323096814163,4520744
2018-05-25,461.0413513183594,462.71687501937066,456.7263496517085,456.7492962740812,4759588
2018-05-28,468.73028564453125,470.97961469965213,460.4215921479055,460.83474336794006,5103940
2018-05-29,466.5269775390625,471.14036973199177,465.6548096917314,467.76640344617124,3351244
2018-05-30,470.1419982910156,471.2092545096914,462.78579779647106,463.5661511568238,4866996
2018-05-31,494.187744140625,498.9345634185371,480.45550551414686,485.0752699902444,39639192
2018-06-01,487.5238037109375,493.8528589529831,485.3062940412617,488.7711176541217,21151356
2018-06-04,472.64813232421875,498.2416409693798,470.74247931633863,496.62472326572396,88796324
2018-06-05,476.6673583984375,477.4411351724008,467.2892132226821,473.52589575210004,17105460
2018-06-06,475.2236633300781,476.94451438579387,472.37093609742413,475.88194595742107,9782000
2018-06-07,476.34393310546875,480.4093486515482,474.2650389635534,478.8848037233652,10563896
2018-06-08,473.3758239746094,476.1245617737938,470.0611198106345,475.6048381769516,6180888
2018-06-11,471.747314453125,476.5171992601949,470.9388555777833,473.9647678178929,7091188
2018-06-12,472.1053161621094,474.1495564791259,470.84644151289325,473.96475460547623,5234256
2018-06-13,469.2409973144531,474.6345946833118,467.5432395763446,473.9878164036497,7897960
2018-06-14,470.6155090332031,472.37101425365904,467.75124883308536,468.9061901882288,16927576
2018-06-15,468.813720703125,470.9619225883636,467.12752348921225,467.98216868835095,10880816
2018-06-18,466.39990234375,470.93882682036514,464.0784592933023,468.92921224914613,7487404
2018-06-19,467.40472412109375,471.37771074446243,466.4345847493061,467.73964580504696,10981152
2018-06-20,474.9464416503906,475.37379244691573,467.75118061467657,467.98216885201714,9051712
2018-06-21,475.2814025878906,478.33043593222544,472.84446549301316,475.8357517800931,13510704
2018-06-22,481.2294006347656,482.4882753380047,473.4912941401343,475.131276904319,7848980
2018-06-25,483.9088439941406,484.5671830925687,478.8502236577357,481.1601062576682,6992336
2018-06-26,483.6200866699219,485.76828866886393,480.4209332507114,481.8530491188009,9161932
2018-06-27,487.98577880859375,489.5795751085435,482.7654220225789,483.4583867431855,19126804
2018-06-28,492.2012939453125,494.3148136987764,487.6623413758838,488.54010793126736,37533540
2018-06-29,487.0270690917969,494.3147582313586,486.2532924419433,490.0876628051452,19458120
2018-07-02,478.8963928222656,487.01560731182394,476.5865103053368,487.00410301413217,9864876
2018-07-03,478.19183349609375,481.61047065766195,477.1293214497549,478.8963588925648,6863100
2018-07-04,485.8953552246094,486.9348023724102,477.9146997333261,479.5893645825608,6097992
2018-07-05,490.5612487792969,491.7739369752198,483.35442735081983,486.23021950814353,9735968
2018-07-06,488.5747375488281,493.2869313292864,487.6970273799767,488.14744315475286,8121344
2018-07-09,491.0001525878906,492.0049740359738,486.86548545742903,490.1224423500431,6182296
2018-07-10,495.79315185546875,496.53235936232943,490.85002591662504,491.98184577188084,10950736
2018-07-11,496.2204895019531,497.9413406213635,493.11370893438175,495.4813384083233,5857920
2018-07-12,500.30902099609375,503.5197917138277,497.0867459800122,497.294612860939,8020668
2018-07-13,503.7622985839844,506.049116307222,499.65075246759244,500.8749451912255,7161188
2018-07-16,500.97882080078125,505.875759759632,499.80075832769563,503.4157013937433,9017336
2018-07-17,502.8036804199219,503.78538049654287,499.6853390000671,499.6853390000671,6361924
2018-07-18,502.67669677734375,512.793994984134,502.08766536924514,505.1713815451806,17460272
2018-07-19,504.9634704589844,506.6727610685789,501.4755250877068,504.24738427750526,5304776
2018-07-20,505.644775390625,508.83242411241304,501.4985481111554,504.9633714188362,10006964
2018-07-23,498.11456298828125,503.09237068030035,493.8644020652311,496.624700166504,16880132
2018-07-24,498.87689208984375,501.0135334843714,495.93179178927863,495.93179178927863,5208792
2018-07-25,501.32537841796875,502.81524137395434,498.9346274373847,500.0087002584491,7038616
2018-07-26,506.46484375,508.97103234835646,500.0895456909059,500.0895456909059,21281092
2018-07-27,508.67071533203125,510.9344112967726,504.63998194024003,508.62452896410014,10554596
2018-07-30,501.2213439941406,507.94312412873217,498.7959675487783,507.94312412873217,7169120
2018-07-31,503.4388427734375,504.91714487474536,496.63625073962106,498.93457232880246,8860944
2018-08-01,498.6343078613281,502.39942749321847,497.0173901636488,499.58138221312873,6071560
2018-08-02,492.0511779785156,497.4794020643034,490.0069657228046,497.43321569123304,8905704
2018-08-03,490.07611083984375,495.94324518188284,488.3090735992566,492.8249043618308,13604008
2018-08-06,488.3784484863281,493.7142430091894,486.48435619171573,489.9260584199646,5744632
2018-08-07,492.2127990722656,493.04437926163416,486.9231911377488,490.849991066279,7428456
2018-08-08,493.4717712402344,497.0405284297627,492.70949873528275,493.3562771150482,9945380
2018-08-09,489.3485412597656,494.77676439859243,483.83944968695994,494.77676439859243,8944408
2018-08-10,488.4130859375,490.57284859708676,484.61334056593245,490.50354084449833,5442940
2018-08-13,483.1465148925781,485.98768143658634,480.45552453615437,481.3794774679547,10054252
2018-08-14,482.5575256347656,486.23021587179267,482.1186141690717,484.61329828932116,4935964
2018-08-16,479.4623107910156,482.00318160219604,477.314108735567,481.14853633534057,10625160
2018-08-17,479.8434753417969,483.4699796760969,478.5267971699456,481.1254150455198,6065328
2018-08-20,484.1975402832031,486.83084007100086,479.3006008448603,479.3006008448603,7811136
2018-08-21,484.1628112792969,487.8470616641863,483.37741759007804,484.61322697512446,7776320
2018-08-23,480.432373046875,486.69217632496685,479.7279040954154,486.2301998880186,12574552
2018-08-24,478.11102294921875,483.5969935554485,477.2332563734995,478.37663686323333,9714628
2018-08-27,480.55950927734375,482.41897602987166,478.20344032838966,479.76261106729396,12574788
2018-08-28,483.8858337402344,484.67117135559954,480.1784604692505,482.3035414228485,9973532
2018-08-29,480.10906982421875,483.7009483320813,478.780887408299,483.2620368280433,9873692
2018-08-30,477.2447814941406,482.2802795498751,476.2630815640884,481.28707532376757,21827460
2018-08-31,476.1130065917969,480.16686197280484,475.4316024801085,477.96091273528816,15771500
2018-09-03,479.3121643066406,480.21299589575005,476.64423882465894,478.0070468991811,7661608
2018-09-04,473.9416809082031,479.9820008114319,473.2949025591215,479.7394518813246,7130536
2018-09-05,472.5672607421875,475.8819361755225,470.1880989112274,474.403634073367,5641508
2018-09-06,474.0340576171875,475.60478893708176,469.5066937261133,473.29490652359425,10402412
2018-09-07,475.13128662109375,475.83581208761694,471.38928811543894,473.7569177629623,5919300
2018-09-10,471.4816589355469,474.68084046917727,467.7742863480502,474.68084046917727,8598592
2018-09-11,462.0688781738281,473.0639126927555,460.6252016824562,472.6712439658249,18186536
2018-09-12,464.7137145996094,466.9081030193575,459.56269343765416,462.415392743965,12246008
2018-09-14,468.813720703125,470.61544023247393,466.3536903369469,466.561585389842,10334672
2018-09-17,460.1747741699219,467.27766276170274,459.2046348117187,466.89655471178486,9338220
2018-09-18,459.4818420410156,464.2517553171424,457.5761888689425,460.7984920598064,9325736
2018-09-19,453.0487976074219,461.5145225926394,451.92851023648603,460.7869039672084,16712264
2018-09-21,455.1046142578125,461.9418610392254,441.2337581186999,455.94772703689813,22610148
2018-09-24,444.81402587890625,455.55497863781454,442.3424630819227,454.4115981712336,13390792
2018-09-25,450.9814147949219,453.19889610899946,442.3424495661233,444.8140122875881,16682552
2018-09-26,454.6310729980469,456.8947691796828,451.6513470608436,453.41838465720093,14726724
2018-09-27,456.4674072265625,458.7426357068956,451.61665428102134,454.9082366369243,18352208
2018-09-28,463.37396240234375,465.54522926468496,456.69839673832075,457.5068555648369,14460716
2018-10-01,470.1650390625,471.6780234330386,461.468353695239,464.24021279474755,12449588
2018-10-03,469.1717834472656,474.03406912763836,463.59341164387837,469.0100747563108,15332148
2018-10-04,452.2172546386719,466.0881105814495,448.81017788938294,463.82441441167316,17970584
2018-10-05,453.9611511230469,459.6665487661973,448.15179186485705,451.3394123201284,15729180
2018-10-08,449.2721252441406,454.8158429849424,445.80730165613954,453.8918900281421,20128020
2018-10-09,448.2557373046875,453.89185555243483,445.80726779450345,449.13350382569894,12459364
2018-10-10,454.38848876953125,457.87640529943326,447.07770586810597,449.27209398784095,15939932
2018-10-11,447.5513000488281,450.0344237639728,442.9430674919398,444.65238620033125,14359904
2018-10-12,457.7840270996094,461.306597677236,448.5791515902217,449.2721162940171,9600320
2018-10-15,463.8359375,464.471155147523,455.11613161127553,459.6665885711722,12585968
2018-10-16,460.3017883300781,466.18042741542615,459.08910014102634,462.66941765156014,9406004
2018-10-17,456.109375,464.9793290929983,453.5454111644819,463.385504590874,7940796
2018-10-19,454.527099609375,457.5530398497662,452.2749643171929,452.4828593681401,9867348
2018-10-22,461.722412109375,466.5962584768759,459.3432218889135,465.2103289962515,20331160
2018-10-23,458.4770202636719,461.72241643996284,455.7398151531274,455.7398151531274,19428564
2018-10-24,460.18634033203125,464.0092071421862,455.64741558737444,462.900452265223,18072336
2018-10-25,454.7696838378906,462.8080581251384,453.3028858737239,455.87841053433436,29847056
2018-10-26,453.0141296386719,456.7099415164397,450.19608436059667,454.7696628380571,15155712
2018-10-29,444.9526672363281,453.88034034038964,437.7689102656126,453.68400597167135,17044280
2018-10-30,441.82275390625,446.2692775045746,438.7159733721173,444.65235983245657,13828704
2018-10-31,441.5917663574219,443.0123496680782,435.4128309578869,439.35119171556545,23449404
2018-11-01,441.6957092285156,445.8073112535144,437.95371095163904,445.8073112535144,19629052
2018-11-02,450.300048828125,452.7369862317183,441.6495498342068,444.88338545014767,30092868
2018-11-05,451.81298828125,452.6561009795205,447.655200045533,450.4039656851738,5705296
2018-11-06,449.63018798828125,456.4327806519673,448.79860773329096,451.58202741629356,8485588
2018-11-07,452.263427734375,453.88034546623317,450.42708244620195,452.96795316769334,958760
2018-11-09,449.36456298828125,452.7138927310382,447.26257547874036,452.3211957741469,10101620
2018-11-12,443.7399597167969,453.1989166526129,442.8390999617653,450.77354018734667,7907764
2018-11-13,445.28759765625,447.5859194584138,440.7717661030205,443.2664504745656,13350420
2018-11-14,452.2172546386719,452.73697821059733,447.3318474232112,447.7822914369649,26110636
2018-11-15,456.2364501953125,456.7330805749699,446.08449963257584,453.17585586558243,10392524
2018-11-16,462.9697570800781,464.979343560409,457.3567313708941,457.58771961906126,15813216
2018-11-19,465.187255859375,466.8272668427662,462.41539677866587,464.51738427550856,12286428
2018-11-20,464.8522644042969,466.5038359315726,461.7570445983775,464.9793192128589,5705168
2018-11-21,466.3075256347656,467.50865324560334,462.90044897687693,464.92159614681094,6545604
2018-11-22,463.2469177246094,470.06107083998006,462.011136273556,465.03707659390165,12974552
2018-11-26,473.4797058105469,473.9878686600172,464.7598997472352,465.18722235203614,18184436
2018-11-27,476.75970458984375,477.6605361253745,471.38922826633893,471.4585360137514,12895440
2018-11-28,482.5921325683594,484.7518949556525,475.8588485974465,476.9906683037751,13021108
2018-11-29,492.2475280761719,493.7142696472725,483.6894020195947,485.30631979138894,31908636
2018-11-30,491.6468811035156,493.74889652932796,487.3851595886779,492.00492413454214,13040924
2018-12-03,488.1474914550781,494.77684310687164,486.66913278422817,492.23597229726585,10799856
2018-12-04,481.7375793457031,487.6162193135593,480.13222220934904,486.3226624936032,8157420
2018-12-05,484.8905334472656,486.2995843597184,479.5200565203986,479.99359372170596,11798844
2018-12-06,484.3939208984375,485.4564330121742,481.6105012074602,482.6961347036412,11730252
2018-12-07,486.830810546875,489.233065554002,480.52482066115374,486.62288730608253,9903920
2018-12-10,482.4766845703125,486.1840570877442,477.1985807477893,477.1985807477893,10915056
2018-12-11,475.7318420410156,478.4459538671218,469.368104735976,474.9118225084481,18905780
2018-12-12,481.6797790527344,482.71922611310123,475.8588867934023,477.44112237134897,11370488
2018-12-13,485.37567138671875,490.85008220125076,483.0657886469482,483.92043398193897,7064236
2018-12-14,484.0820617675781,489.23311099492577,482.3150242215724,486.2071423779737,6158284
2018-12-17,492.0511779785156,492.6055836362136,484.84435557738476,485.99929687223323,8437324
2018-12-18,493.2638244628906,494.0838439913417,485.6758946360779,490.61902040093963,7413968
2018-12-19,490.4920349121094,498.79605201199564,488.2052735766998,492.7211055731385,9009896
2018-12-20,493.7257995605469,494.41876427668893,485.6873975745766,487.9742149740131,7980476
2018-12-21,487.65081787109375,496.41686700951016,487.1657763858031,492.9289219025195,10220308
2018-12-24,480.60565185546875,485.9992497367508,479.843435789688,485.9992497367508,5601488
2018-12-26,490.2379150390625,491.31198780050397,477.91466984449585,479.7625757694625,7601916
2018-12-27,486.2418212890625,493.89905913010716,484.7172762993378,492.69793152279243,11639868
2018-12-28,490.3648681640625,493.7950657778977,488.655577898792,489.08292866191374,9415612
2018-12-31,490.0877380371094,493.62186939149416,488.93279683591265,493.62186939149416,5866528
2019-01-01,496.18597412109375,496.85581761249324,486.36897168105145,491.4622184203372,6373440
2019-01-02,491.65850830078125,496.0472852130269,489.62580034691234,494.961651676616,8134232
2019-01-03,487.8009948730469,491.6007402853583,485.7682870058069,490.66522659942007,12771664
2019-01-04,489.1060485839844,491.6584799725011,487.46606587901863,488.5978857232008,7287120
2019-01-07,489.84515380859375,493.24072581032283,489.2330575735116,491.47363206365804,5387012
2019-01-08,485.7682800292969,490.50353905953966,484.30148211370266,490.15705669147314,8343460
2019-01-09,488.9559631347656,490.00697100312703,485.675941100774,489.23313776979256,8568628
2019-01-10,487.0387878417969,490.5729198006161,483.3776010503935,489.0021882196272,7691540
2019-01-11,487.8240966796875,490.61907725729225,486.92326499923354,488.26300822150375,6408040
2019-01-14,485.45648193359375,487.3621351879658,484.7173307378949,487.3621351879658,4855160
2019-01-15,490.1338806152344,491.19644898284514,485.53723760260544,486.2417629511121,5087556
2019-01-16,489.7413024902344,490.85005742808977,486.98100403424485,489.706676808334,5252452
2019-01-17,492.5362854003906,493.3678093125839,488.1590690870281,490.90780686445265,8240228
2019-01-18,492.062744140625,494.08389142907964,488.43623971320727,493.15993838292894,5207976
2019-01-21,496.1972961425781,500.4359523141279,491.1964239999968,494.3032041169023,17561512
2019-01-22,493.3562316894531,495.885541519421,491.78550045282304,495.70073965741557,8796976
2019-01-23,486.3226318359375,493.3562690598246,485.4102395405872,492.92891824616714,7624288
2019-01-24,485.5950012207031,490.0761502763791,484.59017987371925,487.3851599836764,10111572
2019-01-25,484.1513671875,487.38520265535544,482.76543770127626,483.4584024443881,11262236
2019-01-28,481.41412353515625,485.5488469162507,479.70483309637547,482.7654273125916,15360436
2019-01-29,475.2814025878906,481.14848104754077,474.2188341769569,480.0512869596983,14762788
2019-01-30,469.9917907714844,475.2005871960436,468.4441807430193,475.2005871960436,18514160
2019-01-31,480.4440002441406,482.7076963772709,467.0582424093034,469.13713666335076,16579404
2019-02-01,482.869384765625,489.00213419401825,479.6702312807808,480.44400809626404,15654188
2019-02-04,486.2071533203125,488.07818073528676,481.067664668462,483.9203921630032,7938288
2019-02-05,488.32080078125,489.46418152638324,484.3824391981244,486.92331036225386,8690288
2019-02-06,490.3072204589844,491.31204197392475,488.2168217657635,488.82891811345473,10875684
2019-02-07,489.05987548828125,492.0049756949057,486.42663197862817,490.8615951287041,7217308
2019-02-08,490.3072204589844,495.4582700715205,486.61140820154066,487.84721798257124,12235644
2019-02-11,494.2340087890625,494.9847206353346,488.1475019639194,488.1475019639194,7036364
2019-02-12,491.9355773925781,496.1626728956899,490.8037577260032,493.85279080585894,9772388
2019-02-14,487.4314270019531,494.3148885985446,486.3689148159037,494.3148885985446,7441388
2019-02-15,485.22540283203125,486.9463102605617,480.03972834682617,486.7730690880474,8416524
2019-02-18,482.7423095703125,489.2331017974985,481.84147797430677,486.64604473810425,7138744
2019-02-19,481.3910827636719,486.9578658574158,480.0397789182585,482.6961438433212,5268636
2019-02-20,487.0041198730469,487.6162162037759,480.89443528937466,482.4189803607702,4892500
2019-02-21,488.748046875,489.68356062605307,483.59705368546537,485.4680247939522,5261544
2019-02-22,483.100341796875,491.5660946032409,482.5575532706973,489.5564518064753,8890708
2019-02-25,490.9423828125,491.9933905833809,483.95498855144757,483.95498855144757,8140596
2019-02-26,487.5353698730469,490.85007410740866,485.3294770078371,487.673985392596,9607428
2019-02-27,483.2851257324219,490.72293548301457,482.33805142900883,488.7942175926352,7030092
2019-02-28,479.8896484375,486.426627169037,478.88482699596403,483.4815269915325,11645376
2019-03-01,481.2294006347656,485.2831993700449,479.7626026671426,481.8992440126751,9352928
2019-03-05,486.7153625488281,487.6393155458219,478.1456759442649,482.5113312976141,11837276
2019-03-06,486.05706787109375,487.4545581853983,482.8925398461068,487.385250425571,8458044
2019-03-07,491.1964416503906,492.00490040692785,483.92031284155576,487.2927633548397,10204852
2019-03-08,491.58917236328125,492.00496248353954,487.2581427639543,488.5516994950658,7053460
2019-03-11,491.6468811035156,495.16945156973713,490.20320468293306,492.46690058912856,9224108
2019-03-12,501.4753723144531,502.3993250962393,493.6217736692705,495.931655623736,15097292
2019-03-13,514.3069458007812,516.0277971400936,501.7296457302314,502.3994891583275,57166348
2019-03-14,513.89111328125,519.1460960106122,510.6226520751591,518.5339997006823,15379864
2019-03-15,520.4163818359375,522.0101777581549,514.6532378874908,515.3346417558706,12763088
2019-03-18,522.368408203125,529.3442426288613,519.0306390040525,522.4723416451627,14358720
2019-03-19,523.8235473632812,525.706078840017,519.9544945936484,524.2277767571235,11957992
2019-03-20,531.0419311523438,531.2729193781604,522.275939261326,524.112284377846,11711992
2019-03-22,525.7638549804688,532.889864674985,524.5281017442431,531.2729470101715,30403880
2019-03-25,526.9534912109375,528.4664754846877,520.4165126407222,522.0334303453317,9199260
2019-03-26,533.8947143554688,534.737798910776,524.9439196652776,525.7061357756141,11786848
2019-03-27,531.1459350585938,537.75222175105,526.433797184076,535.5578333145959,13885300
2019-03-28,531.919677734375,537.0476048764089,528.4664151666869,530.9957248657704,19554328
2019-04-01,533.9985961914062,538.6645471132363,532.3354922303275,537.1053765759231,9647076
2019-04-02,530.0834350585938,535.8927672844236,527.9121115618736,535.8927672844236,10910496
2019-04-03,529.5982055664062,534.9686813179792,528.5587586467469,529.4480857910085,7659452
2019-04-04,527.5656127929688,534.2758328675426,526.6532204660601,529.5983207120875,9211552
2019-04-05,532.5665283203125,534.4490599882165,527.1151830980486,528.4549262181253,8351180
2019-04-08,528.824462890625,536.5741297501912,526.6763173378013,535.6617374657447,6398132
2019-04-09,528.3278198242188,531.9658843830696,523.6503082485535,530.4875822943773,10777600
2019-04-10,516.801513671875,527.5770915169117,515.3347159256698,519.7234920810206,108128700
2019-04-11,521.4559326171875,522.7263678904519,516.7091131810862,518.5454583428099,8793300
2019-04-12,523.2461547851562,524.8515119098128,520.2086817304526,520.2086817304526,9170444
2019-04-15,528.6859130859375,529.6329310661829,523.0382617033592,524.343322746582,10219780
2019-04-16,532.439453125,533.559712251221,526.7224941932218,529.1824963882386,8273776
2019-04-18,529.80615234375,534.7493344993587,528.5010913495672,534.2757973302224,10614856
2019-04-22,524.0430297851562,537.0476794964162,522.2644315446869,537.0476794964162,20980420
2019-04-23,518.637939453125,528.963103157431,517.7832941896289,526.0873106657133,15282400
2019-04-24,526.5953979492188,527.5539765109722,519.0420943851115,519.7234983597948,12354128
2019-04-25,522.8303833007812,530.9958411222667,521.5599478283002,528.2470469001811,18086636
2019-04-26,526.8726196289062,527.8081332882931,521.3173411267334,523.396235305987,11707568
2019-04-30,535.3035888671875,535.8926200515682,526.2834884449264,527.808033111135,12536836
2019-05-02,544.1619873046875,545.0512579967976,535.3151283810931,536.7010575160604,17169300
2019-05-03,546.9685668945312,549.2900098802747,544.323762944856,546.1023610337023,12351520
2019-05-06,537.8445434570312,543.2612062784843,535.2113001406168,542.3603747211878,13748092
2019-05-07,536.435546875,544.67025484565,535.4307255013642,543.2612040632017,9924204
2019-05-08,532.9475708007812,536.770437121979,528.5010475640644,536.4817018468675,12064208
2019-05-09,529.1708984375,531.272913827915,524.7128708407009,531.272913827915,9027724
2019-05-10,530.4644775390625,537.0245208044392,529.2749106955378,529.2749106955378,10594200
2019-05-13,528.3162841796875,534.356660411027,526.6531801526647,530.3605526337777,11071632
2019-05-14,528.4779663085938,533.8138171552147,525.6252954100721,530.5106740784308,10494744
2019-05-15,528.2008056640625,532.9360646605759,527.1613585672669,530.3490076094963,8956348
2019-05-16,533.73291015625,535.6616843585377,526.6531437419,526.7801985421384,8050136
2019-05-17,545.6173706054688,547.2804747350457,533.9524639222525,534.27582491642,14758780
2019-05-20,561.84423828125,563.3109796911817,549.7519820020383,556.2196523785329,17699632
2019-05-21,555.2264404296875,565.7825920843898,554.2447403757037,563.1493486146794,10325176
2019-05-22,555.6998901367188,560.3774014222923,553.0435257029362,557.1089407851242,11386660
2019-05-23,538.6876831054688,563.5881696174722,535.6848360632646,556.4506557438317,33081996
2019-05-24,548.2160034179688,551.1726079986589,540.5471481551533,545.0629798673666,13692800
2019-05-27,556.300537109375,559.4303825719259,547.9618392865723,549.4978884885355,12049024
2019-05-28,558.11376953125,558.9915361146153,551.3804849491327,558.1830772813917,7364840
2019-05-29,558.2754516601562,561.4862220148497,556.7278417393018,556.7278417393018,7475216
2019-05-30,563.5072631835938,565.4359807783953,557.3860760074838,558.0674799049717,9359200
2019-05-31,560.2274169921875,569.3860792387214,544.393159980476,567.4919867244403,19785080
2019-06-03,567.5611572265625,568.1848141191027,560.1348523881553,560.6083895006121,8480860
2019-06-04,566.452392578125,569.5591726905375,563.8537752435336,567.0760494597058,6442988
2019-06-06,559.765380859375,570.540959830716,557.4554984309106,566.660346072173,15634924
2019-06-07,565.3783569335938,566.9029019123992,556.4506837962595,560.2966155290617,7970932
2019-06-10,563.6575317382812,570.5294323631299,561.7865606984424,570.5294323631299,7077140
2019-06-11,565.5515747070312,568.2079394221682,563.6921645213253,566.2676607963826,7103292
2019-06-12,560.6199340820312,565.5514984213698,559.8345403490673,564.7661610820106,7308620
2019-06-13,564.6968994140625,566.3831247264316,558.055987980178,562.6757524559237,11107948
2019-06-14,562.4795532226562,567.9885895710208,560.1465491614841,564.2927772878935,11956920
2019-06-17,559.4534912109375,563.5881579568276,558.3678578122478,562.4563381910127,12810020
2019-06-18,558.3562622070312,561.7633383752197,555.2956683610314,558.5295033681256,12419652
2019-06-19,560.9204711914062,564.7432825118983,558.2294236106758,560.6086144232124,10744276
2019-06-20,563.9417724609375,566.4170643860689,561.2107915390925,564.4066202774218,11171492
2019-06-21,561.117919921875,564.720491347066,559.1306836901208,563.8605340331047,13250260
2019-06-24,561.9893798828125,564.9295763805668,560.141621153557,560.5948364276584,6915000
2019-06-25,564.488037109375,567.4630750239622,558.5147529316326,562.4311191943685,8899800
2019-06-26,573.5989990234375,574.0871119782346,562.9307632434349,563.5582965109426,10533636
2019-06-27,572.2974853515625,579.7815249562717,570.8680440577499,573.7966084328706,19879236
2019-06-28,567.9859619140625,575.2492095088716,566.4287329785599,572.6925463554987,12756844
2019-07-01,577.7012329101562,578.5030840120529,569.4501845041989,570.833095352994,8524160
2019-07-02,579.897705078125,580.4787649028525,573.4363084783296,578.2707375688877,7246828
2019-07-03,578.654296875,581.8269180169208,577.108700218463,580.8274836270396,7463256
2019-07-04,577.2944946289062,580.5716375750483,574.5518812578972,579.8511575309439,7993964
2019-07-05,574.6448364257812,579.8860067995332,571.7628027194762,577.5966653960901,7583060
2019-07-08,560.0487670898438,575.1563236907288,557.1318351973089,575.1446911445179,14607140
2019-07-09,552.9713745117188,560.3276259978992,551.5419900291412,558.7122910211014,16482688
2019-07-10,555.20263671875,557.3525579703036,549.9730985392955,552.8783975278814,11569148
2019-07-11,559.479248046875,561.0713746867801,556.8063728153514,558.5147114218445,9097596
2019-07-12,556.3997192382812,562.0011596144742,554.3428011496959,562.0011596144742,8976272
2019-07-15,556.5972290039062,558.5147265043895,552.5530751550829,556.8877589282218,8233184
2019-07-16,555.7721557617188,562.0011291708336,553.633866701789,562.0011291708336,12770568
2019-07-17,557.2247314453125,560.5135640529811,555.7953469944563,556.1788237756745,7759736
2019-07-18,560.583251953125,564.5577238387706,558.2590126618991,558.5147016815833,10802584
2019-07-19,552.1578369140625,562.6285453670504,550.1473927981467,561.303740434104,8939228
2019-07-22,533.9358520507812,546.161372982349,530.2170693180301,545.0340942688354,22171296
2019-07-23,526.0916137695312,533.2967562598584,521.1061313629532,533.2967562598584,27802864
2019-07-24,530.1358032226562,532.9481559188343,523.1863493123838,524.5227871216002,17363740
2019-07-25,531.3328247070312,538.1660666854488,529.9847543404765,531.0887681912021,19462008
2019-07-26,529.2989501953125,533.0990468519303,528.2646752059865,529.5081090042584,12829828
2019-07-29,521.6290283203125,528.4274281538535,516.6900198942358,528.4274281538535,9976492
2019-07-30,523.476806640625,527.8812288519465,520.6063483510063,524.115972460699,10394136
2019-07-31,523.3372192382812,526.9049485793729,519.2930663270683,520.629503669076,13891840
2019-08-01,517.5487060546875,521.7882240006119,511.77175362917154,519.2491879801987,18241676
2019-08-02,515.8133544921875,518.0612142609386,508.27768413550723,515.0329787459242,27825536
2019-08-05,507.6371154785156,512.4706454297278,503.73535033717565,511.78348025652923,19822440
2019-08-06,509.9315490722656,514.8582321766255,504.7835263552754,504.7835263552754,24890940
2019-08-07,508.7435607910156,512.9365022261064,504.3176781650864,510.1412079360459,18750136
2019-08-08,520.1925659179688,522.4870592562662,508.51058865645524,512.0047063064079,19711600
2019-08-09,531.57177734375,533.2023656178105,521.741670837066,523.4188359734471,30436112
2019-08-13,517.2109375,529.5451607898735,513.0762318288918,529.5451607898735,15440068
2019-08-14,519.3307495117188,520.716738284431,513.1811245497369,520.716738284431,14254052
2019-08-16,518.923095703125,520.1576954273031,513.425717549471,515.7318126628074,15247560
2019-08-19,514.0662841796875,522.254144200774,512.8666029376242,521.4388500416737,8498200
2019-08-20,517.2692260742188,518.9463912578008,514.0662847314585,514.6253208358501,10270592
2019-08-21,518.4920654296875,522.0676778492929,515.7782669939337,518.270725847719,10472712
2019-08-22,506.4374694824219,517.3274702343774,504.79522270082606,517.3274702343774,13992044
2019-08-23,503.78192138671875,507.11299191763226,498.4010137940832,503.3859327211775,20099616
2019-08-26,525.5502319335938,527.879643784232,504.78354803331604,511.2825843484342,25280244
2019-08-27,526.4353637695312,529.4519404208985,521.8115158604874,525.5152575605598,20660832
2019-08-28,523.5353393554688,525.8298328901292,518.608655795571,524.1176923469654,13662588
2019-08-29,518.7484130859375,524.9795904156061,517.1993767970072,523.1859544835784,14783716
2019-08-30,518.9812622070312,526.4470379915673,517.5952736359569,520.2740970593653,19233320
2019-09-03,515.021240234375,517.3623102387564,511.573699733085,517.1293690815124,11428676
2019-09-04,523.593505859375,529.708211466675,512.2376240172464,514.1011533451855,15060704
2019-09-05,520.6585693359375,529.3356301842622,518.2942385912054,523.8848281310655,17296252
2019-09-06,523.16259765625,525.6551138940729,517.4322784849605,518.9929730891992,12870004
2019-09-09,524.0245971679688,526.6567874873117,516.2210662099925,523.1859860183483,10643404
2019-09-11,524.4204711914062,529.7082244146042,522.0560841765486,529.7082244146042,15209116
2019-09-12,528.9744873046875,533.1557700005759,523.6866771627766,524.2806885300841,18132300
2019-09-13,525.8530883789062,528.1825003249205,521.3223935179903,524.3506290478089,15371340
2019-09-16,522.7550048828125,527.0644173602195,522.0212628037439,524.5602992990235,11030184
2019-09-17,515.114501953125,523.7682440556035,512.0280313132598,523.6284565992211,10656556
2019-09-18,509.6171875,518.0962257162937,507.81189292652266,516.5006123768263,12959884
2019-09-19,512.959716796875,515.7550105294869,505.01640102521094,512.4239407907118,10623310
2019-09-20,558.8724975585938,563.6711088712841,514.9863996486561,516.1976824753287,46150034
2019-09-23,585.7305908203125,597.5872740068311,572.5694142916398,586.8021429849681,41920410
2019-09-24,584.1234130859375,587.920309391531,571.8939993067331,582.3530371049728,23379048
2019-09-25,577.5543823242188,582.3064168753895,573.0819227063713,582.3064168753895,15608976
2019-09-26,578.85888671875,594.0000648421781,575.9936985613115,577.6010269766603,30671560
2019-09-27,579.6508178710938,583.9835466293503,576.5760056251082,581.5376642042971,14873170
2019-09-30,571.8472900390625,577.6941365075229,566.7459008559691,572.4762767323917,18218458
2019-10-01,581.7938842773438,584.682332014033,568.8889094405297,573.7340971117782,18768352
2019-10-03,570.030517578125,579.4646375734718,566.6761296797505,577.6709445718488,16298876
2019-10-04,554.26025390625,577.5077964268856,552.2104168966683,576.133466131315,18403632
2019-10-07,552.9557495117188,568.3065495553983,550.2769261110183,559.6178327164373,22513220
2019-10-09,572.1734619140625,572.9887560869607,554.4000375707993,557.7077911267619,17427270
2019-10-10,559.315185546875,571.1485540150486,557.754433878059,569.2151873872587,11556858
2019-10-11,558.4998168945312,570.240030059355,553.9108299798355,565.3016882319421,17186318
2019-10-14,561.1087646484375,568.3299417289361,557.8475879024058,563.2518122788907,12267802
2019-10-15,569.7974853515625,570.7059332726899,562.250156438282,562.3200501715402,8400374
2019-10-16,568.888916015625,575.3646919386507,563.764210257467,573.8039974682014,10586816
2019-10-17,568.3765258789062,572.965456127699,565.1619259568206,571.8706438658667,12243614
2019-10-18,572.5694580078125,574.8289762279845,568.5395639553193,570.9155527731333,11233806
2019-10-22,577.3681030273438,585.6141990728054,574.2466567063789,585.6141990728054,20006228
2019-10-23,578.4395751953125,582.2365281210541,574.4329979381954,580.8854577899399,10190214
2019-10-24,575.8772583007812,584.286458880539,571.3349046244364,581.4212705721465,13107494
2019-10-25,572.5694580078125,580.8854473053657,568.3765164927024,577.6941643040582,12993542
2019-10-27,576.6226196289062,578.5793598172293,575.3647599060206,577.6708550214476,1750082
2019-10-29,578.85888671875,585.777229041065,576.6226284323564,576.76241590166,14232568
2019-10-30,581.584228515625,588.269628959077,579.0917692817756,580.9087218466843,12011366
2019-10-31,573.1983642578125,588.8287405658972,571.6842465508156,585.9402357410744,13217706
2019-11-01,577.7174682617188,579.4412103201362,571.9171985065208,577.2282690143909,11512260
2019-11-04,576.2265625,582.3529266625709,572.5927143598674,580.6990216026879,9935176
2019-11-05,577.461181640625,579.9303808814818,572.5927337569641,578.1600051762933,12367810
2019-11-06,585.4511108398438,586.5459230711768,572.1268859948343,578.8355468465815,12130336
2019-11-07,588.7355346679688,591.5308289185795,582.352968877237,587.4776750033567,16963034
2019-11-08,584.9619140625,590.2729846512815,583.0284907813127,586.5459255532465,13251496
2019-11-11,589.2247924804688,590.9718515607627,582.5859679753518,583.5410496874109,14286610
2019-11-13,585.870361328125,591.6705737319026,584.0300919568745,587.9201981344958,9293496
2019-11-14,593.4874877929688,594.9317115840498,585.7072190713136,588.7820878224919,11055218
2019-11-15,595.3511352539062,598.6588889471586,592.1831121595625,598.1231128086491,9279012
2019-11-18,587.9668579101562,596.0731655153878,586.4061065006013,594.9317764762619,9130292
2019-11-19,592.5557861328125,594.0000100773509,587.5242338875246,589.4809739253167,10570578
2019-11-20,593.2313842773438,597.7038442569765,590.2730422039168,593.0683367999891,11054258
2019-11-21,597.8900756835938,599.5905575589095,590.9018407470097,591.7870285463906,12019526
2019-11-22,589.2247924804688,598.0299816192328,587.9436158215866,598.0299816192328,7688010
2019-11-25,592.18310546875,596.0965289909554,588.9452455467404,588.9452455467404,7893556
2019-11-26,594.0233764648438,596.213000995193,590.2496835310778,595.6073311274401,8716002
2019-11-27,595.583984375,599.0082081398094,592.2295974636423,594.4658554045475,9580666
2019-11-28,589.48095703125,597.7503686992535,587.9435225363611,596.422558512575,12366040
2019-11-29,593.9767456054688,596.2828976173189,583.2847672291058,590.5990981914024,15567626
2019-12-02,589.6905517578125,593.510764067455,586.3594817662578,593.510764067455,8946204
2019-12-03,584.8687133789062,591.2047019628194,584.1233129932231,590.8319733347757,6991906
2019-12-04,583.1217651367188,585.5676479372252,574.9920824680248,583.5177538350988,11395614
2019-12-05,580.3031616210938,586.4295271416818,578.0436431388613,584.961986067105,12772494
2019-12-06,580.5127563476562,587.0117927333266,576.8555342061269,581.8637697393675,13774650
2019-12-09,579.0685424804688,582.2831426152237,576.5528228597519,582.1200951391274,8265350
2019-12-10,582.1200561523438,584.053479477632,580.0701622275852,582.8188797491653,9788900
2019-12-11,581.7705688476562,584.2164511190878,578.8588042388091,582.3994986290867,11054642
2019-12-12,588.68896484375,591.4143653966029,583.7506229827026,583.7506229827026,12913148
2019-12-13,588.805419921875,592.765420053232,586.6623724013394,589.3411960196104,11775186
2019-12-16,585.7772216796875,591.6706453877498,581.5143863644261,591.3212335892924,11327576
2019-12-17,592.18310546875,593.9069044657647,584.8454576910184,587.0118222185259,12427354
2019-12-18,602.0830688476562,605.1811979789044,593.3710912861918,597.727080066924,17447172
2019-12-19,600.4291381835938,608.2093499386713,599.1712218362803,607.9764087858797,13018376
2019-12-20,604.1096801757812,605.460750498332,596.3527837783142,600.4059378755567,15026044
2019-12-23,606.76513671875,607.5105370465677,600.4291486267001,605.1811254781376,10195782
2019-12-24,600.59228515625,606.1595568825055,599.5673097918527,604.9948509255141,7179208
2019-12-26,591.8801879882812,601.850081301643,589.1781045755771,600.8484229102983,14949758
2019-12-27,594.0001220703125,595.8636518650429,591.6707098268995,592.6024747242647,7092992
2019-12-30,597.3310546875,600.4058667629913,593.5574191007424,597.2611609622928,9334190
2019-12-31,592.64892578125,597.2378555525037,591.0416544226701,597.2378555525037,8357056
2020-01-01,595.67724609375,596.3294928506378,591.9501867634335,594.5125400530261,3673698
2020-01-02,599.47412109375,600.0564740382747,595.8635328376968,595.8635328376968,6137166
2020-01-03,590.9252319335938,598.658868195343,588.6889737244671,597.3543747616177,10855550
2020-01-06,578.13671875,587.850411903554,575.8306237090371,587.0118008684359,10890186
2020-01-07,587.2913208007812,592.3461332836704,583.4012142757196,586.4993434976219,14724494
2020-01-08,585.75390625,588.0134242921156,577.717435646002,580.9319783912775,11332110
2020-01-09,592.3229370117188,594.372831092114,588.4560900675547,589.3412780648179,9546316
2020-01-10,597.5873413085938,599.544081542198,594.0466463859336,598.2395880531285,9214580
2020-01-13,599.124755859375,604.0165209733124,594.4659319413395,597.5873212182596,7451568
2020-01-14,600.7553100585938,602.1762740209311,595.1647216749543,600.5223688759421,7886290
2020-01-15,598.3095092773438,600.0332515160003,593.5807912502222,599.3111678734987,11787448
2020-01-16,599.8934326171875,601.4541271501188,596.0265862785172,597.2845027735764,7150400
2020-01-17,595.4675903320312,598.612296476041,592.555825383874,597.1447555680879,16918814
2020-01-20,584.6358032226562,607.9066050842921,583.5176741496056,607.9066050842921,22178450
2020-01-21,579.720703125,582.3529498323231,576.9487258319602,582.3529498323231,14984804
2020-01-22,578.0901489257812,584.6823960803707,575.0852302757627,581.4445362366947,18368310
2020-01-23,579.95361328125,580.8853779511385,573.5011543163528,577.6940953308509,11508920
2020-01-24,579.81396484375,584.2165307845122,577.2748716363558,580.4894715769556,11831756
2020-01-27,565.2085571289062,575.364817135002,564.5330503346871,575.364817135002,18888552
2020-01-28,569.8672485351562,572.0103527691359,565.2317420572961,567.8174117606746,13412158
2020-01-29,575.7607421875,578.6259302694377,569.4247530368923,570.8457170791959,13788350
2020-01-30,571.1951293945312,577.2049667543175,567.0720247294748,577.2049667543175,12111984
2020-01-31,571.3116455078125,576.6692934420341,568.4930340638174,573.7108945211547,11178268
2020-02-03,555.7044677734375,558.1037162843933,548.6695990713132,557.6611508176194,13077010
2020-02-04,572.9421997070312,574.8988830437811,558.1271166016611,558.1271166016611,20897704
2020-02-05,579.8604736328125,581.4211681186657,571.7774262994742,575.3181207568854,18020682
2020-02-06,577.6009521484375,581.7472595087551,576.3896125591639,579.8604701400541,11827550
2020-02-07,578.7190551757812,580.9553132918676,573.7807134456975,580.4894309235501,6815448
2020-02-10,577.8339233398438,579.0684661177814,571.1950996008843,579.0684661177814,9219834
2020-02-11,577.9736938476562,584.6824117792048,576.7857278503509,579.2316104494273,11613520
2020-02-12,581.8870849609375,583.7040375931034,579.5809899584544,580.1167091920769,6297930
2020-02-13,578.3463745117188,586.9651981930836,574.7124693465487,586.9651981930836,9112140
2020-02-14,568.0736694335938,581.6075753387364,566.0470924519831,579.1849528372734,14688858
2020-02-17,567.0487670898438,574.4329916588214,565.7908505041116,570.7059325077503,10152690
2020-02-18,565.2318115234375,567.6776940789686,560.6894582060227,566.9322936266028,10529116
2020-02-19,571.7308349609375,573.0353283753209,565.5346334186361,569.5412105193737,10012268
2020-02-20,567.0255126953125,573.0354076126503,565.6278653596719,573.0354076126503,11123414
2020-02-24,563.6943969726562,565.9306552798603,559.0588897598949,563.228514564523,16568084
2020-02-25,559.1986694335938,563.2518235796754,558.1271171616635,560.9224115714882,13886680
2020-02-26,558.7094116210938,561.2484476958087,552.3734229968032,557.8941175036563,13814786
2020-02-27,558.8025512695312,560.2235151580101,550.2070448246236,556.729397599852,20655098
2020-02-28,548.6464233398438,552.0706476282661,545.1289884485627,547.6447647991787,24313056
2020-03-02,549.5548095703125,559.5945969771311,543.2887147008902,559.1519746216763,14664898
2020-03-03,550.579833984375,552.2336823548427,544.1506342222837,547.4118109684788,22369550
2020-03-04,535.22900390625,549.7412525837075,527.8913558315098,548.9725352208427,34288870
2020-03-05,536.3937377929688,542.7530444952581,532.3871601690611,537.1624551957361,19549708
2020-03-06,528.7299194335938,531.5252136871466,512.936495526939,524.1176725411502,23053566
2020-03-09,515.87158203125,521.0428650742571,496.16473461255987,517.1294417088652,34420590
2020-03-11,518.8997802734375,521.7882280735403,508.7435223717018,514.7999928761268,35538240
2020-03-12,475.8056945800781,503.15299744295385,467.48970502420036,500.823585417755,59000770
2020-03-13,498.4009704589844,503.82845444558325,428.239070125055,456.5880002991171,66342364
2020-03-16,465.6494445800781,483.1200340465643,463.55297384409977,482.18826927501834,31986322
2020-03-17,454.2818908691406,470.5411970727661,444.7779075141395,469.60943232608736,42676838
2020-03-18,408.5322570800781,462.62118826098185,402.9882455647022,458.8941293424644,61181406
2020-03-19,417.2209167480469,428.5884570232675,370.37645395108507,394.6023352158101,67220048
2020-03-20,411.30426025390625,426.0960262664663,384.1433223651283,407.6470948343316,88637464
2020-03-23,359.4515686035156,390.75887231703,356.40004449779786,370.19015249251925,50276954
2020-03-24,357.6579284667969,377.3647485366708,344.1706271376118,370.4929830540586,61057272
2020-03-25,399.144775390625,404.12972312222985,351.8577083323835,358.9391270173094,47228042
2020-03-26,419.8066101074219,436.8579226365537,391.8070898523411,405.36425602249614,57043156
2020-03-27,421.3673400878906,460.59464364275357,406.2960274682874,440.2355771858335,55235936
2020-03-30,387.45111083984375,413.2376904059768,385.7506286991531,409.9765135933028,39268444
2020-03-31,401.54400634765625,406.99480706067453,390.4094068776613,397.77034227494914,35211092
2020-04-01,386.5193176269531,402.4524718496196,382.02354140583975,402.4524718496196,29103504
2020-04-03,379.1584167480469,393.2047838484705,377.36478070765537,392.7389014031524,34996280
2020-04-07,417.4772033691406,422.6950918874773,393.8336717898319,407.18121379932654,60412638
2020-04-08,414.12286376953125,440.2588542172346,403.5007226339045,409.9532107330256,56219352
2020-04-09,430.9645080566406,433.68993715538386,414.6353356379403,425.3506308285837,44457146
2020-04-13,417.1277770996094,441.0508543473895,412.8649703884256,435.1341424408637,34158056
2020-04-15,402.1962585449219,433.503560602156,392.7388517868002,433.503560602156,57978752
2020-04-16,409.8600158691406,414.9614335184059,398.9117801511244,402.98825089719423,53854396
2020-04-17,424.0927429199219,428.61180788575837,413.35415928982513,426.2823958863792,55883462
2020-04-20,440.18896484375,447.68968838432136,435.60003467605725,443.0541529165032,66232986
2020-04-21,429.3805236816406,435.13415992541616,423.02121757203196,430.94121834155237,33178006
2020-04-22,432.61834716796875,434.6682409215296,422.69505860889075,428.2157816238388,38289354
2020-04-23,444.8943786621094,446.5482554024853,425.14095463381267,435.60001961536125,40901222
2020-04-24,437.0209655761719,446.50168917234726,431.40708852378333,434.66826521888754,33284568
2020-04-27,433.1308288574219,446.0357757102357,431.546817484654,440.328716891437,27421072
2020-04-28,433.9228820800781,439.6998068235012,429.54357611222713,439.6998068235012,29441436
2020-04-29,455.2136535644531,462.481435616918,435.1807116011362,435.60001710933346,55877778
2020-04-30,466.7209167480469,474.7340985839027,462.20185241894205,466.53458087547415,43793134
2020-05-04,430.0094299316406,447.2470777187162,427.4470768822105,446.082371787157,26722324
2020-05-05,424.6285095214844,439.7929756099782,423.04449802338365,436.99768127347414,29672858
2020-05-06,440.9111328125,442.5882981471858,421.92642423408125,428.14594315501444,33785846
2020-05-07,430.9411926269531,439.46683431837005,429.24071060088437,438.16236936826965,21831730
2020-05-08,432.8280029296875,439.7696615007863,431.0343672092372,438.8611852074246,20807484
2020-05-11,426.65509033203125,444.45180345293176,425.81650771067046,436.5318027624707,28550784
2020-05-12,420.0162658691406,423.6734597165937,405.8301413102837,419.7600362399419,49568418
2020-05-13,432.1758117675781,447.2470957556799,429.5901417470769,443.05415423297035,44346966
2020-05-14,416.3591003417969,424.41886005424936,414.63532980052906,418.36238894480346,39554890
2020-05-15,413.7734680175781,415.7534682323334,407.6471030378416,414.8682802916548,24349628
2020-05-18,389.7805480957031,413.7035996041341,387.2880600234504,413.7035996041341,46649964
2020-05-19,386.9852294921875,404.0598025039332,384.8654418100109,401.0548553170285,47460692
2020-05-20,399.3077392578125,402.5223387538858,387.70728613956777,389.6872860697807,40014306
2020-05-21,400.4492492675781,411.84008071651886,397.07160154676956,401.3344372857352,48478908
2020-05-22,390.805419921875,405.45742634117755,388.10330782681336,396.00001979086005,42047432
2020-05-26,397.1181640625,406.1329770132901,395.41768195013475,399.26121170104915,38005152
2020-05-27,420.99462890625,423.8597885151024,399.33109798692743,400.6122745466723,56025754
2020-05-28,440.3753356933594,442.58827707875315,425.7932223566478,428.6118051710031,75488806
2020-05-29,443.35699462890625,444.9176892853015,430.21910534202704,439.7929829165703,53025166
2020-06-01,460.12872314453125,463.55294710838655,450.08893556201167,454.2352999303285,39190230
2020-06-02,466.3482360839844,468.2117654989054,454.3284770447843,459.6861241126822,41623594
2020-06-03,476.24822998046875,487.4294063263051,473.0802357028555,475.19999469804657,50546088
2020-06-04,466.6743469238281,484.0284357004369,461.73597704538673,478.9503636770618,54275882
2020-06-05,481.4195251464844,485.6357832510225,467.1868247410071,467.32658376191273,35195984
2020-06-08,473.2899169921875,496.93344756617995,468.8640344216865,493.83531839274775,49812664
2020-06-09,459.96563720703125,478.3447015511881,456.35504900442913,475.19999569730885,61844146
2020-06-10,462.0854187011719,465.8124776723893,455.7261413926541,461.22354768815916,36497730
2020-06-11,451.2536315917969,460.47812484452623,449.5764665105017,458.8941134848126,30897714
2020-06-12,457.84588623046875,459.6628387964081,432.3388271909183,432.3388271909183,42644876
2020-06-15,442.51837158203125,453.7694425427741,439.32708862200815,450.97414823552907,32009936
2020-06-16,461.409912109375,463.0637888411654,443.520017669628,454.2353122141673,45399970
2020-06-17,456.21533203125,465.3699324014146,453.42003768130104,460.75768534991704,36957838
2020-06-18,475.1767272949219,477.4828507053401,452.83766204506156,456.5647209919345,40870126
2020-06-19,481.4195251464844,485.91530129283376,471.54284186645083,474.2449538663695,47877752
2020-06-22,479.2764892578125,487.28964329238073,476.97036583388126,484.2614078803022,29694474
2020-06-23,485.5892333984375,486.84709309175526,473.5927335305896,484.0517987773528,28830512
2020-06-24,481.0235290527344,492.6705878675706,479.8821400370422,488.4776466942295,39429246
2020-06-25,479.2764892578125,488.7106072723648,469.1435476866267,476.08520638993417,70646790
2020-06-26,492.181396484375,495.2329486906024,478.92706609025333,484.983536770383,39969138
2020-06-29,501.312744140625,504.36423952455726,483.12001494724564,483.12001494724564,46005956
2020-06-30,496.5606994628906,502.4774395265227,492.11155707015206,500.3576520513276,35746130
2020-07-01,505.29608154296875,510.6071527172125,494.4410548455908,496.5607858190201,34846718
2020-07-02,507.53228759765625,517.7118064562576,505.57554743526117,507.9515931231987,36954496
2020-07-03,500.3343505859375,510.5139259089309,498.49413796497714,509.2094325193645,27597254
2020-07-06,513.8682861328125,521.7417100505432,512.4706389357151,516.1743812598592,35558216
2020-07-07,514.869873046875,517.9213682138314,509.2327081767887,516.8498729673468,24349850
2020-07-08,517.29248046875,524.0710917307265,514.8000211521851,515.7317858963519,30056350
2020-07-09,524.0943603515625,526.3073016553748,515.8482649781512,520.8565005604632,20114484
2020-07-10,514.8466186523438,521.7882776487165,512.2610055058834,520.809936002207,17562978
2020-07-13,503.26947021484375,518.5271190457034,499.09984541991827,517.0828949579333,29922114
2020-07-14,493.2995910644531,497.98173215280553,489.1765430046395,495.0466501466126,26612674
2020-07-15,490.6440124511719,502.68705992705804,489.2230485234201,498.58727246401384,20974394
2020-07-16,495.0233459472656,496.39767622101897,481.7689581051824,490.8769813884191,23662456
2020-07-17,511.7485046386719,514.3341747326389,493.04337158833795,493.39278339182476,28405738
2020-07-20,527.8680419921875,537.1157956611263,523.7216775257698,528.7764898653795,65124096
2020-07-21,530.430419921875,539.4684928262943,528.310632291062,536.7198322110544,47512422
2020-07-22,524.74658203125,533.2023581945233,520.6468514072179,530.4070640493358,24718012
2020-07-23,526.6334838867188,532.9228963769175,520.041236458095,524.1177075165571,20149122
2020-07-24,521.368896484375,523.1392720605776,513.0529083898881,523.1392720605776,19598440
2020-07-27,502.91998291015625,513.8682178322393,500.9865598370696,512.4006770962626,37970094
2020-07-28,506.25115966796875,509.86174854136647,493.60244017611194,502.68714766401587,35596450
2020-07-29,495.9783630371094,507.1129631284812,491.76216168272254,503.6188453301683,33592086
2020-07-30,489.4794006347656,504.85352127018416,487.6391308607011,500.3577443163499,26956266
2020-07-31,481.16339111328125,492.7638179952344,475.2233617614836,492.7638179952344,37726696
2020-08-03,466.81414794921875,478.4378906614677,462.62120650057307,477.9720082782848,31783542
2020-08-04,485.2863464355469,494.3244751236891,467.27998278370933,469.6093944625912,60306168
2020-08-05,478.71746826171875,491.8786456601499,475.2000335008773,488.2214234354095,33221360
2020-08-06,484.84381103515625,491.50595237955605,478.111832824189,483.12006883184796,33646888
2020-08-07,486.3113708496094,487.87206564063575,475.47960418131333,482.11842891349477,24836784
2020-08-10,489.4794006347656,495.6989198813746,486.2881172708906,486.3812710114239,22172854
2020-08-11,496.9334411621094,498.96001809682474,488.47766477546287,488.47766477546287,20136148
2020-08-12,495.55902099609375,496.63057312341414,488.2446910256454,496.1646907846492,20666432
2020-08-13,493.39276123046875,499.1230804280221,492.2047384038107,497.53906894928076,19892740
2020-08-14,481.9320373535156,496.5840733030116,478.60102361089946,496.5840733030116,20924512
2020-08-17,481.1400451660156,487.77886931863316,475.2932267747865,487.77886931863316,19561012
2020-08-18,492.2047119140625,494.6040174351927,476.13177054062646,478.9270646925284,24040824
2020-08-19,496.91015625,498.4010140515983,492.0882847861772,496.16475578440594,17715624
2020-08-20,493.369384765625,498.0048911755551,490.10820847350095,491.482538591307,19216734
2020-08-21,505.78521728515625,507.2527581564237,495.97837043675077,496.3510990889611,28924302
2020-08-24,520.4139404296875,523.1626010023112,505.78522218017514,505.9482696406922,36779740
2020-08-25,521.6484985351562,525.0494627903026,515.3590861592298,521.3224036045685,27601738
2020-08-26,521.066162109375,527.2624209508879,516.8965372608881,522.2541850107756,25190062
2020-08-27,518.1077880859375,526.40051727272,515.3823875124955,524.490410871614,20645996
2020-08-28,519.2258911132812,524.117655901697,510.1411850776518,518.0378683450753,38696610
2020-08-31,519.8548583984375,535.2057174156104,512.7967287494497,526.2141644558503,38501166
2020-09-01,525.189208984375,532.7830573562773,516.1976566572553,525.5153038893357,28877884
2020-09-02,528.3804321289062,530.6399499534871,522.1142809505875,523.6982921752747,19761682
2020-09-03,526.8663940429688,533.8778897281048,525.5153237691262,529.8247357769847,19833362
2020-09-04,521.4620971679688,524.3039679112486,514.5204393105017,517.1293688966209,23661370
2020-09-07,517.3623657226562,521.5553070027138,512.0047185314716,520.0645061846334,17615466
2020-09-08,518.2708129882812,521.2292114954615,513.8682473974536,518.9929534005107,14624918
2020-09-09,510.8400573730469,517.1294698441241,508.3941747454058,512.9365281967393,15728872
2020-09-10,508.0680847167969,514.7301690541818,505.0165321846751,513.8682979701998,15188088
2020-09-11,502.5240173339844,514.7301123776449,498.96000591763453,510.8166891924452,20794730
2020-09-14,492.8802490234375,509.6753318381128,490.27131902796395,506.8800375135893,21650590
2020-09-15,498.7270812988281,501.3593280856497,492.95012848793635,497.5623753639873,16505110
2020-09-16,509.51226806640625,510.60708026771647,497.72542129381543,498.58729230887207,18710112
2020-09-17,504.83013916015625,509.6753273204653,502.2212091878077,505.0165034875543,18318686
2020-09-18,492.57745361328125,508.83670286508107,487.8719961697908,508.7435491390424,23481778
2020-09-21,488.850341796875,499.12301284477115,485.21643694771416,491.50584827636914,19842878
2020-09-22,482.3746337890625,492.97345806947664,479.6259163378624,491.06335166115406,18620678
2020-09-23,487.89532470703125,491.505913168697,481.88543060320916,487.3129717293432,16079828
2020-09-24,480.0452575683594,487.7788943763663,477.5294811229947,483.5859525908961,19809510
2020-09-25,486.3812255859375,490.08496791766635,477.83229492026675,489.1765199858567,20321544
2020-09-28,491.13311767578125,493.36937555393087,485.7522110164842,488.68723550235524,16152422
2020-09-29,495.0233459472656,498.4475700684675,489.64238170651424,492.90355836868895,12644446
2020-09-30,502.500732421875,506.36757899120147,490.10827227271136,493.8353313774468,18813842
2020-10-01,515.70849609375,517.1294601513388,507.85838908625533,507.85838908625533,21203080
2020-10-05,519.1560668945312,527.3789030377089,517.5953721509669,518.0612545741451,16940126
2020-10-06,533.0160522460938,534.8330050135146,524.6767457589959,528.7998505709778,19371990
2020-10-07,541.4717407226562,542.6830234125715,529.9877298572328,533.3886936312274,21248778
2020-10-08,555.2387084960938,560.456569017249,541.9843191049002,549.7412730177505,35060674
2020-10-09,574.689208984375,576.2964803811725,555.1687266903496,559.5247153902895,44972388
2020-10-12,565.4181518554688,578.9753174994802,561.6677760146721,573.7574576839783,19220546
2020-10-13,558.3367309570312,569.5179083853134,556.7294594498794,565.3017068523109,18353952
2020-10-14,564.41650390625,565.7209973196525,547.6447382103152,556.9857026863531,22582918
2020-10-15,544.7330322265625,566.9789182978204,542.2871494648011,565.6744247433821,28246896
2020-10-16,558.7559204101562,560.689343312901,546.4799332829521,549.7411093553993,25822848
2020-10-19,560.7127685546875,575.3647468497838,555.6113223045031,575.3647468497838,42359556
2020-10-20,570.2166748046875,571.824003021098,561.8075325791795,562.5529329589159,27411978
2020-10-21,580.8154907226562,582.8188075334824,569.1684322187897,573.3147964202468,35640752
2020-10-22,574.57275390625,582.3529667944613,569.7741427117008,577.670826193271,21913060
2020-10-23,575.7373657226562,581.6307312868879,573.5942616588655,579.3246366635275,15866230
2020-10-26,564.1370239257812,578.6259555613264,561.2019419827403,572.9422128844924,19571976
2020-10-27,574.4795532226562,575.8306235030151,558.0571992756649,571.1717996882658,24317780
2020-10-28,563.53125,573.9670254736002,559.7576145345216,572.1034961701145,16571186
2020-10-29,553.0955810546875,561.1320527238242,549.0424267871138,559.3384167978385,23060024
2020-10-30,551.3951416015625,558.7327894592289,548.0407541729544,550.9292591979012,11522716
2020-11-02,566.1636352539062,570.7059890442584,548.5765731425423,556.4266808830681,21926080
2020-11-03,581.39794921875,582.7024427562156,570.938911531275,571.3814770866223,28164230
2020-11-04,585.8004760742188,589.2480168254118,573.0352883578572,583.2847000195425,23404822
2020-11-05,591.2978515625,594.4658742675733,583.4477453962918,589.8070508015264,21433928
2020-11-06,609.2111206054688,610.3059328513875,589.5741664300999,589.9235782237172,35705724
2020-11-09,624.53857421875,627.054293280216,612.7284117705964,612.7284117705964,26288440
2020-11-10,649.2769775390625,649.9059073656576,629.6633410994561,632.2023772725429,41517356
2020-11-11,647.55322265625,659.1304458555891,638.491832675096,652.1887866837259,36116194
2020-11-12,639.0508422851562,646.9010059383767,633.6000411498976,641.7064059916323,27053948
2020-11-13,633.0409545898438,637.6997780505568,627.543520158041,637.6997780505568,22472480
2020-11-14,638.119140625,640.5650233786753,636.0226696932782,637.2340095057151,1835066
2020-11-17,656.172119140625,658.1055426974898,643.1973041796572,645.619927061055,31059900
2020-11-18,656.2884521484375,661.087063163395,651.7927329093654,653.6329454674019,18862776
2020-11-19,640.285400390625,651.9790360753676,637.3270588235295,647.4366831341912,20266882
2020-11-20,653.9358520507812,656.1487934843398,635.9528025121568,639.4934974317682,20405362
2020-11-23,649.7195434570312,663.253449087629,640.7513078120443,659.223555202943,25246636
2020-11-24,670.031982421875,673.2000051944815,653.1903807294234,655.9623580026505,40154400
2020-11-25,653.539794921875,682.2381368168991,650.8376544957778,676.1350892977126,24152602
2020-11-26,664.6510620117188,667.1435211951758,646.1788155710258,659.2235212927192,27943126
2020-11-27,671.2666625976562,673.6659683958317,659.4798716850385,667.0504608872737,17994580
2020-12-01,667.749267578125,675.0635985199283,664.1153621050089,671.266645580672,17147574
2020-12-02,655.4732055664062,667.0504284490065,649.8127800267889,666.6776997890113,17892150
2020-12-03,641.6131591796875,667.1435350861752,640.1456752517646,665.745888015464,37933222
2020-12-04,645.526611328125,652.9108356424312,639.7962922032295,643.3835637642517,26912322
2020-12-07,639.30712890625,642.8944006689825,632.71488151539,640.5883055172845,24316318
2020-12-08,641.1939697265625,647.0174997252765,635.9993695936276,640.5882998585322,19457896
2020-12-09,655.5897216796875,656.9175320791015,640.6116473043894,641.5200952793869,22069074
2020-12-10,645.64306640625,653.1670780012442,640.9376658774692,651.3035485347642,19727966
2020-12-11,644.22216796875,649.905910169742,639.6564979663483,647.5998151721411,21356384
2020-12-14,639.2605590820312,646.644783892893,637.3271357099983,644.3153718471693,17222050
2020-12-15,648.1822509765625,649.8826763585706,636.3954026881263,643.2904854361341,21561436
2020-12-16,657.2202758789062,660.062204002033,649.673003782129,654.0988865615698,16832092
2020-12-17,671.709228515625,673.2000293618969,654.3317932448334,660.9007233337297,21924478
2020-12-18,657.5230102539062,670.7307628385558,655.1703386268847,668.5411386517594,22995918
2020-12-21,639.4935302734375,663.3466879919946,636.7214956867946,660.3883459292866,23761824
2020-12-22,639.7030639648438,645.1539217572246,626.6117808832962,645.1539217572246,22851558
2020-12-23,640.89111328125,643.3602557955827,634.0892418451367,637.0941604754499,15467394
2020-12-24,650.8842163085938,654.0988158803772,641.5199924980623,647.296944981058,14952188
2020-12-28,658.221923828125,662.0188766835374,654.0988760476331,654.5647584379803,11699194
2020-12-29,664.9073486328125,668.4247835544119,661.553018050019,662.0422173256148,14495346
2020-12-30,667.3765869140625,670.8241283008254,658.2918794482166,670.8241283008254,16216726
2020-12-31,669.1469116210938,672.7341833408832,663.9057346386942,668.5412417549636,22145750
2021-01-01,663.9057006835938,672.2682665596484,661.8324899943431,670.8706194358238,8810938
2021-01-04,659.6895141601562,669.9389275157519,651.7695129308323,669.9389275157519,15740192
2021-01-05,664.67431640625,666.5611626446863,656.4282216783945,661.1801988316666,14386824
2021-01-06,661.8091430664062,670.8705313141212,658.3382857092427,668.5411197470582,22134050
2021-01-07,659.8058471679688,667.4230118582813,658.0821053021689,667.3764349995519,19894842
2021-01-08,666.9805297851562,671.8024011097472,662.9972126337416,667.1435772462953,13768764
2021-01-11,676.2049560546875,682.4711081726593,669.1468835112166,675.5294493534971,17331392
2021-01-12,689.9717407226562,693.0931296307018,675.1100828063389,676.6707772603617,20388156
2021-01-13,685.1499633789062,697.379376386846,681.1666461081561,695.5158467856361,16934650
2021-01-14,684.2647705078125,693.2330066489362,678.3247699468085,685.3828996345541,12297166
2021-01-15,683.2864379882812,685.615850004148,673.2000725854961,684.4278271278918,14165236
2021-01-18,690.9501953125,700.151372968801,683.4494998376483,684.8005702093648,42825632
2021-01-19,700.6171875,704.2510927173035,683.4494336192288,695.0033390897886,17360254
2021-01-20,695.0964965820312,699.2894379153008,692.3012023598515,699.2894379153008,13346052
2021-01-21,687.0834350585938,696.1914025031128,683.9853055045107,695.0965901594512,26333054
2021-01-22,672.5245361328125,683.8687607747444,670.9405246579323,683.8687607747444,15392364
2021-01-25,681.5159912109375,689.9717673229738,677.9287198278455,682.5642265090312,20344718
2021-01-27,656.7078247070312,685.7323211979973,655.1005531628573,683.9153684499677,23556276
2021-01-28,638.9344482421875,652.8410845431875,625.2142331612923,647.5300133643067,42704446
2021-01-29,647.8094482421875,656.3118016621228,635.6965063836496,648.2054368904044,28704502
2021-02-01,687.9918212890625,690.6706450387913,652.7012301513299,657.010642270459,26370544
2021-02-02,727.0327758789062,735.3953419095049,697.6122920046123,699.2894572101152,42420206
2021-02-03,733.6715087890625,736.8860513380059,718.3905457677616,735.6281918075847,20237254
2021-02-04,735.6747436523438,739.8211075815088,719.0660279424447,729.5716967711857,24484684
2021-02-05,744.2936401367188,753.9141221565797,721.1858866666988,721.1858866666988,27054716
2021-02-08,747.8577270507812,760.157033858061,743.4085273561383,754.7294924916777,17447580
2021-02-09,750.9326171875,758.456630144404,739.2156621720582,750.0707460273283,18421366
2021-02-10,736.9094848632812,752.3301809012268,730.0377194757463,749.3019453067199,19788006
2021-02-11,732.5301513671875,744.3868921016784,728.7331985828974,737.0259277239086,13648618
2021-02-12,737.0025634765625,741.9176450348452,732.8329391772756,733.2522446678597,9910106
2021-02-15,753.1453857421875,757.0588088048595,743.8743157248965,745.458327068169,10355244
2021-02-16,757.8275756835938,764.5129763820796,749.3484823473618,755.2884826208972,13897358
2021-02-17,739.1224975585938,755.5681705833551,737.4919090042571,754.7295594358159,12794426
2021-02-18,724.12109375,748.1838760972279,721.1860116520872,748.1838760972279,14720560
2021-02-19,717.0396118164062,728.7332490305126,714.1977404658691,719.7883294323337,17139508
2021-02-22,721.1859130859375,733.2522779153973,717.2025960503815,719.8115828343564,29451838
2021-02-23,712.4041137695312,725.7050227355288,709.3758780401585,723.8648099250751,18239906
2021-02-24,748.416748046875,751.9108659969904,706.3941789149849,711.1694734468092,14314332
2021-02-25,748.3934326171875,762.3000096545275,746.3435388642035,749.9541271452258,20109570
2021-02-26,714.8499145507812,740.2405035257096,708.6070794654332,739.3786325217429,27912846
2021-03-01,726.2640380859375,732.6233438115595,717.7849448283059,728.640026799245,13536018
2021-03-02,730.5967407226562,739.5882935913318,722.5835863686019,734.090858645135,16110038
2021-03-03,739.2855224609375,743.5483580683066,729.1060027424184,737.9577689098983,11222410
2021-03-04,723.07275390625,731.9012020549309,717.0395431025222,721.4421656139571,16291438
2021-03-05,712.800048828125,720.0678026577812,708.653684228834,713.26593121298,17445822
2021-03-08,707.9082641601562,724.4470883639638,704.6470875565886,718.3906175287667,15117050
2021-03-09,727.9412231445312,729.432024021368,716.6435753613281,719.7882814453125,15066696
2021-03-10,724.7965087890625,733.7647445558563,723.1193436041591,732.3670974233689,11055016
2021-03-12,723.0261840820312,745.4118566502228,715.1528168424925,745.4118566502228,15631204
2021-03-15,712.1710815429688,721.3722581601378,705.9515634062038,721.3722581601378,12230386
2021-03-16,704.4840698242188,717.645247386773,703.482411308208,713.219364666622,13722366
2021-03-17,696.6572265625,716.9930044366868,694.2579208590815,710.1212391245092,21064428
2021-03-18,694.6305541992188,709.0962232974033,690.0416246216812,704.2976125490737,18065540
2021-03-19,697.6588745117188,704.0414404652653,686.7339552850576,691.8353446743922,21235020
2021-03-22,684.4511108398438,696.4475821404212,680.3746400095504,696.4475821404212,14015632
2021-03-23,698.8934936523438,702.2944010496999,684.4278223858715,684.8471279199046,19761428
2021-03-24,688.9469604492188,701.8285641464461,685.3130547459084,694.584126479912,16368900
2021-03-25,681.7489624023438,696.7504090066333,675.645914661059,694.257892802887,23964356
2021-03-26,694.7704467773438,698.357718513874,686.7106584986326,696.0283065108258,12021258
2021-03-30,723.8414916992188,727.9645966039669,699.5457690431183,701.9217580060904,25607644
2021-03-31,695.865234375,721.1859305763878,693.2329875307913,721.1859305763878,30774506
2021-04-01,692.6505737304688,698.5439967458411,682.5176327661925,698.5439967458411,35763762
2021-04-05,675.3430786132812,691.8353260425176,666.6776778227897,689.5059141703206,16006586
2021-04-06,670.987060546875,681.4228366536412,667.4463660295091,680.1882370410952,15075734
2021-04-07,674.2249755859375,678.6508583140842,662.2751377162687,670.5445501820166,25088180
2021-04-08,667.5162963867188,680.6075798822934,666.4447441652386,676.9270977085577,17613592
2021-04-09,662.3682861328125,667.5163092761001,659.2701568738823,664.3482862847833,28157816
2021-04-12,636.884521484375,651.7694405705431,630.3388513880949,648.9741463293542,22549128
2021-04-13,652.3984375,655.2403088967475,634.0659755901213,637.3271525402541,18600682
2021-04-15,666.2584228515625,669.3332353820249,648.0424320032669,654.5647857401797,34444984
2021-04-16,665.5828247070312,673.1999896868467,663.1835192520597,668.5178493633546,15606526
2021-04-19,658.0122680664062,660.481410495047,639.3303964800215,647.5764916470772,24069242
2021-04-20,648.2288208007812,664.5347057583308,644.7579625947119,663.8824589859461,23186270
2021-04-22,662.7177124023438,664.7210294656783,638.748085728293,642.9177104500769,38485312
2021-04-23,658.8275146484375,668.3547856399512,652.3284219605015,656.4282092518963,22713528
2021-04-26,654.4715576171875,665.7458879042123,653.5164760375324,658.2917701949979,30170952
2021-04-27,670.2650146484375,671.8024493820121,654.4716461128326,655.6130352932292,20592906
2021-04-28,688.01513671875,689.04005522921,666.6777004956049,669.1235830445929,24103940
2021-04-29,686.0117797851562,700.5240267723495,680.6541326085659,692.3943454125842,24078552
2021-04-30,657.9657592773438,677.2998795534614,655.7295009309773,673.200091541927,35232902
2021-05-03,658.9673461914062,662.4382042371565,641.6598603108004,648.9741913343149,22473700
2021-05-04,646.8078002929688,662.9506363685042,644.4551283620439,656.87084847304,21486328
2021-05-05,653.4466552734375,656.7078321353601,643.7097015544721,652.701254793366,14421612
2021-05-06,652.6546020507812,657.266848736233,649.9058847840652,655.7759910790016,11477044
2021-05-07,659.1070556640625,663.8590328931218,657.0105850858768,658.2684446846265,12048334
2021-05-10,661.4830932617188,666.2118108456489,658.1986565682562,664.8141636900286,11060050
2021-05-11,653.8892822265625,663.5097085397368,649.9292817238612,650.3718472671749,14519034
2021-05-12,652.00244140625,656.2419600191607,647.0407823001372,652.1189120102882,13774926
2021-05-14,646.1089477539062,651.7228530109861,644.0124771074226,649.6030654980458,10604142
2021-05-17,670.987060546875,672.0818727050178,643.5233185186172,649.9757777493439,15120692
2021-05-18,687.968505859375,690.7871170805363,677.8588806961257,679.6990933972745,22165280
2021-05-19,679.349609375,688.9700911258076,676.7174196350752,684.9401974873838,10130916
2021-05-20,667.5162963867188,682.9369917808087,665.5129794058325,679.4195570658875,10684184
2021-05-21,697.5657348632812,699.7087825125944,672.2682979911269,672.2682979911269,19341646
2021-05-24,703.4591064453125,708.3508716405386,698.1247757186825,700.3377171165229,22146102
2021-05-25,689.0167236328125,705.2294532162696,685.0800402672332,703.7153354802148,19236974
2021-05-26,688.1316528320312,692.7671601737984,684.8471590151202,689.5059832261073,12283990
2021-05-27,690.7405395507812,693.6988813645199,681.3296811145242,686.2913399610924,20439496
2021-05-28,700.4308471679688,704.8800466813714,688.9235750364031,694.5840573735902,17750020
2021-05-31,706.207763671875,707.9082456590891,693.0000101466898,698.8235396437208,15661054
2021-06-01,704.2744750976562,711.4024993124107,702.2013209486778,708.2811096536399,11030162
2021-06-02,700.6870727539062,703.5755206514051,695.5623667696689,703.4823669271267,10624016
2021-06-03,708.3974609375,710.4472978705807,693.1164964428573,702.5506144418275,10287260
2021-06-04,699.2661743164062,708.4440918339504,698.450880106164,706.2777272726534,9424476
2021-06-07,698.753662109375,705.3459090268713,696.9600263568028,703.4823795446339,8091668
2021-06-08,690.9269409179688,699.4292950237635,690.2048004238322,697.2163535441731,9872540
2021-06-09,689.6456298828125,699.7552536082195,685.8021006935529,691.3227948822273,10223442
2021-06-10,689.9951782226562,693.698920699178,686.5476369538969,690.4843206395184,11483540
2021-06-11,692.4642944335938,697.2163290397356,689.9951518338157,694.6306589694518,7205974
2021-06-14,689.2496948242188,692.3012472963337,681.3763277503531,688.690658691659,8881964
2021-06-15,694.2811889648438,696.9600125424635,687.083329230532,692.3011889292118,7569602
2021-06-16,691.64892578125,696.0282312475173,688.620690504738,693.2329371461217,7702098
2021-06-17,683.0302124023438,688.9236364568519,680.1883409819129,682.9836355338933,9283802
2021-06-18,689.4127807617188,694.1647583728865,677.8588747869461,684.6141694154071,11938060
2021-06-21,693.55908203125,695.0033629173906,679.722397980227,680.8172102081012,7260472
2021-06-22,691.2763061523438,702.5506371300067,689.5059303397944,697.4259308909948,14366824
2021-06-23,692.068359375,697.798736091737,688.8537591892796,694.1648303391114,7844868
2021-06-24,701.7352905273438,705.0896207031966,693.2329376296681,694.1647023307831,14785024
2021-06-25,705.8584594726562,709.0730596189934,702.0848231575709,703.9949297496103,10383176
2021-06-28,702.7136840820312,709.5388723967646,701.152989466271,708.1412252416824,9356786
2021-06-29,702.8073120117188,705.6848435152247,698.1751031497531,705.1233878844295,10971692
2021-06-30,700.8655395507812,706.0592041820919,699.0875014782571,700.912318001838,9679022
2021-07-01,695.6484375,702.783893139398,693.8938172608038,702.783893139398,16911442
2021-07-02,692.6773071289062,696.8181995606326,691.0864399872784,694.8296299127342,14827036
2021-07-05,699.7191162109375,703.9536224628647,694.619065869047,697.1456732574342,7373882
2021-07-06,718.084228515625,720.5641148744752,699.9765687352045,700.4444675110971,17669032
2021-07-07,720.3301391601562,723.0673354757794,714.8089109597926,717.7566959868007,9629190
2021-07-08,711.4165649414062,719.4878176227463,708.1412739982538,713.5455269010719,8420922
2021-07-09,702.7838134765625,709.3343949603653,700.6782694281974,707.7201673699005,10695842
2021-07-12,695.7655029296875,702.7839848018767,694.3618065552497,702.7839848018767,14458978
2021-07-13,702.7136840820312,704.7022536501623,694.408481768072,700.0232664310304,18178142
2021-07-14,701.4503784179688,705.2871250803108,697.683770870483,700.6783341056623,9788494
2021-07-15,711.5336303710938,714.3644407510643,701.684395620024,704.1876425939753,10438802
2021-07-16,712.3056640625,715.8616832062033,710.6446577386265,714.9258856885684,5170628
2021-07-19,688.279052734375,696.6310338952321,685.93955901332,695.765432641751,25111600
2021-07-20,675.248046875,680.3247365462768,671.9727558462353,674.7099519255372,24174250
2021-07-22,677.8448486328125,687.1092660782373,676.113646226117,681.3073105627461,13207114
2021-07-23,675.0609130859375,681.9390017779525,671.5750902888267,679.1550270970288,13126684
2021-07-26,671.22412109375,675.645741081775,668.2061401271644,669.0951591045279,13167166
2021-07-27,673.6571655273438,678.4063488416765,671.9493238181005,671.9493238181005,22401430
2021-07-28,663.1528930664062,673.1658801980516,656.9298171089981,671.4580955262957,20670342
2021-07-29,663.5973510742188,669.0717431809376,661.281275286732,668.2763382138219,13702230
2021-07-30,667.4341430664062,669.9140292656406,658.7780162695392,663.9483202569891,11655488
2021-08-02,665.6561279296875,671.4346657200673,662.6615646871396,671.4346657200673,13258786
2021-08-03,671.2943115234375,673.7274192851925,659.7372352838776,659.7372352838776,12033120
2021-08-04,685.6119995117188,689.9166447776518,673.7741393555907,674.2420380634766,22053948
2021-08-05,694.7593994140625,705.1467852148428,681.915602462393,686.4541971765548,18822408
2021-08-06,698.4091186523438,701.8481632288552,689.6827950662217,694.151251218732,13339270
2021-08-09,703.6728515625,705.2870791969536,690.6184666835877,698.1048457262282,10998048
2021-08-10,705.4276123046875,711.0891761612265,696.7012885698742,696.7012885698742,14838346
2021-08-11,699.4851684570312,710.6679592857763,697.660409142684,708.8197821888172,12585786
2021-08-12,702.503173828125,705.4041231454273,696.8416105444284,700.4444079659049,8597674
2021-08-13,714.1070556640625,716.3529925303717,702.3160299073076,702.4095868115091,16658428
2021-08-16,716.1657104492188,718.2244760710362,711.8844260903736,714.0835841632503,6252778
2021-08-17,708.7028198242188,713.0776615079304,704.3279781405072,709.8959273107525,8282666
2021-08-18,707.9307861328125,732.4252734894459,705.7550455915143,728.377938007942,22985932
2021-08-20,708.7495727539062,711.112484091962,695.3209025897706,695.3209025897706,13150406
2021-08-23,713.3583984375,717.3589554598426,705.8954364767717,715.8148667910151,10843054
2021-08-24,729.3839111328125,732.0275503345746,714.6918798434089,715.8850444307441,18381314
2021-08-25,728.7055053710938,732.1679674526881,724.3072458142872,726.2256192151633,7727974
2021-08-26,727.4889526367188,735.0688890534149,722.1782564719654,725.2430159343049,11119002
2021-08-27,724.5177612304688,729.2903625174678,723.0205081501615,726.1788245585184,6382138
2021-08-30,733.7822265625,734.6010493882512,725.9917008256144,727.8632958559031,9049166
2021-08-31,739.93505859375,740.8474382651433,730.9513687618706,731.5596599538288,12062576
2021-09-01,738.85888671875,747.702184301824,736.7065639444443,736.9405133137502,12422558
2021-09-02,743.4910888671875,744.8947850702093,735.1858863326421,736.5193863022039,9618524
2021-09-03,737.4318237304688,747.7021781113503,733.8056085362491,742.1341717446589,10735334
2021-09-06,732.5889892578125,739.724444603404,730.8343690908638,739.2565458922177,7876896
2021-09-07,734.2500610351562,740.2157696718924,727.6760612202143,731.0917446980607,7245496
2021-09-08,737.5955200195312,739.5138932608036,732.5421912271912,735.5133365404894,6724080
2021-09-09,733.9459228515625,739.0226125546611,730.3899039927794,736.4725873700415,8250948
2021-09-13,727.83984375,741.1515388839704,726.9508247989902,730.8577675105819,8959164
2021-09-14,724.5645751953125,732.0275368244709,723.6521384346185,729.9219926150045,9758506
2021-09-15,723.7457885742188,727.4889784667846,718.2245606360663,718.2245606360663,14822998
2021-09-16,729.8986206054688,731.9340258288291,718.8328610372279,719.5112913673174,10260550
2021-09-17,740.2859497070312,743.4910444223593,729.5476401259087,734.133070294954,20498102
2021-09-20,729.8518676757812,740.0754441348419,728.9862663950914,731.7936589486027,8781610
2021-09-21,726.1553955078125,733.9693384001288,715.3937249500291,730.857800489461,14774996
2021-09-22,717.6162719726562,725.3132404864232,715.8850694878332,724.7751455141527,10582202
2021-09-23,734.6009521484375,735.5367495397094,721.4997886706309,721.4997886706309,13664304
2021-09-24,749.3632202148438,752.3577263390091,736.940486313232,738.812081199107,20806702
2021-09-27,760.3822021484375,765.248360283423,752.3811454208159,755.9839427357285,16415462
2021-09-28,755.6798095703125,763.6106695972712,740.2157348669626,763.6106695972712,12773790
2021-09-29,745.7603149414062,751.7260232333723,741.689619188798,747.2342072368468,16263036
2021-09-30,746.2750244140625,751.6090811295566,740.7304361257566,742.0873538076034,15975348
2021-10-01,740.543212890625,743.4909974009443,732.3784038274563,740.6836053402736,11128596
2021-10-04,741.9703369140625,749.2695449489665,740.9643433218346,743.4910076345233,7051028
2021-10-05,746.5089721679688,747.4681873677021,737.5253398049078,744.8947444690965,10257178
2021-10-06,755.6096801757812,761.2010472242603,742.5552940183129,746.7663826422353,18600830
2021-10-07,753.5509643554688,761.5988003023383,751.9133186707471,761.0841230818784,11265724
2021-10-08,749.8779296875,758.9317589146212,748.7081828334393,754.2527714983781,7245562
2021-10-11,764.4529418945312,769.6933846455007,748.170043798271,748.5911640642425,13080848
2021-10-12,762.4877319335938,768.079155828651,760.3354092752614,760.3354092752614,8176946
2021-10-13,767.0732421875,771.0971601191812,762.6749823994329,765.9502737348906,6225644
2021-10-14,789.5323486328125,790.7488739386398,766.4181393559124,766.4181393559124,14757288
2021-10-18,781.53125,807.125286978139,780.0105791694615,797.7673126363635,28856456
2021-10-19,790.1405639648438,791.8951842055869,781.8587792751537,783.9409057808846,8987540
2021-10-20,783.1923217773438,794.8430122320457,778.7940620449946,790.3277778106263,10908568
2021-10-21,784.338623046875,786.982205040292,777.1095537754028,782.233078871667,9738190
2021-10-22,786.4207763671875,799.1710165314034,781.7417891509615,786.1166307748242,12175554
2021-10-25,775.3081665039062,790.7488240142435,755.0949649733542,790.7488240142435,16426766
2021-10-26,773.3196411132812,783.1922930858217,770.3250777594776,772.0329195806469,12090656
2021-10-27,768.6640625,779.0748093238908,766.090619464881,773.3196320532794,13249642
2021-10-28,745.6433715820312,772.0328702050767,742.6254477542099,772.0328702050767,17797750
2021-10-29,740.613525390625,749.5737978809885,729.9220503710001,743.9590128781347,12406874
2021-11-01,751.1177978515625,753.7847975661676,740.9410012363768,741.6194314974399,8122320
2021-11-02,751.7962646484375,758.9317200932103,748.6613660865314,751.44534061017,13237722
2021-11-03,739.9584350585938,753.2701884011461,737.197878202498,751.0242516160887,10207338
2021-11-04,745.8071899414062,747.6320064902674,744.0057911766709,746.2985064756734,1096808
2021-11-08,748.7549438476562,750.8370703527786,734.8115388253409,744.9415577689133,18943580
2021-11-09,735.6536865234375,746.1112104118164,734.1564336207281,746.1112104118164,12695476
2021-11-10,727.6995239257812,734.1331316762905,725.2430555119505,733.6652329307989,13714126
2021-11-11,724.4475708007812,727.5356907580181,718.5052231167788,725.2663935153197,7999404
2021-11-12,726.6466674804688,729.4774774090271,722.9268957318046,725.2429714067782,14914092
2021-11-15,728.6353149414062,735.4666251415645,727.3018149519153,730.904612413564,9533594
2021-11-16,724.3072509765625,728.6118965466009,721.3126876112315,727.582542163149,8245406
2021-11-17,716.2593383789062,722.4355782478812,715.1831485439678,719.1135089681062,7598878
2021-11-18,720.2833862304688,722.2017597861827,713.6626071356496,714.0369490025669,9152874
2021-11-22,709.0302734375,726.5062782081744,701.403559006971,723.3713798098189,15261272
2021-11-23,709.1239624023438,714.8557220008774,700.1402722718575,702.7839115916332,11235214
2021-11-24,710.293701171875,718.8562137965511,708.422106222235,713.0776758128465,30802286
2021-11-25,713.9900512695312,717.4291526623336,705.1233930948175,708.7730260715878,10251652
2021-11-26,697.122314453125,704.9829786803473,694.8295993014816,701.8480801025066,18624936
2021-11-29,702.432861328125,705.4274241669192,684.0678389753331,699.4149378263186,12990996
2021-11-30,698.8301391601562,715.4171255354036,695.5548481995625,699.5085694410911,25221542
2021-12-01,704.0237426757812,705.1467109030004,696.7478955371545,699.5085091034117,8677634
2021-12-02,713.896484375,715.3235983422754,701.8480921268228,703.9536364032033,11203110
2021-12-03,708.188232421875,718.6691195650027,705.1468903041788,713.9199925667641,8124694
2021-12-06,703.6260986328125,710.6445792398034,700.6081177018816,707.9307438918171,7029532
2021-12-07,713.8729858398438,716.8207703399455,706.4802210422916,708.3751764067534,12427534
2021-12-08,727.0210571289062,727.6059305314374,717.7566395861959,718.6924370302457,15295534
2021-12-09,714.4111328125,727.4421004421224,712.1418354958904,722.9970627041388,11747744
2021-12-10,712.399169921875,714.9491949236455,705.8017527309845,713.4987204148438,7779384
2021-12-13,707.065185546875,719.464502037147,705.2169512717943,714.0134703454731,10322142
2021-12-14,702.9944458007812,709.3344966351345,700.4678382738138,703.0178635846237,9191100
2021-12-15,701.8482055664062,712.773631209746,699.8128571935744,703.2519019775391,10115148
2021-12-16,701.8949584960938,709.8024594145296,699.0407873205717,707.837307357036,13210432
2021-12-17,689.2382202148438,704.6554599209462,686.7349164136573,700.4443715150442,14994768
2021-12-20,667.059814453125,682.1963264598411,661.6555614483385,679.3889341698829,21156668
2021-12-21,674.6163940429688,678.8040647198691,669.0951663273568,673.5402041456153,9118750
2021-12-22,676.207275390625,681.2606049221063,671.7622371030151,679.5294023303934,8577484
2021-12-23,675.6925659179688,682.1028129914248,672.3003000182912,679.9738508560433,9779166
2021-12-24,673.2594604492188,679.3889220832733,668.1593531232193,676.3475804899253,5561024
2021-12-27,678.8275146484375,680.3247677693998,665.4222043278841,668.5805208219992,4705098
2021-12-28,683.5064697265625,686.3606404814903,680.0440077919508,683.4596341615539,5450678
2021-12-29,680.2545166015625,683.6000037447715,677.2365928197368,681.2839280160719,7668702
2021-12-30,683.833984375,686.3372311223421,676.1136554374787,682.4302882045415,7215918
2021-12-31,692.2094116210938,694.7360762558859,683.8340127004611,683.8340127004611,6325736
2022-01-03,711.0422973632812,712.6097466433577,692.7240511526534,694.8295953810808,9069184
2022-01-04,715.2066650390625,717.242013200678,705.4977658695926,711.2061078358669,8857352
2022-01-05,732.1912841796875,735.5367713761124,714.9960066045779,719.066759647386,14332638
2022-01-06,720.4470825195312,727.4655635961949,715.9084876032401,721.967753419475,9628930
2022-01-07,725.5003662109375,733.0803024514203,718.6456386996041,722.4356068198455,11179384
2022-01-10,729.5242919921875,735.536779049019,723.137463117213,728.9861970473102,8856496
2022-01-11,732.6826171875,733.992699333782,724.2136617774655,730.6472691784858,8389198
2022-01-12,728.3545532226562,737.7125276138084,726.1788127534048,733.6651922663265,21085530
2022-01-13,714.94921875,727.5824837410013,711.393200027693,727.5824837410013,41963896
2022-01-14,722.9737548828125,724.6347611521733,710.7381913179858,715.885077496062,11208968
2022-01-17,711.907958984375,728.0504661056112,710.8084083284119,715.8850984200419,22989372
2022-01-18,715.5341186523438,725.664137379117,712.6097516478794,717.2887388550224,12341152
2022-01-19,710.4807739257812,720.4470393034343,708.0945019261654,717.7566217187649,14317626
2022-01-20,706.0592041015625,715.183229601881,701.8948938601593,715.1598118180823,15197846
2022-01-21,711.9547119140625,715.791515854972,695.1103572609701,701.8481105455162,11537694
2022-01-24,695.6016845703125,711.7909698146024,686.664829914109,706.503691119895,11868508
2022-01-25,696.2567138671875,699.5085871279545,675.6457523831212,682.5004800615633,13594248
2022-01-27,690.127197265625,694.8296022690124,671.4346661656787,678.4531469966787,28617838
2022-01-28,684.6527709960938,695.6249726359689,683.1321002250448,691.3203274537698,24925208
2022-01-31,695.1571655273438,697.8944189691098,686.3139246484154,689.0978994263672,12842546
2022-02-01,700.4443359375,709.8023096975201,689.4252989884608,705.8251708495114,14739484
2022-02-02,716.4465942382812,718.2246324616796,704.4683968075074,707.4395426585501,13969290
2022-02-03,709.0302734375,720.5405698688631,706.0591281584843,715.3001273507508,10564762
2022-02-04,713.07763671875,717.2185288944974,708.4454280490403,715.1364024737923,11579958
2022-02-07,686.945556640625,710.7381964956596,683.1321704303245,707.5096837189468,12268042
2022-02-08,683.9976806640625,691.76478740517,675.9030676903482,690.8056293716563,13981130
2022-02-09,700.7251586914062,701.7077346460622,686.4074683215063,689.6827595813908,11308342
2022-02-10,713.59228515625,718.4584429859755,702.6200836537802,708.398621088093,14314530
2022-02-11,710.6680297851562,713.5456186212665,701.6142000803864,701.9651241551181,10711104
2022-02-14,689.5423583984375,701.5907510950923,687.4836496114692,697.1691307967247,14656620
2022-02-15,710.1766967773438,713.4987662506672,689.238229154205,690.6185075252026,13135066
2022-02-16,709.217529296875,718.1076055341441,705.1234152402379,717.9204346111028,10032264
2022-02-17,704.889404296875,712.1418342780244,702.7838601087993,707.9775243494109,7351208
2022-02-18,707.6266479492188,709.8023885133234,697.3796541208723,701.0527049227635,7796128
2022-02-21,712.1886596679688,716.2125774026551,699.765982409433,703.7197039099151,7468066
2022-02-22,706.8546142578125,712.1886713970088,696.2099177633888,697.07557613859,9536196
2022-02-23,702.2692260742188,713.873080486644,699.8127577039627,713.592352667638,9029562
2022-02-24,664.1354370117188,690.1271759497945,658.4036778434378,678.4063475939694,23630766
2022-02-25,681.3073120117188,685.8927422957805,670.4286668157401,673.7507362909885,18318654
2022-02-28,667.3406372070312,673.0958150669005,661.6322949185588,667.22366251164,24880832
2022-03-02,643.0098876953125,654.3096544672429,633.7221084904602,648.7416476547578,38505560
2022-03-03,641.4891357421875,651.3150087185448,637.699167588901,646.1681228737863,17527922
2022-03-04,639.3836059570312,648.5076310694807,625.5338151583654,636.3422642528815,21219364
2022-03-07,619.8722534179688,623.4048545200336,606.8880638056838,616.9244686053191,27054458
2022-03-08,621.2759399414062,624.1768891432812,604.5251430083352,609.2976870802052,39212492
2022-03-09,641.5592651367188,643.2202711254723,617.0881421411699,622.3052236727108,23134694
2022-03-10,651.6425170898438,667.6914658500247,645.8172009386801,667.6914658500247,22273206
2022-03-11,653.5609741210938,659.2458980426811,642.284568944958,649.4434424176493,15150780
2022-03-14,674.9673461914062,678.4531689369124,662.0767131349869,662.0767131349869,25018126
2022-03-15,666.287841796875,678.2192603121982,660.5560819218667,675.4118677203575,18867928
2022-03-16,677.5875854492188,680.7926804596888,671.9961611232817,677.0494904640341,13364108
2022-03-17,692.5134887695312,697.0755010615136,688.0684511517023,688.746881415176,14823954
2022-03-21,695.5314331054688,698.8769203085982,689.1212436187219,695.765382460701,12257876
2022-03-22,699.11083984375,700.9122383788925,681.8219489596073,693.098353094048,10461814
2022-03-23,692.1392211914062,710.6446394736307,689.4955818487248,705.123411414872,31188256
2022-03-24,675.0140991210938,687.6473645478017,671.22413091639,685.93952279829,20160044
2022-03-25,669.5162353515625,679.3888861163086,663.9482296136653,678.9209874344103,16366462
2022-03-28,670.4052734375,672.8383238063171,655.8067998749772,669.5162544931684,15754886
2022-03-29,679.2953491210938,683.2490702523118,669.0951347103618,674.2420203619799,12377448
2022-03-30,691.06298828125,693.7768236906089,680.3481533388308,688.7469124751822,20109742
2022-03-31,687.974853515625,694.6891885485168,685.8927271127579,688.2789990989702,14295714
2022-04-01,704.655517578125,706.5271125783324,687.9515550478917,690.8057259998988,14568556
2022-04-04,775.2147216796875,805.7684777488442,731.1152616573453,739.2800725230845,97450970
2022-04-05,752.498046875,779.8467016841248,749.5736801453443,779.8467016841248,30922582
2022-04-06,725.6406860351562,743.8653746340015,724.0030405883982,742.8827416727144,27027860
2022-04-07,709.6854248046875,721.1957225623213,708.258310779131,721.1723618948894,40781732
2022-04-08,708.7028198242188,713.8964842819717,700.5847883163185,707.5096552211411,41256322
2022-04-11,700.0467529296875,706.5271394409854,698.6898350796367,704.6555443696186,20799066
2022-04-12,698.8067626953125,705.0531994018879,692.5603259887371,694.3617247002636,27435402
2022-04-13,685.4481811523438,702.9242433781278,684.3720484068768,697.1690664926792,28892520
2022-04-18,652.9292602539062,669.8672285581865,650.4026528038955,663.8781019646151,45620376
2022-04-19,628.0136108398438,650.1686599267982,620.9015734629207,646.1213247578577,74096022
2022-04-20,633.67529296875,636.2955145164841,624.8085774843098,633.7454320872375,49325736
2022-04-21,643.0565795898438,645.6066618250044,633.2073460307391,638.6817380819679,52446270
2022-04-22,634.2835083007812,643.524508237747,631.2655843325418,636.3422741404268,20659148
2022-04-25,639.03271484375,641.3254301314081,618.6791193133066,631.663309565486,20935488
2022-04-26,641.98046875,646.6126204361926,635.0087663212903,641.9570509671229,17016842
2022-04-27,642.2144775390625,645.2324017492105,634.5175085274548,636.3423251478798,18054334
2022-04-28,641.6528930664062,645.2323296688057,637.3248299413617,641.9570386552584,20773722
2022-04-29,647.8525390625,657.2807094431166,641.7464951987836,645.8639695553754,28401476
2022-05-02,656.7894287109375,658.0761502267766,637.3014921733744,637.3014921733744,19494316
2022-05-04,634.470703125,656.7426721358721,631.6633106332964,655.0582480641592,29055916
2022-05-05,633.0435791015625,643.3607691923194,630.0256550672423,643.3607691923194,17862912
2022-05-06,616.5033569335938,624.6448062814701,614.3510341929365,622.3053126249852,26731268
2022-05-09,617.5560913085938,620.6676291047224,606.1627693216494,608.2683134837084,32762434
2022-05-10,627.4755859375,633.0669526579659,615.3102195153957,615.3102195153957,20113812
2022-05-11,631.0082397460938,634.0028031547836,621.6736825757839,633.0670056593522,17102924
2022-05-12,616.7843017578125,628.0261010884844,612.0272225077395,625.3280345807453,22382290
2022-05-13,611.2462768554688,623.8607721581939,609.1872638600877,620.0977504004504,16768238
2022-05-16,617.754638671875,621.0206889120664,608.382562333807,614.8672826957121,9804356
2022-05-17,621.9674682617188,623.3874853125446,614.4886886817793,621.3047820818717,16641444
2022-05-18,621.920166015625,631.1029547972003,620.0741322337622,626.7245687489848,15732384
2022-05-19,609.2109985351562,613.6367067414336,605.0692821799639,608.8086141504247,20537506
2022-05-20,625.2570190429688,626.7953705225891,611.7195375784358,616.7606085985483,13919350
2022-05-23,617.2340698242188,629.5171940370686,614.9146971161438,621.9674599302327,19486320
2022-05-24,624.3104858398438,627.1742100621962,613.8733949747416,615.3407344006453,12870796
2022-05-25,628.972900390625,632.3572280918651,626.3221557067814,629.5408840910824,12887112
2022-05-26,646.912353515625,648.9477342187919,634.2742260052379,635.2919163568214,26992428
2022-05-27,658.9114990234375,660.1658009984677,648.8293564205711,649.3263854232065,24031718
2022-05-30,663.4082641601562,672.3780146327596,661.9408671117387,667.5262901343535,12624674
2022-05-31,657.4441528320312,664.9466218858126,653.2077920753914,660.7338934097787,13485388
2022-06-01,660.2369384765625,662.8876255046422,652.8055387723787,653.2078653942101,12091896
2022-06-02,655.621826171875,656.9945208046117,652.5451227243029,656.6395165606611,11475020
2022-06-03,653.349853515625,663.0296130823147,651.4564974904033,661.8699556291225,6957244
2022-06-06,652.47412109375,656.5211926538722,644.0487215665758,651.4564884687982,6173266
2022-06-07,644.9716796875,650.5097803969437,640.9482983756177,644.6876878569063,10253966
2022-06-08,647.2437133789062,653.6811117575384,642.3209765785515,650.036424833201,5986588
2022-06-09,652.119140625,654.178211573515,642.3920584937911,644.8060759244232,7311816
2022-06-10,639.5283203125,647.5040710182226,635.9782777627149,643.7883713722422,9155430
2022-06-13,627.9315185546875,629.5408827433928,619.2694493477306,626.511501525943,10892572
2022-06-14,621.0206909179688,627.647436095447,617.7073183292296,620.6656867120324,11870356
2022-06-15,618.8670654296875,622.819492387173,614.5833820581435,616.1217338404382,11810470
2022-06-16,606.4892578125,625.0678127660508,604.9272160672077,620.0740634178733,12169192
2022-06-17,610.4889526367188,614.8673382245379,601.8978385488166,603.5072026453316,14723922
2022-06-20,625.8251342773438,627.174138793338,612.5716430424657,617.5653345357969,15936840
2022-06-21,632.6411743164062,640.9009155889597,626.7244376510724,632.8068313869094,13220684
2022-06-22,629.6591796875,632.8305277490141,626.3221167580701,630.6058576498191,8159698
2022-06-23,631.9785766601562,638.0609712468488,624.097470763331,629.7775387566263,15372244
2022-06-24,640.806396484375,644.5220962821917,633.5879763381755,633.5879763381755,8013432
2022-06-27,641.966064453125,651.3145103686636,639.9543735599078,648.4744761664746,9804164
2022-06-28,637.0669555664062,639.48097284931,633.5169131560658,636.1675999329924,9770574
2022-06-29,636.1439208984375,639.3626491851958,630.1325387583134,630.1325387583134,9994046
2022-06-30,638.06103515625,640.9010694373609,632.3809665940282,632.3809665940282,12475822
2022-07-01,640.7826538085938,643.7410224780701,629.5645429261943,636.1439086225995,11472452
2022-07-04,641.6820678710938,643.8357257901995,635.3393133100445,640.7590220937827,8487480
2022-07-05,640.2383422851562,652.9001609789714,638.203019182199,645.6344186304245,14325718
2022-07-06,649.066162109375,650.0838526070064,637.6350126754401,638.0610293698724,15049078
2022-07-07,660.6865844726562,661.7279071370114,650.5807508251304,653.2078053283803,17743142
2022-07-08,661.3018798828125,667.4079643038475,660.1895448317669,667.4079643038475,12474030
2022-07-11,665.5856323242188,667.3606535366644,659.4795477972783,659.8345520397675,7462880
2022-07-12,658.7932739257812,665.1596606593656,657.6572487168633,665.1596606593656,9876974
2022-07-13,642.7232666015625,659.9291254737102,641.0192579777223,657.9411250426687,15945610
2022-07-14,639.5046997070312,649.7288108809627,638.6526663672696,644.6877388120965,10372410
2022-07-15,644.71142578125,646.0604304121975,637.4930058328619,640.4276846012615,13595646
2022-07-18,637.8479614257812,646.6283647787831,635.2445970528642,638.0609408531288,20332220
2022-07-19,638.0846557617188,643.0547152126437,632.8542367511087,632.8542367511087,15792538
2022-07-20,646.13134765625,648.9950135948013,641.4926028997119,643.6936405421574,20347862
2022-07-21,644.0960693359375,648.237785747247,642.8417093809554,644.0014246445072,12640278
2022-07-22,659.12451171875,661.2545370708034,644.8770203644754,646.581029089991,12729592
2022-07-25,661.0652465820312,664.8519586435416,654.7698724481547,660.3079157258574,10143126
2022-07-26,659.7162475585938,663.6212944051289,656.189895033676,660.7812603349215,8527964
2022-07-27,664.75732421875,665.5146550866178,655.2195315104202,657.4205694862873,9212778
2022-07-28,670.650390625,674.0347762331419,667.8813688658449,669.7984150425293,17420406
2022-07-29,678.8627319335938,680.9454349708267,669.916671568808,680.6614431431668,20019736
2022-08-01,684.5191650390625,685.6078100048894,676.8984191557296,681.1347798374608,13193036
2022-08-02,676.9930419921875,683.7854444563982,673.5850246203694,682.5547747266103,15036510
2022-08-03,678.5787963867188,679.5964868191563,670.7213803397141,674.4844023747412,10975498
2022-08-04,677.7741088867188,684.7794912450086,668.8043003902649,681.6081431357295,12012206
2022-08-05,675.4784545898438,680.1644645453026,672.6857428860559,678.2947985756512,9268982
2022-08-08,692.0452880859375,693.2049454902074,675.5020558450844,675.9280724889151,15357736
2022-08-10,694.0570068359375,696.5183465521361,685.8919089915445,691.7139440904666,17353102
2022-08-11,703.2398071289062,705.7485272192075,697.962122918484,703.6185014831334,18301766
2022-08-12,702.9794311523438,704.9437995689399,698.6246776607533,702.9084187458374,8850370
2022-08-16,711.0261840820312,714.0318751491698,704.3521157975206,707.5471540191029,12563756
2022-08-17,714.6945190429688,716.0435235450822,703.2633714143817,710.0084517055847,12384350
2022-08-18,715.5465698242188,716.5879503313682,709.8428693302802,710.008526430319,8342138
2022-08-19,706.71875,715.6885000865827,705.275043074741,714.7418221764153,8063702
2022-08-22,695.9739379882812,704.4940393871315,694.7195781706567,702.8137207240729,8234066
2022-08-23,693.8203125,698.6246570090722,686.5308805205054,687.903575143371,14966884
2022-08-24,697.1572875976562,698.4116474192263,690.6961991270781,691.9742490093071,13455520
2022-08-25,693.37060546875,703.7604309305221,689.6549059666497,700.4943803550603,11823040
2022-08-26,693.4889526367188,701.3937485514476,691.642918993121,696.778693332773,7706176
2022-08-29,681.32421875,684.4482448258565,676.2121340581302,680.188193509513,8653178
2022-08-30,703.4290161132812,705.2513595511165,683.075440856041,684.661114814141,10135400
2022-09-01,696.8260498046875,705.01478018178,690.601630135956,693.3233295007825,22403136
2022-09-02,703.14501953125,705.5117143125736,693.5362156068223,696.8259560212427,12038086
2022-09-05,707.6654663085938,709.5351321703702,702.482369800808,703.4290477623429,12131932
2022-09-06,704.9674072265625,713.156194796427,703.5947126110668,709.4878176550125,12238696
2022-09-07,701.6304931640625,705.2751807172559,696.4237636419888,696.4237636419888,9776206
2022-09-08,708.8724975585938,710.0085227511238,701.5594328865137,705.3224549448381,11164690
2022-09-09,709.3457641601562,714.2685009714878,707.1921065293857,708.2097390835974,15128888
2022-09-12,706.9555053710938,711.901874940438,705.2751287641307,710.0085188900646,11080492
2022-09-13,716.209228515625,717.5346008263482,709.3221807419732,709.4878378356536,13001966
2022-09-14,723.5696411132812,728.4213656433966,706.3874130797399,707.1921240116534,20219760
2022-09-15,719.806640625,729.3917559933695,715.6886141715876,724.2087167212493,13539372
2022-09-16,706.5767822265625,716.9665500169183,701.9617270420313,711.4758292509372,20560046
2022-09-19,711.2391967773438,716.6352731378123,700.5417465283766,704.8017976896979,12076038
2022-09-20,719.806640625,721.3686825380287,714.694613763589,716.6352922326611,10781668
2022-09-21,718.6942749023438,720.1853043412685,712.3752106694769,713.7952277007117,9072304
2022-09-22,703.3817138671875,714.812861621089,701.8433622049612,710.955137435071,12048144
2022-09-23,684.5191650390625,698.1749828076821,680.1881018946707,696.920622977358,15806252
2022-09-26,675.2890625,679.9277498021432,671.1946687964193,674.6736987181858,8923486
2022-09-27,669.2303466796875,681.6081733278456,665.9879860224158,678.0108084136324,12639700
2022-09-28,657.7281494140625,667.6918994663862,656.000450721092,665.5145518911477,11816132
2022-09-29,654.3201293945312,663.7158966193714,652.6398106789119,660.9232428535685,14410388
2022-09-30,672.7803955078125,677.5611079896381,646.1077536442672,652.6398551450152,15781756
2022-10-03,668.9226684570312,671.1237064183372,663.1952779695787,667.3843166684661,11541112
2022-10-04,687.7615356445312,690.1282305366321,675.0523956300766,676.6380696516569,11538526
2022-10-06,680.1881713867188,692.3056387362966,678.8627990191503,691.0512787778197,12549198
2022-10-07,677.2533569335938,679.2176672476403,672.306930499467,676.992997412618,13297994
2022-10-10,669.774658203125,674.9813869948101,661.8225402090238,666.4612853356891,13109302
2022-10-11,662.9822998046875,670.7213811074919,662.4142583209682,663.1952792481815,14521620
2022-10-12,667.3133544921875,669.7036818066864,661.3966169107936,664.1892708246992,9225050
2022-10-13,659.6452026367188,665.6329523957306,655.1011599044915,663.6449517568307,14714234
2022-10-14,681.134765625,684.9214773171474,669.8929652889377,670.7213084715949,12849920
2022-10-17,684.70849609375,689.9388569363749,675.454696308178,679.2414079903542,18410500
2022-10-18,683.4304809570312,692.4476117206183,681.6081374235195,690.1519292027847,10561108
2022-10-19,690.4359130859375,699.3110189397639,687.9508834468661,692.9682650667686,12967040
2022-10-20,685.7736206054688,687.7142991029858,682.7915615571211,683.501570113333,7898078
2022-10-21,680.9454345703125,689.9625651125049,678.768086852019,687.2881883606218,10492606
2022-10-24,691.5719604492188,692.4949483754677,688.3769222390107,688.3769222390107,2167794
2022-10-25,686.767578125,694.7670189147169,683.9748664222344,691.5956128933714,13773394
2022-10-27,688.4241943359375,694.5539107499477,686.9331650572058,693.204906271337,15937276
2022-10-28,690.4595947265625,694.3883316443048,685.110898551334,686.3415684282495,10474278
2022-10-31,708.4464721679688,709.061835992368,694.5066614551414,696.7550217495098,12830528
2022-11-01,716.2802734375,723.7353630173054,709.487870043139,711.6652179833346,19073756
2022-11-02,716.7299194335938,723.3803557625782,715.4992495403633,718.0552917990062,12720406
2022-11-03,713.582275390625,719.5936579391653,708.5885255286502,708.9198397362794,10332352
2022-11-04,708.6595458984375,717.6292974752805,705.0858130815516,711.5232123840913,10818060
2022-11-07,714.1738891601562,715.6885508115232,706.2690933816195,714.7418728342593,9835834
2022-11-09,713.9608154296875,718.504857932011,711.9018024905791,717.1322211596956,9269790
2022-11-10,721.7236328125,722.7886455515248,707.6654877696277,708.6357980412447,12774182
2022-11-11,762.6201782226562,774.8559804072283,727.9954171449708,731.3087903049284,56722338
2022-11-14,764.4661254882812,770.5958420285266,756.3956729493768,763.0224185196467,19195390
2022-11-15,766.3358154296875,768.3001837702703,759.8274043968535,768.3001837702703,11030202
2022-11-16,772.915283203125,777.2226566503574,763.022486309608,766.170202291269,13578150
2022-11-17,765.9335327148438,772.2762870225876,763.9218419167568,765.9098426520217,12100930
2022-11-18,763.921875,768.2292486333745,759.8274808186842,767.2825705697473,10459232
2022-11-21,756.0880737304688,763.0225019450933,752.7036881737774,760.9634887596205,8344816
2022-11-22,754.9757080078125,759.4014161193165,753.0823520002695,757.3424030172414,8546314
2022-11-23,756.9401245117188,759.7091462925441,754.5024169410065,759.7091462925441,10185738
2022-11-24,769.2468872070312,772.4892478000642,756.9400732102165,760.1587437409996,17197960
2022-11-25,765.6968383789062,772.3472166038309,764.0164618309748,771.400538611901,8410496
2022-11-28,757.4607543945312,760.8687721706614,754.526075630677,758.7151143331906,16105980
2022-11-29,756.3246459960938,763.1880609189634,753.9579511951042,756.040654176102,12638236
2022-11-30,761.3421630859375,763.4485565025493,755.9697764864823,755.9697764864823,15184806
2022-12-01,766.5724487304688,774.8558805629993,764.4424234021038,767.755796135116,20446366
2022-12-02,760.703125,766.1465237122118,759.7801370262731,762.0758197096427,7811078
2022-12-05,763.4721069335938,764.2531278294877,755.5436787874839,762.052089952201,11592622
2022-12-06,762.6201782226562,763.8271580625411,757.3424365617382,757.8157755845892,12353092
2022-12-07,762.2886962890625,766.146420325006,759.4486625615901,764.0400850893843,11674720
2022-12-08,766.5724487304688,769.6491519825515,759.7090337835149,762.0757285928094,14803634
2022-12-09,772.0396118164062,773.8382653777363,766.8091926677436,769.649226714661,11963384
2022-12-12,778.0509643554688,782.7133418481023,767.4718494913106,769.175858298182,14434808
2022-12-13,780.2046508789062,784.322676824208,778.6426091586131,781.0093040192777,17031702
2022-12-14,786.8078002929688,788.346152135924,781.0093971925995,782.4294142784042,14227640
2022-12-15,772.3945922851562,790.1921268749417,770.146232067255,784.3464018645261,18182648
2022-12-16,776.1102905273438,778.6899649239426,761.6024388526127,766.8328578314446,14647958
2022-12-19,778.5243530273438,779.4237087213362,769.7438910954138,778.1693487623974,9604542
2022-12-20,773.1519165039062,774.5719334714851,766.9038071781762,766.9038071781762,7174698
2022-12-21,765.6731567382812,778.5480122385196,760.4427954437242,776.7493009218134,9269198
2022-12-22,763.046142578125,770.3592068674686,761.6024355451656,767.850487106121,9747096
2022-12-23,756.22998046875,759.3066836252186,750.4552106451521,751.1889091254864,10693152
2022-12-26,771.2821655273438,775.8025758263841,752.6089661769071,757.105686415071,9907322
2022-12-27,772.0632934570312,774.358976235593,763.7325379429427,772.9626491855131,7926772
2022-12-28,771.4478759765625,772.9625375674409,768.2764702109968,768.2764702109968,8691870
2022-12-29,776.8912963867188,777.9326190377025,762.5491020807658,766.8564752725806,11012896
2022-12-30,770.6668701171875,778.6426203561981,766.8091458826996,778.6426203561981,7122640
2023-01-02,770.9271240234375,776.1575425282429,766.1227799099893,770.1224709214521,4381378
2023-01-03,775.96826171875,777.6959605884185,767.85048648393,767.85048648393,8378030
2023-01-04,762.0995483398438,778.99772904152,760.655841148244,773.9093343356435,10351600
2023-01-05,757.200439453125,765.8862570648225,752.3250820077258,764.4425498800358,10941436
2023-01-06,754.6917114257812,761.649771597572,747.0235849749788,758.2890762614053,9092462
2023-01-09,756.1590576171875,762.8094937244492,752.6090150931632,755.4490491123827,10729340
2023-01-10,742.3375854492188,757.3424088115413,740.7755436187888,757.3424088115413,16371766
2023-01-11,753.0349731445312,756.3956682495882,738.4087875277582,742.1718091980973,15195798
2023-01-12,757.0584106445312,759.1884361515325,749.8399908708047,751.5676897826115,9250070
2023-01-13,757.6500854492188,762.0284712196939,750.7156575106625,756.750729788885,9244546
2023-01-16,750.3843383789062,767.4245423463568,748.017643383427,764.4424835397972,14748094
2023-01-17,761.5550537109375,762.5490539569893,746.692199017474,752.5142912567735,10786354
2023-01-18,774.9979248046875,777.033247723356,757.2003331678316,759.709052840869,19090642
2023-01-19,778.2166748046875,781.0093865916589,772.9626232146538,774.855979303361,11172162
2023-01-20,786.1923828125,790.002784845069,777.8853180956044,778.2166322807672,18843404
2023-01-23,791.9434814453125,796.4402020140254,786.4054381729433,788.701120801895,15444400
2023-01-24,802.5462036132812,805.8122539809278,792.8427549703604,792.8664450305238,24983940
2023-01-25,780.3703002929688,801.3391818839766,778.784626308036,800.6055411527631,14704142
2023-01-27,764.8211059570312,774.8558686823252,752.5852477560804,772.4891739093187,35179948
2023-01-30,764.0401000976562,769.3178411010082,748.8222408528942,754.975647383291,18512822
2023-01-31,758.9990844726562,768.0871701361255,754.975702983403,766.6671531399184,18596244
2023-02-01,770.3829345703125,788.1094575144623,760.1824557166525,768.7025579600521,17302790
2023-02-02,758.9280395507812,768.9391705012463,752.0173020214557,761.1763996984457,17497106
2023-02-03,785.1746826171875,785.9793357294084,760.6557016062386,762.5490574285317,14411100
2023-02-06,781.8377075195312,790.1921525781385,779.2106529093284,785.7427543408033,11167672
2023-02-07,782.9973754882812,788.0621376170855,772.7732643205723,785.4587730346269,10264588
2023-02-08,782.902587890625,789.6239775643744,781.0092321762584,783.0209226227729,8444826
2023-02-09,781.2697143554688,786.5237657315753,774.1696293119086,785.7427448206556,11777336
2023-02-10,784.3700561523438,785.0327423176034,777.3172933990301,780.441377066591,8172116
2023-02-13,784.961669921875,786.5710339771882,778.4296267994425,783.3759959273335,5736944
2023-02-14,792.2274169921875,794.0261282040997,784.7723281580804,788.1093910341734,10908592
2023-02-15,790.6181640625,794.262851292887,784.204397425203,794.262851292887,11438712
2023-02-16,787.7544555664062,796.1089007357218,786.216103767944,791.9908166376073,8062500
2023-02-17,783.8020629882812,789.6004657481362,777.6722882594793,786.2160803362563,8956270
2023-02-20,776.4415283203125,790.2156800893326,773.814531839051,785.7426501630073,8086706
2023-02-21,779.3526611328125,786.8550727038969,773.4359236507838,776.2759576421577,12389296
2023-02-22,764.063720703125,777.1988767500069,761.6260713009138,775.8025499401597,10359102
2023-02-23,758.8807373046875,766.2648140080034,753.6029959990215,763.4957924668398,27882010
2023-02-24,752.1119995117188,765.8151985685134,750.3369782178833,765.8151985685134,17061740
2023-02-27,753.981689453125,756.8690457387776,746.5976127581428,750.6683165199346,14312972
2023-02-28,757.153076171875,759.8511432233867,751.993669356785,753.5557112171675,18993992
2023-03-01,756.41943359375,763.4958287329239,755.3307307505042,763.0224897194503,14137256
2023-03-02,749.98193359375,760.1587217973406,748.8222761897821,754.5023440243442,17391814
2023-03-03,764.868408203125,766.8090863098814,751.6622401605505,755.4489516978832,14986234
2023-03-06,770.2645263671875,776.0155486085717,765.8861409096147,766.8091287857136,27004710
2023-03-08,771.802978515625,776.03933972207,766.8092286366291,766.8092286366291,20099774
2023-03-09,771.8739013671875,779.0923212778464,770.1225701404643,771.5188971092862,20700166
2023-03-10,751.9700317382812,763.8508293638935,750.2423327911828,762.2887875145955,27387000
2023-03-13,742.4559326171875,759.1411328403547,740.751865944351,751.6150309707979,26443550
2023-03-14,740.4677734375,749.5795482072941,738.077446413025,743.2604847931999,33185612
2023-03-15,729.8414306640625,749.248330063132,727.3327108002192,746.9289573593102,37264754
2023-03-16,734.57470703125,737.9827242614297,725.1789406988648,728.4686231949322,21753342
2023-03-17,744.3965454101562,747.4968810064513,728.9420164278159,737.2254484326775,22950876
2023-03-20,739.2371215820312,742.2428124251653,731.4980411337617,742.1718000249613,26503114
2023-03-21,747.6152954101562,749.0590025399467,736.6101631453514,744.0652527440902,33050494
2023-03-22,745.8876953125,750.7394205568537,740.917635306089,749.7690523957248,14177324
2023-03-23,739.8998413085938,752.7746385074203,737.722493547406,742.0771890697815,28364178
2023-03-24,738.7164916992188,744.9882331927605,736.0184248411618,738.4088098056723,31477748
2023-03-27,741.9351196289062,747.6151870715003,737.8881062444385,739.4500901227714,31872006
2023-03-28,747.97021484375,749.2482647269658,740.3494690077168,741.1067998011212,39276302
2023-03-29,751.5676879882812,758.2890786820711,748.7749763296413,749.7689766744074,39763612
2023-03-31,761.8627319335938,763.4720381429922,753.7449573652673,755.2596188966895,34711228
2023-04-03,762.3360595703125,764.7737089080421,758.6439926938963,760.916042737942,40025398
2023-04-05,782.7843017578125,783.8493144132652,764.9157560941043,766.1464258287228,43365392
2023-04-06,788.7483520507812,790.0973565094652,779.6365772139025,780.3229533635023,44637344
2023-04-10,785.0090942382812,790.9495222000966,782.9027586588628,787.2811447033577,31813286
2023-04-11,787.3046875,790.1920434979919,781.5299177233834,785.269306931565,42361542
2023-04-12,797.5288696289062,799.0908536154229,789.4347845187364,789.5294292037479,26955504
2023-04-13,801.1025390625,803.2799446098875,794.3338262706332,799.138228506588,35330086
2023-04-17,788.8905029296875,814.1431285287981,782.5714384591537,814.1431285287981,32405148
2023-04-18,785.5534057617188,793.9078508052294,784.0387440490672,790.4761429987975,29637226
2023-04-19,788.4407348632812,790.6181404482337,784.3937211551915,788.1094206815565,24741168
2023-04-20,791.3754272460938,794.002423833816,788.7720629382435,791.2807247846998,32922716
2023-04-21,792.6534423828125,793.7657774269219,787.2810565292857,790.0027556575246,20128618
2023-04-24,799.0671997070312,800.6291836512714,792.4167640167948,798.5228483313539,35675852
2023-04-25,787.7069702148438,798.8540670408703,786.6419576516842,798.8540670408703,50353068
2023-04-26,791.328125,792.8427866144116,783.376007072747,785.7427019581631,27392750
2023-04-27,795.6828002929688,797.6944908945422,788.5117034159383,790.7127411596693,47790392
2023-04-28,798.806884765625,800.4162489215953,790.4761299225689,797.4341901096315,27916272
2023-05-02,798.6411743164062,804.202907194295,796.1561447326687,799.3274927082318,32221184
2023-05-03,801.4338989257812,802.7829034515152,795.0438227485433,797.5524846534473,29407270
2023-05-04,817.835205078125,820.9828634259408,798.5702717490079,798.5702717490079,56854638
2023-05-05,769.4835815429688,786.1924141095578,767.8032049269116,775.8026458391606,62770416
2023-05-08,778.38232421875,781.1750359781396,771.5425985281042,773.9092936156137,37244524
2023-05-09,778.4059448242188,783.8493430397727,776.2522293745058,780.9619868467801,43688938
2023-05-10,782.00341796875,783.2104556353862,773.0099761910291,778.4060528137906,46340550
2023-05-11,782.5240478515625,798.9962689250709,780.6543818274131,788.1804838313546,35734618
2023-05-12,789.434814453125,791.8015094745331,778.287657790037,779.5893400518114,22478760
2023-05-15,793.2215576171875,795.5645626680762,788.1567954042247,791.4228462180713,18512260
2023-05-16,788.6732177734375,800.4030139627808,787.0932626645074,800.4030139627808,32722086
2023-05-17,784.4360961914062,789.9658807338478,778.1642575542323,789.9658807338478,30466868
2023-05-18,787.572021484375,791.8569644245696,785.1781855528116,789.0083230433131,49646942
2023-05-19,788.4816284179688,789.9657948894129,781.1325643784062,789.0082605925772,30460332
2023-05-22,785.680908203125,791.354287626984,781.6831554747228,787.5720151966582,28334032
2023-05-23,783.837646484375,789.7743715289307,782.0422694614203,789.4871228939105,22470074
2023-05-24,773.5919799804688,782.6645940444527,772.5386571904612,779.2174939612134,33588112
2023-05-25,770.6236572265625,775.6268094273125,764.7587591498904,773.5441253964981,29776930
2023-05-26,773.5919799804688,775.1240114745184,767.1046617572866,775.1240114745184,26635066
2023-05-29,783.0237426757812,785.6569622323185,777.9248603912886,779.6723723310973,21816292
2023-05-30,783.6221923828125,786.4469304713781,779.696324831423,782.1140640569184,37125928
2023-05-31,771.2222290039062,782.760508280079,768.2538953695158,780.3427686832863,43334270
2023-06-01,767.9425659179688,775.5549758597977,766.0274971750312,775.5549758597977,50366938
2023-06-02,769.1394653320312,773.1132562550899,766.5062458740007,771.9881066411427,17859710
2023-06-05,768.1341552734375,773.9272270660708,767.2005241092544,772.9696926063541,18697242
2023-06-06,765.740234375,770.7433279959911,762.3170373717256,769.6900635841799,32182852
2023-06-07,769.7139282226562,772.035995668472,764.1123759118827,767.6791678231415,24949026
2023-06-08,770.1926879882812,778.4753830300483,767.5834304077028,767.5834304077028,37395522
2023-06-09,771.1024780273438,774.8847507794242,769.3789277124094,773.6399676877086,18212578
2023-06-12,766.4105224609375,773.592030136009,765.7641400155738,772.0360368064102,13408292
2023-06-13,767.7031860351562,770.3364055694209,761.2876940266594,761.2876940266594,27926108
2023-06-14,766.8653564453125,771.772720205927,766.1232439139638,771.0306076745784,20113968
2023-06-15,757.4336547851562,768.8761438484094,755.9733914813049,767.9425712071014,35377476
2023-06-16,767.3441162109375,770.4321412189463,758.3672313699111,759.8753597118556,15779272
2023-06-19,768.0144653320312,772.8500026766968,765.2375920147995,771.2940091758765,24829146
2023-06-20,769.6182250976562,771.2939101911815,761.5510099789078,768.0143667682194,20005626
2023-06-21,783.0715942382812,783.8615717803077,771.2939332038942,773.6877691232111,24308946
2023-06-22,786.9017944335938,793.5806322468177,784.7234386393332,785.1782441229523,56596140
2023-06-23,786.8539428710938,794.7057371354,782.3296159227949,784.0053012285746,21339218
2023-06-26,783.0476684570312,790.3249060654587,779.7680665871447,787.571994837304,16130314
2023-06-27,794.083251953125,800.9296461673263,784.4840048316838,786.5905337191974,33831864
2023-06-28,802.4857177734375,804.281094916186,794.992998809047,799.5412875706766,59562950
2023-06-30,814.5745239257812,818.1174128864183,805.8848875767882,815.8193069543128,40699016
2023-07-03,823.3839111328125,841.4334124492976,818.691968869587,819.8888869527296,44104116
2023-07-04,827.4054565429688,836.406303333363,820.5112555769142,825.1313123295552,38795188
2023-07-05,801.1211547851562,823.4795589682101,798.8470106542848,821.6841820227852,37165754
2023-07-06,801.93505859375,808.0872054143094,794.9450691746598,800.977524195429,52156544
2023-07-07,794.945068359375,801.9350577712964,792.9821345334826,797.1473857846021,19926336
2023-07-10,793.0538940429688,802.772891445225,789.8222154878739,795.2323081500037,38398442
2023-07-11,789.1998291015625,802.4137915457645,787.8113925946035,796.1898182223189,50670426
2023-07-12,781.8028564453125,797.7697889233564,779.0260418202364,792.5272531476065,70958358
2023-07-13,785.704833984375,793.5326659534852,784.2446291019418,793.1735905563402,41913546
2023-07-14,787.3326416015625,791.6894113288874,782.7843533101579,791.6894113288874,24727214
2023-07-17,803.80224609375,805.2864126924621,781.8268204083179,789.9658626293475,49252928
2023-07-18,803.1319580078125,815.8192884919896,799.5412040971963,812.9466853634967,81076818
2023-07-19,806.7706298828125,808.5181419226229,801.9350926545632,804.8555610048314,32935134
2023-07-20,808.5181274414062,810.0741208768967,804.3289143458549,804.8795083270657,56210948
2023-07-21,802.2941284179688,809.0208308967337,801.0972104283851,804.3288890002611,42154248
2023-07-24,803.5628662109375,806.555161158962,799.5890751426567,803.6107312414538,32179444
2023-07-25,812.2764282226562,813.4254812031791,803.5628884699448,806.555183500857,55992596
2023-07-26,809.45166015625,813.7126998116902,808.1590121278992,813.7126998116902,24794358
2023-07-27,801.04931640625,815.3405049960073,798.3203084228094,813.85633843129,59741302
2023-07-28,786.8539428710938,799.0146422074048,785.704889829906,795.4717530151033,41015684
2023-07-31,790.5404052734375,793.2215484430462,784.5558150613891,789.98986972854,34565006
2023-08-01,795.830810546875,798.3203767107598,789.9659121084937,792.0964028577838,35394188
2023-08-02,785.4176025390625,790.6840418124119,781.8986752587043,786.1357533490648,28116322
2023-08-03,779.7442016601562,790.6121935791729,777.0391553272656,785.1781976196645,57673946
2023-08-04,791.0191650390625,793.0778874299197,780.0314808905504,782.8562191326811,37388304
2023-08-07,790.5643310546875,796.2377106290166,788.7929158097952,796.2377106290166,28300918
2023-08-08,789.9180297851562,792.6469794990385,786.1597188833139,790.779775695363,43773828
2023-08-09,790.2052001953125,792.1202688416507,780.9171055719207,791.4021180992739,33361236
2023-08-10,783.1912841796875,792.0006120305654,780.8692750321005,788.5535116922156,50781118
2023-08-11,775.0283813476562,784.4122069559019,773.7835398495799,784.4122069559019,28225822
2023-08-14,771.24609375,773.2090275802822,766.1472113841155,771.2939587813216,31304410
2023-08-16,768.995849609375,770.6476315074848,757.0745931406195,757.9363390305685,34137542
2023-08-17,764.7348022460938,770.7672567276965,763.1548472527722,764.8783973270507,52884040
2023-08-18,761.598876953125,764.2560581283789,759.085349306415,760.0668453838622,25633366
2023-08-21,761.0004272460938,766.2668661889733,759.8035093045302,766.2668661889733,21837270
2023-08-22,757.7448120117188,765.069973432526,756.4521639695814,764.2799958764373,32273570
2023-08-23,759.612060546875,761.503226134282,753.2205298402522,756.4522085794365,36498588
2023-08-24,756.1170654296875,764.2081843881693,754.6089370548672,762.8198062571005,43145792
2023-08-25,747.594970703125,755.2552457791736,746.1108040957927,753.8429059393314,30069756
2023-08-28,755.3749389648438,757.7209098998453,747.5949720764402,747.5949720764402,28867238
2023-08-29,761.3834838867188,762.5085750919843,757.1463475103358,761.0961768187698,35538932
2023-08-30,755.8297729492188,767.9186450321,753.4359368932027,767.9186450321,28084204
2023-08-31,752.358642578125,757.9602535082042,748.3609484150296,755.973358072876,100075772
2023-09-01,753.9147338867188,755.9734563535246,746.5656685930877,752.1433185125949,43226776
2023-09-04,758.6305541992188,761.9340009681175,754.010439249432,761.2398119383075,25073638
2023-09-05,754.010498046875,760.4738554447009,751.9517756465584,760.4738554447009,38712082
2023-09-06,763.873046875,766.0274992165465,754.010454511239,754.9201238552107,56320910
2023-09-07,771.2222290039062,772.7303575614067,759.875468320368,763.8731632523076,34208342
2023-09-08,777.230712890625,781.7790014587035,769.6661674737783,770.0013395921213,34502210
2023-09-11,781.2523803710938,783.5025629490954,777.5179726424265,779.8639437312936,31573022
2023-09-12,783.694091796875,786.5666951817179,778.0207118004635,785.1782585237241,39033340
2023-09-13,787.0454711914062,790.731955532435,779.7203091010442,781.0130157046019,46420094
2023-09-14,786.566650390625,789.965885847133,782.8322428256791,787.2129744267565,23538848
2023-09-15,795.5913696289062,799.5411989049336,789.9658552054733,789.9658552054733,173411202
2023-09-18,779.9356689453125,792.3596534268783,778.5232707508934,791.7611944741388,37056288
2023-09-20,748.6482543945312,765.548760092835,747.0683576854377,765.548760092835,115474648
2023-09-21,743.6929931640625,751.161749541656,735.8891231351594,743.5254363384076,72841442
2023-09-22,732.3462524414062,748.9834124885792,729.5215142987016,746.3980579436757,61704250
2023-09-25,732.9925537109375,737.636571986799,730.1199506265053,730.1199506265053,40208754
2023-09-26,736.1763916015625,737.3014828250133,730.1199748754191,730.1199748754191,27575308
2023-09-27,731.005615234375,733.7106613351264,725.3322361649047,729.1623733855774,39338538
2023-09-28,729.49755859375,736.1524343562999,726.9361657647512,734.4288841265327,55354188
2023-09-29,730.7423706054688,735.1230435502242,728.8273018844358,729.4975291821899,32053782
2023-10-03,722.0048828125,731.0774976675469,721.0233866976592,731.0774976675469,38971694
2023-10-04,732.2984008789062,734.9076587656226,713.0040591639762,715.7569705893197,54649430
2023-10-05,735.2667236328125,742.8312687313597,733.7585952718871,734.9316099718342,48512674
2023-10-06,734.452880859375,739.6953585670591,732.4420234594476,739.2165913446855,17759356
2023-10-09,725.9307861328125,732.513835306317,723.8960254791839,731.55630088108,16454972
2023-10-10,730.0481567382812,732.035052316478,725.4280415474352,727.989492834349,33266292
2023-10-11,737.1099243164062,738.3308039789869,731.7956204103215,732.561636194785,31333360
2023-10-12,742.017333984375,743.046695154072,733.2798325755078,735.4342849776942,22025336
2023-10-13,735.2667236328125,741.5146589381054,732.4898505097352,737.3014842223872,39745300
2023-10-16,732.3223266601562,734.6443359841811,727.965556654919,733.2319960651158,17856084
2023-10-17,737.8759765625,744.8420626176685,734.9076433348039,744.8420626176685,32902558
2023-10-18,727.6064453125,737.8759782779842,726.8164677513256,737.8759782779842,31216200
2023-10-19,725.308349609375,730.7184423716426,719.682834983418,720.7361578942352,30252364
2023-10-20,729.0667114257812,731.0775102771368,720.5446319365362,720.5446319365362,21094010
2023-10-23,721.0473022460938,731.9152933638753,718.1986025878159,729.4017657824131,22376136
2023-10-25,716.4751586914062,729.0667602000749,714.0573608059868,728.2049558099759,28311996
2023-10-26,700.6278686523438,714.3205976423598,699.1197404204128,713.9615222749121,55561798
2023-10-27,703.3807983398438,707.6178760987387,702.3035722091115,703.5483551604171,31940532
2023-10-30,711.0171508789062,713.3391600901615,699.9097753123232,700.5560993380782,23310982
2023-10-31,706.8998413085938,720.0659406218252,705.7029231892091,720.0659406218252,32634824
2023-11-01,705.9421997070312,707.354539496317,700.0773018118728,700.0773018118728,33877466
2023-11-02,707.0194702148438,713.6025192857455,702.4233167339939,710.9692996573848,45225154
2023-11-03,710.3707885742188,714.0333691138175,709.3653892057476,712.4055490469672,18095340
2023-11-06,715.5175170898438,717.1932021415764,710.0116947770078,717.1932021415764,25593730
2023-11-07,712.0464477539062,715.2781260341811,707.234814492639,715.2781260341811,41952848
2023-11-08,714.105224609375,715.014835514477,709.054207384732,710.4665472159254,31399546
2023-11-09,711.280517578125,714.607926311971,710.2511563874616,711.4480744130556,22116740
2023-11-10,714.081298828125,716.2357512885518,708.5994376116778,708.6233409063911,14015186
2023-11-13,712.78857421875,716.2117126727126,711.4001377601898,714.3684707875195,20605914
2023-11-15,720.2573852539062,723.3932753387419,718.4141432279705,720.1137317170233,41245460
2023-11-16,722.1484985351562,727.2473809327844,719.9461810912933,722.7948225701767,29713838
2023-11-17,720.5924682617188,721.7415211781168,712.8843283809061,713.3630955591337,23701874
2023-11-20,720.6403198242188,724.3747271219125,718.8928664109501,724.3747271219125,19331452
2023-11-21,726.74462890625,728.6836593929769,723.9438525479579,727.2473578304415,24959972
2023-11-22,724.1593627929688,727.7261551101178,719.8504579271851,727.7261551101178,29123650
2023-11-23,728.3485717773438,729.5693930831869,722.220328180805,722.220328180805,13046220
2023-11-24,733.5191650390625,734.0218939418301,727.6542672419772,728.3005912289228,16469192
2023-11-28,731.8674926757812,735.9848789111071,730.5030178431152,735.0033827728541,28489338
2023-11-29,746.4698486328125,748.3130905581396,733.950075384279,734.3809775281464,34042488
2023-11-30,746.30224609375,752.837370842918,738.3307614719267,751.2574743365304,69491440
2023-12-01,744.6744384765625,749.6296668015766,743.0944835007002,745.8713563542594,22153536
2023-12-04,770.5279541015625,771.7727371502491,753.4120264631497,760.2823241901957,50662456
2023-12-05,777.374267578125,784.6994290053266,773.9271671672425,783.5025110233172,52230820
2023-12-06,779.3372192382812,784.4360428215049,773.9989536278642,784.4360428215049,38613060
2023-12-07,780.60595703125,782.3056039667443,773.7835244385168,777.996699171334,20450386
2023-12-08,791.4979248046875,792.3597291563016,780.605970823838,780.605970823838,33728038
2023-12-11,790.4447021484375,796.5250226338114,788.5296332153098,789.9898966541259,23187620
2023-12-12,782.5928344726562,792.9581557902037,781.2762247045517,791.9766596766761,36581476
2023-12-13,780.8214111328125,783.2631120796166,773.2568662574292,781.563465201162,29346914
2023-12-14,790.0377197265625,794.2508360897075,787.5720569174692,788.0508241253218,35172366
2023-12-15,793.1018676757812,798.5837290089988,788.3380987347389,789.9659189837218,138837130
2023-12-18,792.6948852539062,797.0037903560872,790.4207408944219,795.0887214217845,18014754
2023-12-19,791.354248046875,794.1071592085059,787.1171703824074,789.9658115984446,24008446
2023-12-20,793.3172607421875,799.0385054794685,787.3087089265515,793.796027948429,34232520
2023-12-21,807.5365600585938,808.9968233004131,790.0855201370065,793.31719852569,36589240
2023-12-22,799.9481201171875,807.1535894553359,798.1527432166448,806.052401579033,48578850
2023-12-26,805.5018310546875,807.1775162105685,798.8470139045111,801.0971963079616,18045856
2023-12-27,815.4841918945312,817.0162235511344,803.6586070355986,805.0470435987298,27009078
2023-12-28,816.417724609375,824.1498261689791,814.8617312916912,818.3567550440999,44076470
2023-12-29,818.332763671875,821.0378097994592,811.9890988372093,812.4678659945425,25011426
2024-01-01,812.9945678710938,818.2849687904367,810.0740996496615,816.7768404269046,14239686
2024-01-02,813.4732666015625,815.2447401524048,808.4940764689007,813.329671520093,29242092
2024-01-03,800.9295654296875,816.154325515247,799.0384001483739,814.8616776060998,28389762
2024-01-04,809.5234985351562,811.4864323425077,799.8763278844378,803.3713517790169,26734056
2024-01-05,805.3821411132812,816.2501913581319,798.6315354441177,807.7520737623003,31889470
2024-01-08,796.4052734375,805.4539851831421,794.7535499790049,803.6107431564817,17998470
2024-01-09,790.2052001953125,803.2755670838737,788.4098233393704,798.1766851243468,25326888
2024-01-10,792.8145141601562,794.7295829425168,785.8484865302768,786.6145023545687,16115824
2024-01-11,789.4871215820312,796.1419974247106,786.6145183500772,794.7535608406137,18314010
2024-01-12,785.752685546875,792.8384633063858,782.1140666068262,790.9233945544381,19773552
2024-01-15,800.8817138671875,804.7597161030749,786.9016779868482,788.8646116180252,28320356
2024-01-16,803.921875,806.0763271840818,793.8438030727146,800.977445326437,25322500
2024-01-17,736.1045532226562,764.4954709128732,731.7477834906084,751.6644868680132,170145236
2024-01-18,711.5198974609375,725.3323197153799,708.5994291824192,715.2782083529884,161070930
2024-01-19,704.0989990234375,723.0581685801238,703.0217728163159,720.999446229209,109600538
2024-01-23,683.3683471679688,706.0379622645205,682.243255943311,701.3939438294391,115469402
2024-01-24,697.0371704101562,698.2579916906107,660.8184204446432,660.8184204446432,86004404
2024-01-25,686.9830932617188,697.7313939357863,679.5622013776972,695.4093846155678,98941852
2024-01-29,696.438720703125,700.3406850803747,692.2016426624417,693.2788688648152,65645498
2024-01-30,691.4834594726562,700.5321123941566,689.8556393766623,696.3908230536141,41728768
2024-01-31,700.2210083007812,706.1576749666016,687.8927526091608,689.1854007024332,65761040
2024-02-01,702.040283203125,705.5113454583611,697.1090160306093,701.4179208991782,32690740
2024-02-02,692.3692016601562,708.9824002114282,690.4062678183428,706.1816237651476,44867754
2024-02-05,691.746826171875,695.1221585479817,686.5761751120126,692.2974201794814,38605046
2024-02-06,691.3876953125,694.0687799185687,685.8818725644124,692.0819428119112,41075740
2024-02-07,684.6130981445312,696.0317420167268,683.0332015338389,695.6487048996299,54837086
2024-02-08,671.7343139648438,688.9220089386799,670.5134342809237,684.5652392978377,69106124
2024-02-09,671.9976196289062,677.0725401801844,664.0500959229506,666.515758652701,56642124
2024-02-12,665.4863891601562,676.8092448082598,662.3025756816373,670.1065041980137,34447812
2024-02-13,667.616943359375,672.3567506453555,662.7814060042901,666.4200252792418,57580994
2024-02-14,662.6377563476562,666.2045485555035,652.8230288985812,658.7836570696176,91320810
2024-02-15,677.0007934570312,677.6949825309235,662.7813723217212,663.0925826953933,41584944
2024-02-16,679.8015747070312,683.5359238875297,674.31965507416,681.7166435513678,32175742
2024-02-19,678.4609985351562,684.1583399970523,677.5513291516161,684.1583399970523,34451756
2024-02-20,696.2711181640625,697.6834579371554,675.9235134549672,677.4555450204665,56133508
2024-02-21,689.017822265625,700.9151754054046,687.0309267122648,700.9151754054046,45893136
2024-02-22,679.6339721679688,684.0625685726841,676.1149866485335,678.7721678686664,50560882
2024-02-23,680.13671875,686.5043463190802,678.8919356342462,681.0703499192647,29833452
2024-02-26,680.9506225585938,686.9591159463556,676.7614094932516,676.7614094932516,23506870
2024-02-27,679.9212646484375,683.0571548064959,676.5220291476985,676.7614127525852,32087150
2024-02-28,674.7744750976562,681.8601942948292,672.1891206373224,679.9212222820232,25321986
2024-02-29,671.9019165039062,675.2532869853846,668.9814482015562,671.2794957514693,53295700
2024-03-01,684.9961547851562,685.9536891619308,670.2740637422462,670.2740637422462,34738898
2024-03-04,685.9297485351562,687.9884708858845,681.9081507835436,685.0919059296933,35616474
2024-03-05,689.8316650390625,690.8610261429652,680.6393587545882,680.806915575396,37991672
2024-03-06,690.6694946289062,695.5768580281541,686.3366868886952,686.3366868886952,42409530
2024-03-07,692.34521484375,694.7151474764962,690.0950324505662,692.0579662212759,49348046
2024-03-11,683.5838623046875,692.2734406211868,681.2857562639475,684.6371268147891,50531094
2024-03-12,698.7847290039062,700.9152197851,684.2780586597365,686.5522029862251,65418454
2024-03-13,699.191650390625,704.553819805337,694.260324713518,701.6333514911945,63067454
2024-03-14,696.8217163085938,701.8727337796063,691.4835086418929,700.0055299615263,52432158
2024-03-15,695.481201171875,698.665014815619,690.5020104857863,694.2124563732988,143613804
2024-03-18,692.3213500976562,697.0850604784281,687.413986176019,692.7761555716247,21437856
2024-03-19,693.9012451171875,695.361508487081,687.2703309378574,687.2703309378574,36183594
2024-03-20,685.1397705078125,695.0023623556473,682.0756489825828,693.7575794231888,43606094
2024-03-21,692.1776733398438,694.8108929167894,688.6108811083764,690.6695449843953,28922860
2024-03-22,690.7891845703125,694.5714568199686,688.3474837448974,689.9034770136652,45980326
2024-03-26,682.4347534179688,688.4432464905726,680.8787600753138,683.2964992802526,56844290
2024-03-27,689.7598876953125,693.2309499256703,680.4478889511747,681.5490768981103,62168668
2024-03-28,693.20703125,699.2394862002545,689.7598723903825,689.7598723903825,55592142
2024-04-01,704.0271606445312,705.6071157662267,696.8935177463561,698.0425707036562,25199570
2024-04-02,708.647216796875,715.6850706043787,700.5560401814738,701.4657094654401,41225446
2024-04-03,709.6766357421875,716.0681660997278,704.4580616337976,704.793175292623,45584386
2024-04-04,731.3648071289062,732.5138601668406,720.065912216293,720.065912216293,88935066
2024-04-05,741.8737182617188,744.2435924609226,732.5856231419043,736.8227010597361,59055902
2024-04-08,740.4613647460938,745.5602472863112,738.0436253706997,744.4590593119542,20482940
2024-04-09,741.3949584960938,744.4111567395224,737.4451291623751,744.4111567395224,21884494
2024-04-10,735.5540161132812,742.041335404094,733.9261958559255,742.041335404094,27807400
2024-04-12,727.223388671875,732.4419626511461,724.5901691674342,728.2048847735614,41084208
2024-04-15,715.61328125,722.9384424882777,714.3445949763995,716.9778144689066,23415248
2024-04-16,722.5794067382812,724.3269187314523,709.6526921569106,711.9268363888184,20744886
2024-04-18,715.61328125,727.1755203466597,713.8658277959437,722.8427124294902,34234884
2024-04-19,733.13623046875,734.8836839791993,708.6951417404246,711.7113984519393,34576434
2024-04-22,723.99169921875,745.6320106114753,722.12455398941,745.6320106114753,42298438
2024-04-23,721.7893676757812,730.8380788006147,719.7067421926132,730.7423487447305,26827060
2024-04-24,723.7523803710938,728.5640142912791,722.4836939974829,725.3323355684494,22441580
2024-04-25,723.2975463867188,727.5824894434112,721.1430939897369,721.1430939897369,35445204
2024-04-26,722.8427124023438,731.5562517090086,720.807951885483,727.630384206722,24854694
2024-04-29,732.2744750976562,734.6443494985349,721.286790594288,725.332350292873,36093350
2024-04-30,727.7739868164062,737.0620819015442,725.2844208297038,732.1307565147657,52307382
2024-05-02,733.5910034179688,735.8651474977438,727.893662350512,728.6836398774014,33475006
2024-05-03,727.5346069335938,737.5887178779653,721.5978821158841,734.0697907360874,31865242
2024-05-06,728.994873046875,734.6682525558684,726.361653503664,728.6836626849343,28793396
2024-05-07,721.09521484375,729.6651592326485,720.1376804638342,728.6597013791286,28480602
2024-05-08,709.8441772460938,716.6905129132654,708.7429893452799,716.2117457291306,41687862
2024-05-09,693.0155029296875,711.8071150125822,691.9622384959757,706.1576388307392,46281278
2024-05-10,697.8200073242188,704.6385064038308,692.4331341667237,698.3538309269745,27276608
2024-05-13,706.2400512695312,708.4482125597933,694.1317160729689,694.956710818051,27047202
2024-05-14,709.0062866210938,711.2144479759614,703.8378359787137,704.7841569928967,25665142
2024-05-15,698.1112060546875,708.39964782104,696.8009063196256,708.39964782104,38931996
2024-05-16,708.6665649414062,709.782790041372,696.655267230535,701.7752582341244,34945236
2024-05-17,710.5350341796875,712.4277355160416,701.8480628860959,701.8480628860959,20920190
2024-05-21,707.962890625,713.2526672307866,703.7407019802051,703.7407019802051,43769978
2024-05-22,708.156982421875,711.2629460513618,702.7943980944078,707.5018325662894,39996278
2024-05-23,724.3662109375,725.8464148427264,707.1136542137513,707.8901303438163,40861920
2024-05-24,736.3047485351562,737.6151076266391,721.1632556922566,721.891213218191,31060206
2024-05-27,741.4004516601562,749.7962521608212,737.2026106511589,739.2893866819511,29385440
2024-05-28,742.7592163085938,745.4526824425712,739.9930018261246,742.5650824828549,27908904
2024-05-29,731.9855346679688,739.5319916615282,728.5641108173895,736.6929693394153,35147706
2024-05-30,735.1642456054688,739.4106642295702,726.8170235494816,727.569210732381,33755350
2024-05-31,743.268798828125,745.4283820979595,734.7516735002022,737.1781981815107,74079588
2024-06-03,762.9964599609375,776.0026570209221,752.2227131847588,776.0026570209221,72637256
2024-06-04,719.7800903320312,756.5904610836327,705.6334383679294,755.6198511271432,89531240
2024-06-05,753.0962524414062,756.8815955434779,719.3917877908412,725.06989130594,81631650
2024-06-06,756.9301147460938,759.7206182378197,750.5726316827747,759.4537360573207,46422870
2024-06-07,763.5545043945312,768.8928586568827,753.2175448676818,757.5852892641512,36712216
2024-06-10,757.7067260742188,767.0973660487972,755.9110620154896,763.8700759254958,22454058
2024-06-11,759.4052734375,762.4141406844706,753.2903831592504,755.1345658211561,29545326
2024-06-12,763.9428100585938,770.8098870497467,760.1816966411113,764.3553074238586,39280436
2024-06-13,767.1458740234375,769.5481100621035,763.8700652936205,767.6311790204475,24120192
2024-06-14,774.9835205078125,776.0026490992642,765.6656295141681,768.7230745298527,25540554
2024-06-18,780.2733154296875,781.5836150866086,771.3679222826127,774.9834796730435,32415714
2024-06-19,804.5628662109375,810.4108150397882,778.4292043351105,782.9910830915752,90131196
2024-06-20,810.143798828125,816.0159768197282,801.7237698729426,810.3622215983705,41408742
2024-06-21,808.3967895507812,811.8424431419929,797.4289085916951,811.8424431419929,51630776
2024-06-24,811.6240234375,812.9343231272944,798.6906344612428,799.2972656586157,28544994
2024-06-25,830.5266723632812,833.2443684249017,810.9931467609703,810.9931467609703,74521548
2024-06-26,825.7463989257812,830.3082774504516,820.699215435536,828.8765922572081,47596666
2024-06-27,823.1500244140625,831.3274011881083,818.5153383232833,823.1257354693937,55074650
2024-06-28,817.1565551757812,828.2214732583296,814.8270675577021,823.8537284054296,26476046
2024-07-01,827.5419921875,828.5611799942127,815.3123309202279,815.3123309202279,21187024
2024-07-02,839.8687744140625,841.9556094944659,826.353042764463,832.2980286836319,45921690
2024-07-03,858.3346557617188,870.6371250279785,856.3934358619908,869.1812101031826,123217802
2024-07-04,838.1945190429688,854.0154497500956,837.0782938778042,854.0154497500956,45848658
2024-07-05,799.8311157226562,817.7388811097651,796.9678045280713,817.7388811097651,82242548
2024-07-08,793.6434936523438,803.1554594894733,789.6640164804963,798.4723137874327,39087800
2024-07-09,794.2015380859375,799.1516248009418,786.363851419409,788.6205312494033,48550878
2024-07-10,789.1543579101562,795.9001084827571,786.5579883069686,791.0227700970487,45507182
2024-07-11,787.1162109375,789.0331420386741,776.9733243368038,788.111050667459,44177074
2024-07-12,787.5043334960938,795.1236568993513,781.8990967628511,787.1646437212287,56049960
2024-07-15,787.2131958007812,790.9500796896383,783.8645795922547,787.8926346206944,33375694
2024-07-16,786.0726928710938,789.5911537590798,784.6410669649267,786.5579978211608,28950324
2024-07-18,783.6705322265625,788.1110255525017,776.0754971813087,780.3704345530638,33717064
2024-07-19,780.0307006835938,787.649965003423,778.1865181041212,784.2528302190582,26002152
2024-07-22,797.1376953125,801.2384985771903,782.6270649860646,784.7381297391379,53744822
2024-07-23,785.4176025390625,799.6855810002239,778.9145038672318,799.5642547535156,52002152
2024-07-24,778.4534912109375,786.6793870769927,770.6886113878456,780.4432298173384,61728206
2024-07-25,784.5440063476562,788.6205799631161,773.0908208499962,773.0908208499962,25535732
2024-07-26,785.2962646484375,787.0433507268658,774.7651110455088,778.9144923179402,43810540
2024-07-29,778.9387817382812,791.9449196556922,775.6629731237323,783.7675425920842,51001148
2024-07-30,784.0345458984375,793.3523785519244,776.0027241501925,777.4586392048833,54595834
2024-07-31,784.1315307617188,790.0279981871195,780.9527594083772,783.2822470366172,37820484
2024-08-01,795.3178100585938,800.7774909815698,785.1991540216145,787.6014491725216,26215174
2024-08-02,805.1937866210938,810.7019864135299,791.5324392939043,791.5324392939043,44119238
2024-08-05,784.1315307617188,798.8120065813332,776.9732822215763,795.9486953170099,41333634
2024-08-06,777.0703125,792.4787456590307,773.2364505401089,791.0471196604719,45116050
2024-08-07,787.8926391601562,791.0471215466921,777.5556193354371,784.7381567736204,42346264
2024-08-08,797.21044921875,802.3547292854007,785.8300713873926,788.1352699911228,33976950
2024-08-09,800.8502807617188,806.8438448558267,798.7149861722273,801.7238534511162,26644618
2024-08-12,805.6547241210938,813.3467956202861,799.4670860971137,801.7237659305952,39316196
2024-08-13,778.0409545898438,792.2118961762867,777.0461148817201,790.0765423217451,54055042
2024-08-14,780.2733154296875,783.1365672163911,778.0408652863015,779.6423953037173,32334428
2024-08-16,792.0662231445312,793.061122021343,781.8263002104013,790.3191371152319,27849246
2024-08-19,791.79931640625,794.7596647587319,787.9896251482922,794.7596647587319,19502164
2024-08-20,794.783935546875,798.8119905444514,789.8095595425733,789.8095595425733,31134494
2024-08-21,789.0088500976562,793.2552686183906,785.1264103072706,790.1250159925943,47630904
2024-08-22,791.6780395507812,795.0751744192786,790.0765094162431,792.0177293410987,21300638
2024-08-23,788.6448364257812,792.988292052303,787.6499375770427,792.988292052303,20333422
2024-08-26,795.8759155273438,799.7583555491682,792.1148017562012,792.1148017562012,22364266
2024-08-27,794.8082275390625,799.4914324239653,792.1147612152419,797.550212512406,35773244
2024-08-28,794.4927978515625,795.7788679404401,791.1441815277424,794.808257947526,26921188
2024-08-29,795.1964721679688,798.035494358065,791.6052035874162,796.8707505966252,49052604
2024-08-30,794.395751953125,806.5768953841255,786.7521983416328,803.6650654368904,445342100
2024-09-02,789.5668334960938,799.2001837658697,787.7469400055302,799.2001837658697,34049680
2024-09-03,794.6140747070312,795.8758557711201,788.4264363868309,792.9883149182248,37282860
2024-09-04,796.7737426757812,798.2296576209254,792.0177301584446,795.4148650304477,24682744
2024-09-05,798.5450439453125,800.7046866194709,796.8707654853739,798.8119853769339,22876318
2024-09-06,794.419921875,799.6612390821284,793.0368146024134,795.0751309568867,26029602
2024-09-09,799.0546264648438,800.0252363967779,791.0956131747174,794.9295342541234,23792914
2024-09-10,800.923095703125,802.694470803164,794.9295907953946,802.694470803164,26606646
2024-09-11,797.7928466796875,801.9664575454252,795.5118777911906,800.9473289635273,22226684
2024-09-12,808.8092651367188,810.4593139115112,799.32158835399,802.6944342572692,32424046
2024-09-13,808.4938354492188,812.4005643686717,804.1746683722245,812.4005643686717,23860532
2024-09-16,810.9202880859375,814.2446744093743,807.5717313009576,809.0033572167779,15172820
2024-09-17,809.876953125,814.3417351276187,807.6202731787942,814.3417351276187,20127122
2024-09-18,822.4949340820312,824.4846727250206,810.9931700877765,811.3571488361771,40917342
2024-09-19,829.1435546875,834.2392569551141,824.6059649927001,824.6301946967953,30651776
2024-09-20,845.0130004882812,846.8328941482245,828.6825354394553,833.0259912779876,60623386
2024-09-23,854.0396728515625,857.2183847223622,844.551937403139,848.7983557064159,26965350
2024-09-24,858.04345703125,864.6435926298055,851.3462248960326,856.5632532087773,33039036
2024-09-25,863.4060668945312,867.7252930088929,854.2095613390953,854.2095613390953,31965312
2024-09-26,865.51708984375,867.7252510639614,858.0434410028155,860.4699657541129,31899644
2024-09-27,850.56982421875,862.9693314840181,849.2837541142532,862.3869891777302,35613502
2024-09-30,840.572509765625,849.987378933711,836.8599148404105,848.7013681367213,26383534
2024-10-01,837.7333984375,845.4012405036974,834.7730500291224,836.6657512217993,24572284
2024-10-03,816.282958984375,837.7091852435565,812.0850591484665,832.613483062025,48473398
2024-10-04,804.4658203125,820.4808848190723,802.2091402837622,812.6431974622866,48683232
2024-10-07,785.1264038085938,805.1209448670484,782.7969162571121,801.8208473760044,94458296
2024-10-08,801.2627563476562,804.0532597925816,787.1646239424159,791.0470635179641,29734406
2024-10-09,792.5758666992188,804.0290527657074,790.4162239204929,800.510591541895,41125642
2024-10-10,806.7709350585938,808.2510795642027,792.2603056670246,795.4147877416559,21754766
2024-10-11,801.2385864257812,807.7659152352597,797.4774725282647,807.7659152352597,23672594
2024-10-14,819.2433471679688,821.1603374358971,802.6944587482099,803.689357680797,18527508
2024-10-15,817.3021240234375,824.0478752509669,813.1285129464045,822.1066552857113,19651130
2024-10-16,824.9214477539062,828.8766360391955,815.3609038822862,815.3609038822862,20470682
2024-10-17,811.988037109375,823.8780090897097,808.1298269832027,822.5676501021808,14695732
2024-10-18,816.210205078125,820.6507576909523,802.7429912839654,807.1107362982874,24809724
2024-10-21,838.9466552734375,848.3858722296796,830.3810701774502,832.2980010606213,46548354
2024-10-22,832.0796508789062,844.4306385333365,830.2111793718472,839.6018778313584,38875280
2024-10-23,842.3924560546875,847.5851959404977,827.4693270680456,827.4693270680456,38036090
2024-10-24,849.1138305664062,858.3346247570413,843.5085346118838,843.5085346118838,30832258
2024-10-25,846.0806884765625,853.0933215296461,838.9466699408074,851.7102142266036,26130478
2024-10-28,841.6158447265625,849.7689918168825,839.043763962605,845.4012471416386,22012142
2024-10-29,850.1815185546875,856.0779859182065,837.1996103215174,837.7092042477628,35794926
2024-10-30,841.8099975585938,851.5889046504595,836.7628139716957,845.4012662208864,32715724
2024-10-31,842.3438110351562,843.8968224808245,834.4333755848933,838.6069864702176,22895912
2024-11-01,843.120361328125,846.4203996311912,837.6849100339031,841.0335262277963,1759692
2024-11-04,831.8612060546875,846.8571409139798,830.3082539054162,846.8571409139798,28089248
2024-11-05,853.0933227539062,855.447039991069,823.999313734677,826.4743572133567,44232406
2024-11-06,851.8316040039062,859.7178102794018,847.0270726401069,859.7178102794018,27787910
2024-11-07,847.6094360351562,854.5977803501312,843.4600547619757,846.5174998307751,18895456
2024-11-08,851.4432983398438,855.0103373353861,847.2696873607207,850.2543248355499,19902986
2024-11-11,857.1942138671875,865.2017460745226,849.8660612419557,851.4918803256005,24565362
2024-11-12,833.8509521484375,861.4162973605047,829.2163253609564,859.9603824917264,31395406
2024-11-13,815.9674682617188,839.2863948751228,811.9151837654287,833.1472753910937,35728500
2024-11-14,821.5,827.3721783747438,811.4784403744485,811.9637453515568,27146470
2024-11-18,827.4934692382812,834.190701332557,822.5919010273279,825.0184258091194,27081968
2024-11-19,845.5225830078125,851.1035901563789,826.3287477699067,831.8127176211167,50981272
2024-11-21,845.0130004882812,853.6514527573436,841.6158656563873,848.9925368361551,35716512
2024-11-22,847.1483764648438,851.370565411524,839.3592669406547,846.1535367827626,24773612
2024-11-25,866.560546875,875.2718066744363,856.5147576427843,866.293664684976,427737274
2024-11-26,866.5363159179688,878.4019987795361,858.8927626136716,878.4019987795361,30935566
2024-11-27,879.5181884765625,881.9689429401197,866.3421471774458,868.6473457001546,32714976
2024-11-28,870.224609375,891.0684339141281,867.725276958314,882.7697308653094,35722392
2024-11-29,871.6320190429688,875.7813410106078,865.2502468100779,874.1798701470966,27669536
2024-12-02,875.8298950195312,877.5042327860683,861.4163604593637,875.2475527258944,15110876
2024-12-03,886.3124389648438,891.6993119709169,881.3622930133588,884.5652937811867,43410242
2024-12-04,902.7157592773438,905.0937654692016,888.6662041479593,891.9905313310416,44669084
2024-12-05,905.457763671875,912.349070670313,890.6316728815866,902.6672600453907,39682714
2024-12-06,900.6531982421875,904.7054828102569,894.9023463139778,901.2113107944992,17783156
2024-12-09,907.520263671875,912.3733132102273,897.3288596413352,899.5855395249345,26947912
2024-12-10,906.5982055664062,911.2571214453396,901.9635786325839,911.2571214453396,13325480
2024-12-11,904.1716918945312,908.4423993938311,901.0900171351183,903.492253077643,14045426
2024-12-12,902.3032836914062,906.8651623497835,897.183292457994,898.299517608064,17293790
2024-12-13,908.3695678710938,909.9468090067054,887.7441068669418,903.8804969466607,19009002
2024-12-16,905.1907958984375,907.4959944793276,900.3620351992098,905.1422772502634,13107082
2024-12-17,889.6853637695312,903.8077269850552,886.4095551207139,900.8958970749953,21079532
2024-12-18,878.74169921875,891.0199388482123,877.0189020931173,888.0353013877913,23422312
2024-12-19,870.3944702148438,874.0827761662058,863.3575480971324,873.3548187057529,25380770
2024-12-20,859.7177734375,872.3599918831414,857.5581899695972,864.9105130352275,25692348
2024-12-23,874.0342407226562,876.4607655442072,864.4737566222769,864.8134464007626,11044592
2024-12-24,872.6268920898438,877.7711131439431,868.4775699633949,874.5438823482602,14485834
2024-12-26,869.0598754882812,879.3726061062491,864.2068257857081,872.8452779528201,10481678
2024-12-27,872.69970703125,876.4365317952429,868.2591544798911,871.0254284954694,7259330
2024-12-30,862.82373046875,880.8285332674382,859.4751142791366,869.7635560951499,22222218
2024-12-31,860.3729248046875,864.7164399349241,856.8544636879918,859.1354326463724,14117236
