Price,Close,High,Low,Open,Volume
Ticker,INFY.NS,INFY.NS,INFY.NS,INFY.NS,INFY.NS
Date,,,,,
2015-01-01,359.9809875488281,361.36664733557,356.7903133165514,358.98730707694995,2002764
2015-01-02,367.05523681640625,368.1218516746889,359.5434852760716,359.5434852760716,6778320
2015-01-05,363.9010009765625,370.1182538936478,360.5462300860535,366.45354065858766,9937024
2015-01-06,356.29803466796875,361.91363037942995,352.6333217536894,361.00200914421725,9667316
2015-01-07,358.0028381347656,360.0448611068284,355.5323353124777,358.26719943026603,7249916
2015-01-08,359.8078308105469,364.1015763799739,355.53233547368507,362.0230751982361,13564920
2015-01-09,378.2225646972656,384.52187699005304,348.79544597027177,361.02027465161825,44863328
2015-01-12,385.7890319824219,386.38158586265354,378.3228619940553,381.422374598344,12758888
2015-01-13,380.857177734375,384.30313339779804,378.3228880005853,384.30313339779804,8801236
2015-01-14,388.1045227050781,388.89765105029846,381.53176866673266,382.60746400799405,9921260
2015-01-15,389.1256103515625,392.5077347851084,385.1144760290912,389.2988095220252,8342452
2015-01-16,386.217529296875,393.82044283233546,385.0688774360613,391.6325514832669,6690960
2015-01-19,383.3367919921875,388.7791894600593,381.89644801049684,386.52746683635553,4087744
2015-01-20,387.2932434082031,388.8977060440839,383.1453658589753,384.1572745592522,6804504
2015-01-21,395.6254577636719,396.7285286170943,386.162844948925,388.62422285582323,8494908
2015-01-22,400.4661865234375,401.6604195513023,394.0575053965297,396.51888336472877,9958396
2015-01-23,403.8573913574219,405.67150897816504,394.7503027887566,401.1134021357138,9486328
2015-01-27,389.5357971191406,404.9421977072836,388.36893961342696,404.9421977072836,13739968
2015-01-28,391.00347900390625,392.8723025652776,388.4053584429754,391.9971372632549,13134356
2015-01-29,391.1767578125,391.9789668703046,387.9131708798556,391.0855956689874,15369424
2015-01-30,390.5202941894531,394.28531666847243,387.7945555480861,394.09386730297035,10833744
2015-02-02,389.5996398925781,392.3618348186549,387.6305288450251,390.44742995545977,8702540
2015-02-03,386.6915283203125,390.16481458327274,383.2456174056423,389.59963605117815,5265956
2015-02-04,390.6936340332031,391.9972349396396,387.69436376496265,390.15574175179296,5160016
2015-02-05,399.98297119140625,404.7598579092246,391.63251116622274,392.14302799766904,11875936
2015-02-06,406.6742858886719,409.82850467505017,399.01666651753345,402.0250169847664,7453728
2015-02-09,410.029052734375,410.95892436123825,401.11341330733103,401.11341330733103,6536868
2015-02-10,415.389404296875,418.9811836088984,408.58869994235914,408.9533484920623,8516920
2015-02-11,416.5835876464844,418.10596845274813,411.36909620089597,415.79045934011884,5796972
2015-02-12,421.38775634765625,423.3477418428275,414.4229795836447,416.2462219047342,6287536
2015-02-13,418.634765625,424.21386146570353,416.79327273040457,419.27290055700195,5657516
2015-02-16,415.471435546875,420.6038460075496,413.0100578705688,415.7540470715218,6244276
2015-02-18,418.70770263671875,420.24833387667877,411.71554880021006,417.62288208980976,8613764
2015-02-19,423.8491516113281,425.5447759450223,417.89628298343695,418.25180634870657,9673624
2015-02-20,416.2646484375,425.90958659597345,415.13420210943445,424.54215427599496,6971628
2015-02-23,413.0738525390625,421.0231633995578,409.8831780564335,419.34578914552725,5090488
2015-02-24,414.3865966796875,418.60738559186655,411.61527676570813,415.51699821545753,6437676
2015-02-25,422.5547180175781,425.6906863516741,415.69930811375673,417.3219762043606,6044972
2015-02-26,411.7065124511719,420.98680135413116,409.3909582713615,420.71331490890327,6445776
2015-02-27,413.10113525390625,415.81774854900743,410.5030149063974,414.76938419825825,7801076
2015-03-02,417.8324279785156,420.8954839376622,415.3437200501316,419.8927006750861,7040992
2015-03-03,418.95391845703125,419.8837456968966,415.38946942229074,417.52265486994577,4905552
2015-03-04,414.7239074707031,421.88013549131085,410.5760300829623,419.345845793577,4375228
2015-03-05,409.7921142578125,419.1179843925324,407.19399298425355,413.3383129882919,5684916
2015-03-09,399.29931640625,411.87056717922025,397.28462411842446,411.87056717922025,7984720
2015-03-10,400.7486877441406,402.3804808230774,393.8568224281554,400.76693797361673,6329916
2015-03-11,397.8680114746094,408.40636314033634,395.47959025497204,400.037696986449,6780912
2015-03-12,404.44989013671875,405.93581495978134,396.9198897564724,397.2845382541816,5688564
2015-03-13,404.832763671875,406.5830943495143,399.7276844603116,405.6714730617351,6179684
2015-03-16,413.26531982421875,416.064015383989,403.0369542167847,403.0369542167847,6818632
2015-03-17,408.49749755859375,415.60814357724365,404.25845858593703,413.26525907112375,5539312
2015-03-18,406.4919738769531,412.57250629466034,405.22482905963807,411.05008078295174,4905564
2015-03-19,406.6651916503906,410.0473160319981,405.26130356163793,407.42186413907785,6891740
2015-03-20,411.5878601074219,413.6754638209483,407.1209160817538,408.5886351641673,6430896
2015-03-23,407.2121276855469,414.7877099276569,405.7626586567035,410.7765760294554,5078700
2015-03-24,403.20098876953125,410.8494828185919,402.2073304233041,407.4764839007174,6736532
2015-03-25,404.5958557128906,406.428179244209,401.2501871369273,405.2886524148982,6170968
2015-03-26,391.33172607421875,403.83001953515173,388.71535491869946,402.5719998407544,15740840
2015-03-27,401.50537109375,405.61679226143815,394.3673937689177,394.5497180378816,10074220
2015-03-30,406.21844482421875,408.40633590944793,400.183494109025,402.1343992702275,4623088
2015-03-31,404.4590148925781,414.54151023508024,401.9064754108802,409.3179383151365,8016412
2015-04-01,396.3638916015625,401.0222862341834,393.40112181238067,400.9128738522452,6738488
2015-04-06,397.1387023925781,398.3238101069378,393.893321595318,397.2845707061282,7741752
2015-04-07,393.72918701171875,397.9773506062688,389.8092159439938,396.5552126651948,8542268
2015-04-08,401.21368408203125,402.00676795447055,396.1997666216528,397.92272208275784,10185576
2015-04-09,403.84820556640625,404.55925232189503,398.2690658243596,403.1918204746047,10581548
2015-04-10,407.30328369140625,408.04170586865354,402.97308238918083,402.97308238918083,7123776
2015-04-13,408.1875,409.1355771050013,404.04874883112285,408.04163171167244,4872336
2015-04-15,403.61126708984375,409.31802620180287,400.21093692672565,407.76826975515905,6237784
2015-04-16,400.137939453125,406.7654444413049,393.91158346725206,405.1245260190854,9007812
2015-04-17,397.3301696777344,400.1926518450182,392.62619455850864,397.476037997858,6450316
2015-04-20,388.74273681640625,397.46697234007905,385.64322372935055,396.7376751431248,12825384
2015-04-21,390.64801025390625,392.9270636962707,386.5457140576503,391.63254353590264,8881648
2015-04-22,389.7546081542969,392.9088271308,382.50721795548054,392.18865512051445,12350984
2015-04-23,386.89208984375,391.9971692573339,385.0688471960415,391.7601388105798,11891800
2015-04-24,363.77337646484375,392.03363845960433,361.00205644920015,389.4263924826967,43565452
2015-04-27,361.84991455078125,365.013236600513,355.1859527022994,364.6485880125005,19822640
2015-04-28,357.5196838378906,361.3667216809983,355.89699330035756,361.3667216809983,10393500
2015-04-29,357.5652770996094,359.54349114678246,353.3353403205236,357.5196960282165,8289056
2015-04-30,354.1194152832031,358.2672936189956,352.3052971773564,357.3556720067335,13134260
2015-05-04,363.3905334472656,364.64857548396185,355.51413311936517,357.2644418304116,13361592
2015-05-05,357.8570251464844,365.3231964399558,355.90616401002796,364.648605422478,9408516
2015-05-06,350.4364013671875,360.0904633686185,349.20571244175045,360.0904633686185,10508408
2015-05-07,354.4383850097656,358.6500712445623,348.2393597575372,350.42725102302956,6779984
2015-05-08,356.9817810058594,358.73211173168164,354.6662717737108,356.99090612154004,5777676
2015-05-11,363.49078369140625,364.64853834938947,355.9334293802869,358.2671889282752,4785512
2015-05-12,355.0035400390625,363.6639418485695,354.07369082237,363.49074271493055,8284892
2015-05-13,356.7539367675781,358.24900933053334,351.61240058509156,355.8514404158426,7099084
2015-05-14,352.76104736328125,357.5014789324248,347.8747474586877,357.35561059697477,6233844
2015-05-15,357.67462158203125,358.5588898029474,352.3051809596229,352.79744756530164,5189344
2015-05-18,363.38134765625,364.4479400448476,357.647236761567,359.1787648803527,6469976
2015-05-19,368.72344970703125,371.1574740405917,362.0959675419179,362.33299797407886,10272076
2015-05-20,373.2725524902344,374.1294678073172,370.7746961983139,371.94157618271305,5882188
2015-05-21,373.4821472167969,375.93439978013595,371.44012426671105,373.5641842368952,10059312
2015-05-22,373.11749267578125,374.0473642559838,370.1364953186546,372.67080711774713,6888824
2015-05-25,367.71160888671875,374.95899886062324,365.9339471950063,373.8559280878286,4675808
2015-05-26,365.9795227050781,370.3826361002578,365.04054824628787,368.2950320734828,3965040
2015-05-27,358.9052429199219,366.2893741560188,356.44386584122293,365.92472569991526,8454708
2015-05-28,367.6751403808594,370.4829387577605,360.12691070095536,360.12691070095536,10980540
2015-05-29,368.869384765625,374.940770153593,364.83089736747706,365.5328414193814,18993044
2015-06-01,373.3636779785156,376.31732247914204,368.88760790015704,370.62881371631255,5724892
2015-06-02,366.22564697265625,374.694622612158,365.56015894026694,373.4183527305711,4673140
2015-06-03,368.4591064453125,371.84120816001325,366.1071190083752,367.96681758285786,5495796
2015-06-04,369.7627868652344,374.6764175998174,366.94586321850073,370.11831032974663,7489464
2015-06-05,366.77264404296875,372.6708300775081,366.1345090599593,370.1182901454704,6125788
2015-06-08,364.65771484375,369.1428880461086,362.27837389323145,368.2950756237179,6141048
2015-06-09,363.2082214355469,366.04337310831266,361.5490748122941,365.33230391080906,7561740
2015-06-10,369.4801330566406,371.8229954742408,361.91367585365487,362.8252972034122,6385840
2015-06-11,364.2200622558594,372.8075304462354,363.7460236313753,371.203068056496,9229464
2015-06-12,360.0994873046875,369.30686112272144,356.5350396270368,365.56008921105024,9852924
2015-06-15,366.6424560546875,369.7334303785738,358.33196333663284,361.6450578056745,5236426
2015-06-16,369.9370422363281,371.2881997575328,364.62500175590213,368.0861539025418,5223444
2015-06-17,368.5859069824219,377.95139742431274,367.2902851499193,374.24962076001975,6412068
2015-06-18,370.89947509765625,373.1205408429263,368.6228736712148,372.25060986971937,3474426
2015-06-19,368.4563293457031,374.0275212718597,367.62342960052575,373.99048994909646,6670458
2015-06-22,379.0063171386719,380.82019637034404,369.0670578675412,371.99146987113176,5710868
2015-06-23,370.3257751464844,380.3205729123195,369.49287533266477,379.4321374067039,6952116
2015-06-24,368.3637390136719,375.73028265699884,366.92005985829417,375.73028265699884,7073694
2015-06-25,366.6424560546875,371.4732698432966,365.60596315884754,369.88151047534404,7117466
2015-06-26,372.12103271484375,374.4716514392935,369.4742538350653,369.80742271288625,5320284
2015-06-29,366.5314025878906,369.99255451555354,363.69953457882076,365.36533397383823,5690668
2015-06-30,364.3843688964844,367.7529991431996,362.7741051204799,366.47588170334194,6212530
2015-07-01,369.2152099609375,372.02855116103257,364.99517556694343,366.10570855548383,6880852
2015-07-02,365.7354431152344,370.69583164441667,364.6434147531555,369.8073964292704,4007568
2015-07-03,366.5868225097656,367.5863064115266,363.51435336970707,365.735418665245,2695306
2015-07-06,363.99566650390625,365.7355059192557,360.9231966308444,364.6249730065454,4305602
2015-07-07,362.959228515625,366.47591660425167,362.4039619753155,364.6250281365534,3497418
2015-07-08,354.44512939453125,362.4039495323719,353.4456451375203,362.4039495323719,7024178
2015-07-09,347.2266845703125,357.5916602291278,345.7644781282446,354.44514976127317,8587772
2015-07-10,347.0415344238281,352.4461188823819,345.2461819232821,350.9654083355069,7411522
2015-07-13,351.7243347167969,353.5196874427083,345.7644604611893,348.33719987810315,6531768
2015-07-14,359.53497314453125,360.36787269621743,350.00290049745615,353.5195874934644,5367074
2015-07-15,364.2547607421875,364.9766115855986,358.3319191041032,359.0722743088637,4129566
2015-07-16,366.1241455078125,367.0310851335686,362.58895399730756,365.62441479252203,3472938
2015-07-17,370.8624267578125,371.84340645449004,366.1426622657321,366.8460087569931,3447978
2015-07-20,370.6403503417969,374.1755421733533,365.51339922729284,370.6958860235826,4377180
2015-07-21,411.8781433105469,425.3340909357707,383.13384170454543,383.13384170454543,38310112
2015-07-22,408.3615417480469,411.6376053792158,398.5518326270494,409.04636146046175,12665660
2015-07-23,406.4549255371094,413.4882985655293,403.4935053146168,408.65746375251365,7710748
2015-07-24,402.60516357421875,409.58300255408614,400.9393643127689,405.54810271539844,4480302
2015-07-27,394.3502502441406,402.734737475779,392.55485257514147,402.3460780740106,6752244
2015-07-28,393.4432678222656,398.3111124816768,390.2597493808622,395.53478037794764,8476602
2015-07-29,401.79083251953125,404.23399598519813,394.23919938116853,397.5707982491784,7071334
2015-07-30,396.0900573730469,403.4936098473094,391.64792588848934,403.4936098473094,11956598
2015-07-31,398.6998596191406,400.2915964159383,392.3883125543879,399.2551260991704,7931012
2015-08-03,399.40313720703125,404.23397337046674,395.7013608941149,399.0514865323838,7961012
2015-08-04,391.37030029296875,399.4031368089106,389.0566900997022,399.0514861346137,9099054
2015-08-05,402.1424560546875,403.4936134307798,393.1101129183303,393.1286398747598,4753476
2015-08-06,402.3645935058594,409.2314072429549,398.68134382692216,404.9743641101698,7238252
2015-08-07,405.5665588378906,407.5655268627673,399.23653108219304,399.6067086724408,4988058
2015-08-10,402.012939453125,409.54604580957255,394.9795639009985,406.45507138078386,3992754
2015-08-11,410.58258056640625,413.4514575707327,405.60366368498455,406.751250636879,7574406
2015-08-12,423.63134765625,425.3341559532476,411.26740405923243,412.74811478491824,10168440
2015-08-13,428.6656799316406,431.9417428003145,390.7410011941146,424.59372614990656,9787960
2015-08-14,425.4266052246094,432.6265414428693,423.1500039555008,431.2569024030193,5109066
2015-08-17,422.7984619140625,426.9814427404173,415.5244611950225,425.70434777218344,3107436
2015-08-18,431.0163269042969,435.95818937001917,425.7042867978808,425.7042867978808,4150446
2015-08-19,435.16229248046875,439.10464774064616,430.4425281159851,433.1077887408508,6869518
2015-08-20,419.98504638671875,432.55255879613105,417.5603648455591,429.0358713262438,8369114
2015-08-21,425.66729736328125,429.75773336571285,413.67353222368496,422.3356984460435,10822142
2015-08-24,404.25250244140625,415.70948211472427,399.2735861618738,410.87864592602284,14122684
2015-08-25,401.88330078125,414.2287140986626,386.65048425027084,407.19534004336805,13735078
2015-08-26,394.09112548828125,406.08489063951384,392.01813964197373,403.41962957821875,11498212
2015-08-27,400.828369140625,407.23241523952476,399.07002533977413,402.75327480542364,15343392
2015-08-28,411.2857971191406,416.41274730014385,407.7875920559693,407.7875920559693,7208820
2015-08-31,405.1224365234375,420.0961046616283,400.7173133712386,420.0961046616283,9917064
2015-09-01,403.1234436035156,412.5999820005487,400.53220016437456,403.4936212376786,9071550
2015-09-02,406.9918212890625,412.74810213381295,403.4936603819337,406.45508174253507,11171830
2015-09-03,406.954833984375,411.6375907948978,404.4191258484045,410.9527711067461,8590536
2015-09-04,397.5522766113281,411.26737687657754,394.9795599705745,408.3059556209406,7318888
2015-09-07,391.92559814453125,401.64276173489156,390.53743191733696,401.6242347767812,5180988
2015-09-08,391.9441833496094,397.5708665516061,389.5380281982263,393.1287339644373,5459496
2015-09-09,403.0123596191406,407.0473047427159,396.8304113972662,402.4200844605649,9148664
2015-09-10,399.9583740234375,404.0488546212504,392.7584377032952,401.60569147326487,8363004
2015-09-11,403.77130126953125,409.5645909532956,401.8278684648876,404.0674614862731,9883810
2015-09-14,407.1028747558594,408.67612978446806,400.772845913586,406.82524151551667,6557076
2015-09-15,406.89923095703125,408.3799414702485,402.80879527688774,406.97329359531136,5291886
2015-09-16,407.80621337890625,410.80464327856487,406.56612730044446,410.1568323970713,7478240
2015-09-18,408.8426818847656,413.8215983219005,406.8437587522216,411.56352372527425,11576876
2015-09-21,408.9167175292969,410.4714454603422,404.41905040261156,407.1953825564052,4351234
2015-09-22,409.9532775878906,420.50334208416115,407.6026582201228,412.74813731023136,9626986
2015-09-23,413.2108154296875,416.9496007803573,406.2514573052642,409.9532339272547,4758254
2015-09-24,422.2061462402344,426.7037686383225,410.8972007043271,412.19282250834976,13399262
2015-09-28,409.2498779296875,423.0574757753045,407.5655517162717,421.98395166058333,9788464
2015-09-29,415.28375244140625,419.5593220118562,406.26993646489547,407.93573574880617,8699370
2015-09-30,430.1278381347656,432.7190812979559,416.80144472407295,419.92947251225513,9495692
2015-10-01,434.2369079589844,443.3802777873457,429.4060715786441,433.07083933051933,10864394
2015-10-05,437.4573974609375,440.27073830340913,430.14638954906655,434.2183433227668,6881760
2015-10-06,427.4071044921875,441.4553733841718,425.0009497737194,439.4193963146989,8711880
2015-10-07,419.4852600097656,432.64509244763696,417.72691631853456,427.92532780275366,9182488
2015-10-08,419.0965881347656,425.5561693223701,416.83851376242717,420.66984296951654,9080874
2015-10-09,432.14544677734375,434.1814240838102,420.52185820833955,420.52185820833955,11782138
2015-10-12,415.6723937988281,451.5426086279497,410.5269166446439,443.8428972560217,30404970
2015-10-13,406.9732971191406,411.2673486071116,401.7167476390855,409.953199940173,15326862
2015-10-14,406.30706787109375,412.9517852447537,402.4572104371869,404.03046579147053,8865510
2015-10-15,406.21441650390625,408.8056599347078,403.1604510318901,407.1583875430637,8255666
2015-10-16,409.034912109375,411.4631949383335,407.2043513176603,410.56658908083364,6418992
2015-10-19,415.4045104980469,416.9175359261854,411.1270145938773,411.6873876260361,7347494
2015-10-20,420.6346740722656,422.14769955534507,414.9001989555981,415.79680496026464,8788310
2015-10-21,425.285888671875,428.4426393010877,420.27987921215754,420.27987921215754,7278098
2015-10-23,429.5819396972656,430.7400347463546,420.31708809801336,426.5559346969783,6033362
2015-10-26,430.42254638671875,432.79478316428833,427.06030810577045,431.1136640238142,3195942
2015-10-27,429.39508056640625,431.4871302591313,427.41507809101154,429.6192206043298,5263748
2015-10-28,430.81475830078125,432.6079702009545,425.5099119679509,427.56461303539936,5255472
2015-10-29,427.77008056640625,431.82343608155605,424.40784261965644,430.77738825681445,5887324
2015-10-30,424.1837158203125,427.75144260034233,422.1477119112549,427.75144260034233,4044676
2015-11-02,422.595947265625,424.314460977143,416.2077040788461,422.1476670993947,3544988
2015-11-03,427.9382019042969,429.78741465332024,423.41786860413805,423.41786860413805,3614682
2015-11-04,424.68792724609375,432.4584034971741,423.0068086759657,429.6565392136274,3205572
2015-11-05,419.4952087402344,427.7513612649567,418.18767182807073,426.9854999750964,2345306
2015-11-06,425.24853515625,427.3405858570141,419.495361526685,419.53271061712474,3026172
2015-11-09,423.8662414550781,425.88359391533385,416.6187395958622,418.4119519168192,6125676
2015-11-10,412.3785400390625,421.2137647122183,410.97760734046307,421.2137647122183,4680052
2015-11-13,411.2391662597656,413.18177480778473,407.2044616098421,410.9215850135004,3520868
2015-11-16,403.5433044433594,408.6987548759758,398.68673788633225,404.8321898531519,6808334
2015-11-17,396.55731201171875,404.5519763156526,393.0082828415715,403.46857934305814,7184106
2015-11-18,381.05364990234375,390.44924656715904,377.7848073173972,388.89887210621555,10125252
2015-11-19,391.43927001953125,393.0082963072043,382.47327848084717,384.8828871392559,8539622
2015-11-20,393.15777587890625,397.19243483486804,389.29121061154626,391.51400566576046,6082978
2015-11-23,393.6434631347656,396.8936549533872,387.7782420692523,392.26122752670034,5616350
2015-11-24,388.9549255371094,392.5600011164096,387.4045510482289,392.26111726194824,4325802
2015-11-26,393.15777587890625,395.81019943022255,388.5440464785964,388.88023385580016,9853968
2015-11-27,398.369140625,399.73272399104394,390.393174365085,395.2497401705836,5142478
2015-11-30,406.4199523925781,410.3052151303205,394.5773731400682,399.73282406559105,18105534
2015-12-01,403.09503173828125,409.0723445351418,400.83484209565734,406.4572701865153,5898550
2015-12-02,396.2584533691406,403.44990767148926,395.6233821395945,403.44990767148926,6397616
2015-12-03,395.1564025878906,397.79017420972076,391.90625708302804,396.3705442172082,5504726
2015-12-04,391.9062805175781,397.82754708166453,388.56269369955754,391.88758317316007,8375530
2015-12-07,390.8601989746094,395.623369858171,388.52531128658904,394.24113458817294,4513870
2015-12-08,390.1690368652344,397.02425721519796,388.2637778496404,390.4118742777631,5724372
2015-12-09,384.1170349121094,391.12169815527864,382.00631006915063,389.6460673400282,6818254
2015-12-10,391.2710876464844,392.8588111021204,384.90154208642457,387.2550812586993,5587746
2015-12-11,393.30718994140625,396.7067773846481,390.729464744829,393.7554701480821,5390198
2015-12-14,399.5459289550781,400.9095123073225,391.5326136984088,392.07428932992474,4816672
2015-12-15,402.5533142089844,403.13233896409173,395.5486515024799,400.9468933203169,5431808
2015-12-16,409.389892578125,410.19310313022885,404.7388141582605,404.7388141582605,5495852
2015-12-17,413.5926208496094,414.6013196061342,406.45721380873164,410.9401977845632,4958782
2015-12-18,404.64532470703125,412.210359688912,403.26304403973893,412.210359688912,7219820
2015-12-21,412.22906494140625,413.7047412938749,398.2197390821903,402.34783867668233,4331012
2015-12-22,404.8695373535156,409.98759307921136,403.50595378179656,409.98759307921136,4109254
2015-12-23,411.25775146484375,411.87417090930825,406.10234702767076,409.09100314311246,2870928
2015-12-24,409.5766296386719,412.6026348145016,407.2417420642241,411.706074468532,1230054
2015-12-28,412.71478271484375,414.67608853901476,407.2044473040776,407.2044473040776,5526952
2015-12-29,412.6960754394531,414.67607856037694,409.93160473167296,411.4072355987523,3345062
2015-12-30,405.8222351074219,413.40592403228163,404.58939599189574,411.3512225752591,5153970
2015-12-31,412.9576110839844,414.6573820655431,406.08369217852214,407.26048476777237,7943938
2016-01-01,412.9015197753906,414.2837549818705,408.3998382784438,410.9402142075817,1806550
2016-01-04,403.0577087402344,411.85553922055084,401.9930089500407,410.9215840355949,3975362
2016-01-05,401.24578857421875,405.5232844805855,396.8375024776619,405.5232844805855,4949786
2016-01-06,399.4898681640625,401.4698708347977,395.58595484168575,401.4698708347977,5588328
2016-01-07,392.5600280761719,398.9482718753644,391.4766310334371,396.01566196556325,5294088
2016-01-08,397.229736328125,398.7614133206622,394.31577865196635,396.55727052492875,3156716
2016-01-11,394.3905029296875,399.714046480589,393.04561683748256,394.61468861444826,5360622
2016-01-12,392.2424011230469,397.09896710403325,385.10699407163656,396.7440824467312,6565212
2016-01-13,404.73870849609375,407.5779222988789,391.551246939342,394.8761355361274,8751294
2016-01-14,423.2684020996094,431.4872060238737,393.88616894971045,398.2384083302592,30227006
2016-01-15,425.84613037109375,434.84944743882056,424.968221792881,428.87213544653434,13036614
2016-01-18,422.8575439453125,434.13970394563415,421.5313093875176,425.8462004331624,10066612
2016-01-19,425.7527770996094,432.9628830434779,421.6060256143185,424.01561150889574,7500436
2016-01-20,418.8788757324219,433.3551802449136,417.29115201169697,423.64204689459655,7507998
2016-01-21,424.7813720703125,426.8173754449143,419.1589455135176,424.01551083586673,6743000
2016-01-22,424.4826354980469,430.5533442565448,422.52132959145524,428.9095739951261,6436018
2016-01-25,425.005615234375,428.44255174737935,420.1116996505168,425.9769194138522,4579262
2016-01-27,425.32318115234375,429.4699329546488,424.0156439243831,428.2931403288283,6971962
2016-01-28,421.99822998046875,426.8547961174328,420.72804202399277,424.3891639685517,7788598
2016-01-29,435.1856994628906,437.09095862341496,422.7454000915302,425.1363341140566,10232108
2016-02-01,438.34246826171875,440.7894488133835,433.95287938436513,437.0909775747879,4251126
2016-02-02,439.16436767578125,444.5626096950542,434.8494770462547,439.6499969462565,7632702
2016-02-03,432.4959411621094,439.2951621503554,430.64672816990054,436.26915652525014,5245966
2016-02-04,440.7334289550781,446.4118579442116,433.3738807200893,433.3738807200893,5549346
2016-02-05,438.8467102050781,443.3110419893879,437.78201073964806,439.14559401440823,3984224
2016-02-08,429.918212890625,437.9128317481994,427.303138713926,434.75608187620827,4221044
2016-02-09,413.798095703125,421.5125728307559,408.51190148325924,421.5125728307559,7579572
2016-02-10,414.1343688964844,421.21372997493074,412.80813447653964,413.9288805429918,5866054
2016-02-11,402.9642639160156,415.79679746649646,400.16239870397726,415.0496334099529,5214378
2016-02-12,405.20574951171875,412.58399445038424,398.61201769904136,408.9602214729739,7408096
2016-02-15,407.8581848144531,411.01493475421194,405.93422822249556,409.53930396413483,5093478
2016-02-16,403.1510925292969,408.23179946698093,401.11504292336224,406.08370260407986,5125448
2016-02-17,410.1369934082031,412.06094984681863,402.3478177561411,404.12233227270724,4164598
2016-02-18,419.6820068359375,421.0268928477165,410.9401793544704,410.9401793544704,4189072
2016-02-19,421.1202697753906,423.7166461891638,416.114262326957,418.11291671776803,3974018
2016-02-22,420.8962097167969,423.6233312159256,416.1890851867962,422.52128245172526,3857010
2016-02-23,419.868896484375,423.08169315723086,416.93628636327884,422.2411335019516,2501960
2016-02-24,420.41058349609375,427.2845028705805,417.79550894300604,418.2251374545267,4950714
2016-02-25,414.7882385253906,422.371928061345,411.351255721995,420.4293193140279,4484528
2016-02-26,418.8414611816406,422.8948166909305,416.9175047942389,418.4678791880974,4235636
2016-02-29,404.98162841796875,422.29714683911334,399.09771129211447,421.96091388269497,8166076
2016-03-01,420.4477233886719,422.2596320529885,408.99747484665846,408.99747484665846,6386154
2016-03-02,431.86090087890625,434.6627665853005,420.27985595914316,424.7815384353965,7214898
2016-03-03,436.8294982910156,445.6273279846989,431.1136748288374,436.34382339695156,5814304
2016-03-04,437.3338623046875,442.6947559245524,433.0189711258829,439.1830753223007,4281680
2016-03-08,434.6439208984375,444.74933133857564,428.6479576951026,434.4758272547362,7617746
2016-03-09,440.2664489746094,442.2277547506948,426.9855887638053,427.75145021292127,6305782
2016-03-10,426.8174743652344,434.4385569887786,425.6406818360449,434.4385569887786,24381016
2016-03-11,427.0041198730469,431.8419873293421,425.21090847742033,428.19956373462446,4058548
2016-03-14,426.33184814453125,431.20711249199087,425.32319477767516,428.1250603559207,4174262
2016-03-15,423.79144287109375,431.30043217990305,421.7553935469122,427.37782106003385,6720258
2016-03-16,430.5345458984375,431.48719821372396,422.7267187943292,426.59328326805786,5588850
2016-03-17,434.0088806152344,436.99753656093856,431.1323175088023,432.1970170688053,6474622
2016-03-18,445.8327331542969,447.92478307050305,434.1022501483941,434.4011339663955,8477422
2016-03-21,446.3930969238281,447.92477385221065,440.84541389126605,443.8153722572362,5138392
2016-03-22,444.5440368652344,446.05706273139197,437.8382558803948,445.0297118750173,7097950
2016-03-23,451.21240234375,452.29575376798226,441.6113166348456,444.56262384658316,6333176
2016-03-28,450.1289367675781,462.1209092034571,446.7106525303426,460.4024412163211,10787510
2016-03-29,447.2711486816406,455.35920989580916,445.1417490507584,447.92491732661273,6995356
2016-03-30,450.52130126953125,452.03432696888046,446.6360840327551,447.401899952014,5756818
2016-03-31,455.1349182128906,459.46845981018066,448.41044296090956,452.12756520611475,17996320
2016-04-01,450.3345031738281,456.59200305661346,446.4679377400469,454.2758123860891,5511428
2016-04-04,464.62396240234375,466.2303834069956,453.36050043967543,453.36050043967543,4577054
2016-04-05,455.6953430175781,464.10093803927515,453.52854917067646,463.9888451976772,4790716
2016-04-06,448.55987548828125,458.75868201876875,446.80405838310054,458.75868201876875,4931354
2016-04-07,441.3871765136719,451.4365424250319,438.9588932742822,451.4365424250319,5657890
2016-04-08,435.5032958984375,439.892885198722,434.12106048774496,439.27646566568563,4195578
2016-04-11,442.28375244140625,443.34845205330015,430.0302442255041,435.52192715534943,5768678
2016-04-12,441.6485900878906,446.3931085053251,440.3037041062053,441.0135189753156,5842138
2016-04-13,438.0997314453125,446.41193356906746,435.72749411716774,446.41193356906746,12511386
2016-04-18,462.756103515625,473.6647275961717,460.81349494404,466.97759925419535,25015990
2016-04-20,464.5865173339844,465.6512168016196,457.9367857936506,464.7359592389589,8072848
2016-04-21,458.1236267089844,467.3510839052942,455.06022693453264,467.3510839052942,5441100
2016-04-22,452.50128173828125,458.9455724379596,450.91355794270834,458.1237101262691,5143938
2016-04-25,454.2197570800781,457.5633440155931,448.7094214700433,452.80017255607146,5364134
2016-04-26,460.3092041015625,463.07372082507516,451.51132720521446,454.0703555277415,5846744
2016-04-27,463.2977294921875,464.1195916563276,458.9641873841116,459.2069792031041,4486208
2016-04-28,451.7167663574219,463.0923220795219,450.91355579107346,459.879525417408,12165168
2016-04-29,451.3244323730469,457.0963019840617,450.1663372236657,452.57592302807603,5036410
2016-05-02,448.6905822753906,452.46375053848107,446.86002175074424,452.03412221076894,3615250
2016-05-03,440.00482177734375,452.85600387313303,437.76333016483204,449.3256728247326,6824810
2016-05-04,444.1330261230469,445.68340080391755,437.33385082317557,441.2004160514892,5812842
2016-05-05,445.4778747558594,447.92485530094024,441.2377278234154,446.48657360182165,6302668
2016-05-06,441.3871765136719,444.4879256606644,439.7247546910924,444.4879256606644,2596720
2016-05-09,447.94354248046875,448.87749753705344,441.050926800909,441.5739507532513,5123678
2016-05-10,453.080322265625,454.518604017738,447.0282657766849,449.2324089621024,3395704
2016-05-11,448.9895324707031,453.79005220926473,445.49654977550784,447.73804184985005,3709888
2016-05-12,452.0342712402344,453.1550173672763,447.10300652256063,449.75542990257117,3406932
2016-05-13,451.0068359375,452.03418636104783,445.3657572779455,450.53985847225096,5652064
2016-05-16,453.902099609375,457.13359281366746,450.1662798595036,452.10888788812935,4533878
2016-05-17,453.6220703125,457.9182645135243,451.3432285960918,455.77016741301213,3796294
2016-05-18,451.9781494140625,453.5285237518251,447.51386299405686,447.9247940514319,4256596
2016-05-19,450.4465026855469,454.33176465955376,448.67198816117923,452.3891108709143,3954400
2016-05-20,448.8960876464844,455.5832140541984,448.2983656129873,450.1662754697081,3994548
2016-05-23,443.8154296875,450.2223703057477,442.6946836529356,449.56860178558514,4585946
2016-05-24,443.7220153808594,445.21634336361956,439.9301490039511,444.9548542079449,3485060
2016-05-25,451.5299377441406,453.1923595660202,446.09430086925414,446.09430086925414,3857396
2016-05-26,461.056396484375,463.16714464696827,452.0717279849087,452.0717279849087,6136436
2016-05-27,466.04351806640625,470.5265018073256,460.10355548903436,460.10355548903436,6180764
2016-05-30,473.5525817871094,475.1963518733643,463.80209972545737,463.80209972545737,5285700
2016-05-31,466.47314453125,473.2349691918254,462.8680693338636,472.58120073231436,13782038
2016-06-01,470.04083251953125,473.88874518369437,465.48315057066077,465.5018479111086,4840534
2016-06-02,471.2924499511719,476.2797611613211,468.4718872531138,468.8454693003651,5053552
2016-06-03,473.2911376953125,477.9235645240164,470.7321096143454,470.7321096143454,3998380
2016-06-06,473.23504638671875,477.06426227419763,471.1242987524776,472.54392873743876,4225768
2016-06-07,469.7420654296875,475.3831451035816,468.8828084978165,473.32844388702387,5692420
2016-06-08,462.5318908691406,472.1889769869449,461.50454031185774,472.1889769869449,8741370
2016-06-09,448.0382385253906,463.4389624561453,445.97852825706815,463.4389624561453,12740804
2016-06-10,446.1864318847656,449.7390012898756,442.2181465792667,444.2212042824167,6383956
2016-06-13,446.2997741699219,447.8115017165154,440.6685798320084,444.7502626615163,5286722
2016-06-14,444.0699768066406,446.8666820576375,441.14100461919253,446.8666820576375,2940728
2016-06-15,449.7201232910156,450.7405672770635,445.6007017799984,447.35804850980253,6711572
2016-06-16,448.2272644042969,449.5500261457935,442.2181375517869,449.5500261457935,5302564
2016-06-17,445.7706604003906,450.77825789958956,444.1077508719171,449.3610133243446,8515082
2016-06-20,456.82513427734375,457.97784490026885,445.84619532663305,446.33752519672635,6229566
2016-06-21,455.82366943359375,459.1117047456485,451.87429941038994,457.7511129562374,4761724
2016-06-22,453.3292541503906,458.0344872299695,449.039736879029,455.02994747567345,3031258
2016-06-23,457.9022521972656,459.13053079550633,451.0049954532989,452.4978540455641,3828626
2016-06-24,451.4585266113281,453.140304952485,438.4009622559488,448.98305444833375,7808348
2016-06-27,440.7441101074219,447.16895163163656,438.4009510640592,442.9550483628681,5583778
2016-06-28,438.07958984375,443.1249693942252,436.54894782839136,439.4590499348115,7655974
2016-06-29,444.76904296875,445.9217534470909,438.4764690828035,441.80228747644765,5459150
2016-06-30,442.4826354980469,447.6602834720057,441.4054928009428,446.1485560478706,9346224
2016-07-01,443.08740234375,445.9596757744265,442.21814045421104,445.9596757744265,3991912
2016-07-04,447.45245361328125,451.47743756669655,444.52348139442137,444.52348139442137,5381322
2016-07-05,444.2398681640625,448.7939643188498,442.57700532998473,447.8491349202838,3596416
2016-07-07,437.3616638183594,442.5582271171301,436.51131709674235,441.6889653479945,5954876
2016-07-08,437.7207336425781,441.0465530101579,435.94447206273964,439.53482532203395,5551648
2016-07-11,444.08880615234375,445.4682203960392,438.4009137742429,441.19761848551593,6668882
2016-07-12,444.65576171875,446.0918751494141,441.4244257647979,445.9596082212855,6197368
2016-07-13,451.1750183105469,451.9308819390556,444.14544965801224,445.959540820135,5275420
2016-07-14,444.5423889160156,452.0254588473299,439.9127232291113,451.62861190617525,7413328
2016-07-15,405.350830078125,449.701124095062,397.58431199374485,449.5499421260071,61484126
2016-07-18,408.9034423828125,410.0183692818852,398.7748941121579,407.12718072567276,14332824
2016-07-19,410.79302978515625,411.9457404483724,405.93661445718146,411.4166266007607,10404644
2016-07-20,409.3380126953125,411.9079679499324,404.3871142615794,404.3871142615794,9822896
2016-07-21,408.128662109375,410.8875372587473,406.50353650927156,407.78851417746216,8668002
2016-07-22,405.3130187988281,408.12863893360816,403.13991052879027,404.3871041635602,9386538
2016-07-25,408.48760986328125,409.3946554835417,401.74153591415177,401.74153591415177,8469552
2016-07-26,411.45440673828125,411.90795266098957,404.51936617889953,404.51936617889953,7189610
2016-07-27,410.1883239746094,414.40227332694724,407.61841507639303,409.94265904537497,7431820
2016-07-28,407.2215881347656,410.79302583686024,405.9177416427022,410.20725912149226,11258562
2016-07-29,405.8421325683594,406.938144226842,403.0643425288386,405.36971772713946,8156784
2016-08-01,410.150634765625,411.1332485752978,403.7635758013474,404.95407063014716,9096662
2016-08-02,409.6025695800781,410.05606935976726,406.2767507481565,408.12862609469784,6822502
2016-08-03,410.0183410644531,410.62302289755013,404.5005443692593,410.30178999880485,7213460
2016-08-04,405.0673828125,410.7741446267171,404.4060020627072,410.58517869820486,4237278
2016-08-05,403.6312255859375,405.69093576467105,400.6077707126346,405.1429530225889,5609968
2016-08-08,407.6750183105469,408.54427991299934,401.57145658650194,404.0090982673416,4643064
2016-08-09,409.45135498046875,409.86707076776634,404.9539569641878,407.03258203493255,7192664
2016-08-10,409.0545654296875,411.15210583963966,406.3523432321745,406.65470719308655,5576454
2016-08-11,407.1648254394531,413.8353310990883,406.3711778669358,408.808819582722,5038552
2016-08-12,401.571533203125,407.7129261866816,400.6077884658466,406.2956816520147,7449928
2016-08-16,397.5087890625,399.87086342673746,388.5139914297778,393.8050380056697,16429408
2016-08-17,390.5169982910156,397.82997034728777,389.4587706593923,396.8095266737384,6599316
2016-08-18,386.7754821777344,392.7089940399659,386.0574024030937,391.7263804119497,8434000
2016-08-19,385.9817810058594,392.6711791426978,384.9046844958902,389.2697926053693,5686016
2016-08-22,383.7709045410156,389.2698083858559,381.3710234354464,384.7346261522343,10253518
2016-08-23,392.9169006347656,393.8050313538644,385.52831369452633,385.52831369452633,7406138
2016-08-24,399.6251525878906,401.3825449399826,395.69465207017925,395.69465207017925,6129966
2016-08-25,391.5941467285156,399.7007675156634,390.06350408248056,398.7181538042311,4796562
2016-08-26,385.58502197265625,395.316768422836,384.3756352761006,391.53744941305746,6881054
2016-08-29,386.54864501953125,389.2697586252887,382.08905433996784,384.5833950227549,5220282
2016-08-30,393.2003479003906,394.9388253689418,387.38018756283765,390.1957616919059,4375438
2016-08-31,391.48065185546875,395.2221859601637,388.438328498986,391.9530666127723,11139814
2016-09-01,392.12322998046875,393.21919549552365,390.0256896492898,392.293280868181,2877826
2016-09-02,389.9689636230469,393.04911737548525,387.83363947968417,392.69010057773977,3332592
2016-09-06,394.93878173828125,396.4127251744912,391.38621313502773,392.38774176054596,8215044
2016-09-07,398.4725341796875,400.22992693842417,394.56094780331904,396.0726755726804,7425470
2016-09-08,392.1610412597656,394.93883146956466,387.00226165055903,394.93883146956466,9092774
2016-09-09,391.3484191894531,393.4270443034483,387.96594768492776,391.9153169478155,5053438
2016-09-12,398.3401794433594,399.8519068795771,387.4746384955448,387.4746384955448,6203096
2016-09-14,395.1656494140625,399.776447021385,393.29490465978324,398.3213720633094,5152418
2016-09-15,393.88055419921875,395.6190776103712,391.2917302628844,395.1655317114475,4701722
2016-09-16,400.6645202636719,402.3085148315743,392.3311032641353,396.45057027554856,9949384
2016-09-19,401.06134033203125,403.9714438349161,393.55940084808867,395.31679352608603,5809154
2016-09-20,396.8851623535156,399.53068544249015,395.2222528993079,398.07565697040644,4214004
2016-09-21,399.0016174316406,401.08024295460916,397.2253558929924,398.34023658342335,4231532
2016-09-22,400.1543273925781,400.98575914633795,397.58437193397504,400.2298953213684,3629514
2016-09-23,394.0128479003906,400.1542401391405,393.0491032799918,399.47394439129937,5205294
2016-09-26,391.49957275390625,394.56081120016006,389.64769765073277,394.08839643579205,6371798
2016-09-27,392.95465087890625,396.7906684793297,390.53587775147713,391.17838959312405,6525660
2016-09-28,392.6523132324219,393.918421953826,390.4981199429144,393.0491601651401,5434708
2016-09-29,388.967529296875,394.9199572769291,387.0023016873268,394.9199572769291,8902638
2016-09-30,391.5562744140625,394.52302992760906,389.685484253896,389.685484253896,6502354
2016-10-03,392.3310852050781,393.04916502187467,387.79590253174877,391.3484715193762,3656160
2016-10-04,396.526123046875,397.357600890702,392.4067023271835,393.0491680905489,5066586
2016-10-05,393.6160888671875,396.7718111257312,391.91539525230286,396.52614615450557,2307574
2016-10-06,388.2872009277344,394.9387924152444,387.739172051961,394.9387924152444,3721882
2016-10-07,382.6749267578125,390.7060024066822,381.7489890231975,389.25092773740363,6288558
2016-10-10,389.2509460449219,389.9312419257824,381.7112230143351,384.35674634215724,5413170
2016-10-13,397.71661376953125,399.85193816712524,386.01964027023814,386.01964027023814,9778690
2016-10-14,388.19268798828125,409.186773441347,376.5145852271572,397.9244326001751,33461690
2016-10-17,386.3974914550781,393.7293777899372,384.4889173624362,391.14050798614954,8014858
2016-10-18,392.6900939941406,393.23807670451407,388.2493949059349,389.269792412926,6388134
2016-10-19,393.7294616699219,395.2033591343127,391.5374382530237,393.80502959425746,3509836
2016-10-20,391.7830505371094,397.0929652000739,390.70595402168124,394.8442892093685,3535490
2016-10-21,396.61517333984375,397.64651452416797,390.5797897223456,395.354603777631,3863620
2016-10-24,392.3369445800781,398.29590369057655,391.7257776560098,396.30959953009284,2902974
2016-10-25,388.5552978515625,396.84438023978555,387.79132755429816,395.927606557259,5636014
2016-10-26,387.4093322753906,389.56753432001426,385.53759577022726,388.4788860006886,2775216
2016-10-27,383.32208251953125,388.84177237666313,382.40530887080564,388.8226777828402,7227790
2016-10-28,381.03021240234375,385.80502709410246,379.36858621542166,383.97150291537207,5840706
2016-11-01,377.9551696777344,384.5826019740468,376.7901197615338,384.5826019740468,6332798
2016-11-02,374.74652099609375,377.21032983870435,374.34544125765086,376.1789652866205,5377194
2016-11-03,369.32232666015625,375.1094109098806,368.65385265904393,374.7465203606579,5225108
2016-11-04,370.90753173828125,374.03981421813063,367.08768074200646,369.37959133977137,6005548
2016-11-07,373.5623474121094,376.6373229211271,372.43548666135797,376.25533780660265,4537672
2016-11-08,375.3385925292969,377.30582534335537,370.75477080910423,376.98114729731753,5261108
2016-11-09,366.0563659667969,372.282719272445,344.16862145190555,355.24619084380925,12764158
2016-11-10,358.8369140625,367.6607630498865,357.1561698198898,367.6607630498865,7287330
2016-11-11,352.0184020996094,360.975958320846,350.9297537733397,359.0660326154447,7096782
2016-11-15,352.7823791503906,359.0469449101104,347.052601924253,352.9542771300794,9235850
2016-11-16,359.4097900390625,365.5024337345357,354.69226006373253,355.24614312182655,12222616
2016-11-17,355.1697692871094,362.50388844758345,353.8710338335447,356.8696077788776,5706730
2016-11-18,351.42633056640625,356.4876336968464,350.47136771160626,355.24618198560637,6040228
2016-11-21,348.0267028808594,354.06208763155325,346.4414783055781,354.06208763155325,7940568
2016-11-22,349.2108154296875,354.7305052988707,348.23675799736634,350.242179958125,5483126
2016-11-23,351.5218200683594,352.53409000072213,348.54234068178465,352.22848324146537,8251786
2016-11-24,355.3607177734375,359.0277885560745,352.6868221945335,354.55855842557395,16780644
2016-11-25,373.3905029296875,376.255391698969,355.4181053799665,355.4181053799665,12631380
2016-11-28,374.25006103515625,375.6634111696929,370.754886556528,374.07816300407893,7365712
2016-11-29,371.51873779296875,376.1407719751198,369.4178195232245,373.887050323585,6125506
2016-11-30,372.6455993652344,373.19948248218105,367.10681482481306,371.6715419193062,8500918
2016-12-01,372.6647033691406,375.70148997743775,369.37964040182106,372.8175067550955,4611590
2016-12-02,368.4246826171875,370.3727975851548,367.12592376219357,368.5392735009755,4453228
2016-12-05,367.33599853515625,369.99077645714175,365.9417435268082,368.95943528879815,3659576
2016-12-06,369.18865966796875,374.15446678197145,367.33604095509276,367.39332474077065,3562110
2016-12-07,369.1504211425781,371.67151355310114,366.78210878796864,369.7615879952743,3385980
2016-12-08,376.12176513671875,376.67562506725824,370.54476680347415,370.54476680347415,5941662
2016-12-09,377.9170227050781,385.09836263044406,374.9184484139249,376.25539652339893,8648384
2016-12-12,373.33319091796875,375.41501472583553,368.69208516149274,375.41501472583553,5345020
2016-12-13,378.2417907714844,379.2540376726759,370.9458586705939,374.53652926627075,4854282
2016-12-14,381.88970947265625,383.8760372055869,375.9116316764809,378.5473389221329,5382614
2016-12-15,379.06292724609375,389.22374550025,377.783286410653,380.99197076765427,7966416
2016-12-16,383.9524230957031,385.69045104748534,381.1257233635881,383.4367291004321,6436742
2016-12-19,383.76141357421875,385.13655087190386,379.73145134541215,384.3152734237289,4124134
2016-12-20,386.6263427734375,389.24293215741886,382.4817892224955,382.74918353457673,7636498
2016-12-21,382.57720947265625,390.38881019074745,381.31666318289007,388.0968993677098,7343976
2016-12-22,376.1407775878906,384.65904167305877,370.33459871105305,382.94010851761806,7060054
2016-12-23,377.5732421875,384.506258965209,371.90074848080246,376.21719951041564,7306036
2016-12-26,375.39593505859375,379.69326832688085,372.47373911034845,377.40135725046105,3213828
2016-12-27,381.5841369628906,382.71099801529,374.3455124420496,375.395971788188,4912816
2016-12-28,381.4122009277344,385.72862878409165,380.07525280229913,383.1120396358356,5476816
2016-12-29,379.06292724609375,385.04100374311247,377.4586083821148,383.4175669713781,6240124
2016-12-30,386.03424072265625,386.56902933806504,379.215814106091,381.2212364420839,7267768
2017-01-02,382.4053955078125,386.9319343664506,381.73692137090427,386.22524771871673,2335222
2017-01-03,379.6359558105469,383.8569106343826,375.109440824976,383.5513038435978,6778482
2017-01-04,381.1257019042969,383.5895109042428,379.02478347736263,380.0943372863515,7073586
2017-01-05,380.5145568847656,385.61404985269826,377.68785714894045,382.5963575216019,8207074
2017-01-06,371.385009765625,381.5458039983314,369.78066769874505,380.0369815200176,14393448
2017-01-09,370.6593017578125,373.1804178778736,368.61569041654616,371.3850829093129,10545692
2017-01-10,370.73577880859375,374.727529324137,369.74262648685936,373.1995883279121,11939854
2017-01-11,370.18182373046875,373.75339910508416,368.21461406812614,372.129962111493,12241574
2017-01-12,382.0042419433594,383.66589132304097,373.4095761280092,373.4095761280092,11855740
2017-01-13,372.7410583496094,397.2645065925538,367.7370628327613,393.4446555676254,31276246
2017-01-16,365.04412841796875,368.7875783326846,363.8217712399225,368.615680347338,12351372
2017-01-17,364.9486389160156,368.233702035753,363.80268341175497,365.27331698307967,5560094
2017-01-18,363.19146728515625,367.0877203850299,362.8094821442769,365.9799541506707,5952962
2017-01-19,365.9799499511719,366.5529276559161,362.16009858621015,363.267864807858,8876480
2017-01-20,362.3893127441406,364.08915130707845,361.3579481868338,362.88588877113335,9124742
2017-01-23,363.91729736328125,365.9418142195447,359.0660807582172,360.97600671969707,7948580
2017-01-24,361.18603515625,362.88587364834933,359.10421153399454,362.88587364834933,6826010
2017-01-25,357.76727294921875,361.6635260417681,357.07970435983304,361.39613178075064,9978090
2017-01-27,359.8872985839844,361.9500042917039,344.225908296254,356.7168033619238,10635138
2017-01-30,362.6375732421875,363.4588505961431,354.8068780900898,358.1110587849545,11369208
2017-01-31,354.7114562988281,359.6390748283411,345.4483149662872,359.6390748283411,24068534
2017-02-01,350.1849670410156,352.6487764897567,345.75394760470465,351.8465935010001,11531782
2017-02-02,357.49993896484375,360.97599477389343,347.6447026781269,350.2804097435559,11828268
2017-02-03,357.5763244628906,359.40987201333144,351.8274520576193,356.69776319511095,8423958
2017-02-06,357.25164794921875,360.4985220551459,355.45631289833034,358.0156183270839,6727934
2017-02-07,359.9255065917969,362.8094898034139,354.6923053883694,356.3921439640716,9268002
2017-02-08,357.7290954589844,360.6321732933333,356.1820602536468,357.53810288265817,6319962
2017-02-09,361.35797119140625,362.8859118729767,357.74820666829123,357.9201046578728,11907266
2017-02-10,369.876220703125,371.28957043868724,360.3265918338172,361.45345270330023,12252452
2017-02-13,376.0070495605469,376.6755235312393,367.7943693491824,371.61422061028213,13724268
2017-02-14,377.2867431640625,377.7833192038524,371.42325703199225,374.34545280058177,9338818
2017-02-15,375.03302001953125,381.5267676459332,370.0672130111063,377.859719488598,7259486
2017-02-16,386.6071472167969,387.2947391139209,378.18437962225204,378.5472701647292,12815858
2017-02-17,382.0233154296875,387.23742172871147,379.1966394842034,387.23742172871147,4851208
2017-02-20,385.9005126953125,393.8267048640111,379.5022611856402,380.64821667990986,4650662
2017-02-21,387.18011474609375,391.3437619491556,382.0042209469083,390.4269883200985,7613996
2017-02-22,378.22259521484375,387.7149166059387,376.7901509416691,387.7149166059387,6607838
2017-02-23,385.36572265625,389.62486655270936,379.44495262530194,381.56498893316393,9542656
2017-02-27,386.7218017578125,390.77083530021594,384.6399778843639,384.7736633702402,5328696
2017-02-28,386.7218017578125,390.6562444102469,385.51853912682594,386.51169125925696,5940132
2017-03-01,391.59210205078125,392.29876528171076,385.8432066537969,386.5689877946361,4282448
2017-03-02,390.8854064941406,392.6807413949405,388.2879120894524,391.30560415555374,2948498
2017-03-03,393.903076171875,395.08726746459405,382.1379612860727,385.90050576554967,5401612
2017-03-06,394.93450927734375,395.7175509632263,389.51031475148096,389.64400024623626,5286386
2017-03-07,389.5484619140625,391.84039619099264,387.6003469218269,390.38883392984957,4644496
2017-03-08,384.96466064453125,388.440739779404,383.6850196143382,388.440739779404,6179176
2017-03-09,386.3970642089844,386.9509473256126,381.6031553586249,384.96461993211267,3480630
2017-03-10,390.33154296875,392.5470756422992,387.1037868815246,387.7149538376262,4550324
2017-03-14,395.2782897949219,397.9903752943121,390.6944442406209,390.6944442406209,7878396
2017-03-15,386.54986572265625,395.31642931764367,384.85002719274655,395.31642931764367,6373978
2017-03-16,393.0054016113281,394.09404993354434,387.0655373525507,387.0655373525507,6702956
2017-03-17,397.379150390625,398.37230240531545,389.3383447322726,395.50741392310596,9507846
2017-03-20,390.19781494140625,392.1268585224946,387.7531007544862,392.1268585224946,4427388
2017-03-21,394.5333251953125,395.33548462827264,389.16643887693033,389.96862162441215,4869584
2017-03-22,392.56610107421875,397.2454189360865,389.77763759110377,390.56070244794046,3990852
2017-03-23,397.43646240234375,398.41054326424563,392.1459769781924,392.7762618518318,4501662
2017-03-24,393.9794616699219,398.7924648509349,392.5660887500167,396.5005541334008,4883896
2017-03-27,393.0054016113281,397.9712084268822,391.3437755796249,392.37511680508334,7684824
2017-03-28,395.4119873046875,396.8826209921781,393.4638721193718,394.01773200522786,4796796
2017-03-29,394.1513366699219,397.8375024030172,391.8594259503654,395.08722819116656,6981186
2017-03-30,391.7257995605469,395.6984547327047,389.7203773784963,394.97267356958116,12157180
2017-03-31,390.4843444824219,393.17735861323087,385.0410557478907,390.86632965677495,14153854
2017-04-03,385.34661865234375,394.380553554793,384.31525407374596,394.2659859860331,4315600
2017-04-05,380.43817138671875,384.04793625399185,378.547339950097,383.8951328454566,7398338
2017-04-06,381.83233642578125,384.20064895549234,378.9292586890532,381.2784766246785,5379008
2017-04-07,374.9375305175781,382.3289573795464,373.9634730188913,382.3289573795464,6404508
2017-04-10,364.18463134765625,377.9742851800063,362.92406177022355,376.2171629122547,9528472
2017-04-11,369.4368896484375,371.1749171475229,365.1968411546529,365.1968411546529,8655466
2017-04-12,370.0863342285156,373.1613335950167,366.83946018174703,370.52562651359443,6696752
2017-04-13,355.7810363769531,378.1653605117359,353.96660661692204,370.5256562589736,30973188
2017-04-17,353.29803466796875,356.0483087858014,352.76324619254535,355.246149387187,7213434
2017-04-18,352.4385986328125,356.77412064460106,351.08253273463293,353.24075810074396,4647518
2017-04-19,351.1207275390625,355.24616217888064,348.61872966188974,352.5722663345235,10071702
2017-04-20,354.2148132324219,355.1315868879503,350.87244328031994,351.9993040985045,4549000
2017-04-21,352.8396911621094,357.07971704268857,351.8465157737006,357.07971704268857,3577466
2017-04-24,353.9283447265625,354.67322045018653,348.7524504803665,350.47138369741106,5556666
2017-04-25,354.99786376953125,356.392118790501,351.6363993591704,353.6800337503798,4737060
2017-04-26,349.22991943359375,357.3661983735719,347.6828842565136,355.2270908835997,9084496
2017-04-27,353.4317626953125,354.86420701858447,349.8984000312415,349.8984000312415,7797208
2017-04-28,351.0252685546875,354.253047829797,349.7456042759274,354.0429373395136,5029702
2017-05-02,352.41949462890625,353.87105686932625,349.55460596679876,352.95428317164243,3231126
2017-05-03,356.8887634277344,358.72228770289513,350.52872391253356,353.9092835662823,4659448
2017-05-04,358.1684265136719,358.9323969017439,354.82605606585685,357.9201268117381,5279806
2017-05-05,355.8191833496094,358.05378725256526,351.4263539255401,357.538116602506,4432788
2017-05-08,361.1669616699219,362.3320117220814,356.0101621114407,358.3020730263212,4707098
2017-05-09,361.606201171875,363.630717521789,359.86815033000954,363.1150236524535,5649372
2017-05-10,360.46026611328125,362.8858622880295,357.97736284499473,361.79721402697396,3364302
2017-05-11,360.63214111328125,362.8285555450414,358.1301432495718,361.68260018934046,3229482
2017-05-12,368.32916259765625,368.99763657696235,363.4397575833504,364.0318298735457,10979996
2017-05-15,363.4779357910156,368.0426626318657,362.5420675853526,368.0426626318657,7297164
2017-05-16,364.7957763671875,366.7630089896356,361.7208009256352,364.0699953397063,6130168
2017-05-17,363.95550537109375,366.11373114494415,360.53673306040884,363.49711845373747,2915508
2017-05-18,367.37420654296875,372.01533529638067,360.15467810755524,360.21198520407546,8057848
2017-05-19,365.92266845703125,367.73709786673123,362.06460456558716,367.27871103716564,4257396
2017-05-22,367.2596435546875,369.3414673781938,365.3879069101719,366.09459345798973,5503052
2017-05-23,365.6744079589844,369.37966886594285,364.45205072072156,368.4820130192245,4039982
2017-05-24,364.7193908691406,368.806636349172,362.7330635661372,366.7057181721441,5636286
2017-05-25,375.60601806640625,376.86656448151075,367.0877533233683,367.0877533233683,10438514
2017-05-26,380.3426513671875,381.98518299114437,374.574661115306,377.01937561225947,4988004
2017-05-29,376.3126525878906,380.7245760878823,372.70288851898044,378.50906704128045,6308434
2017-05-30,380.53363037109375,381.9851693517254,373.82979531187584,375.1094363033943,3716910
2017-05-31,373.2186279296875,379.52138361033616,372.3782558426958,379.52138361033616,7763900
2017-06-01,376.7479553222656,379.96702403917953,371.76419487225587,375.9334767519401,5508606
2017-06-02,375.99163818359375,378.31867908379,373.95547739592195,377.5236115105998,3917966
2017-06-05,371.8418273925781,376.98071053516134,371.18249425500085,376.2050300608091,5462698
2017-06-06,379.831298828125,382.9922059970073,374.03310664699694,374.2658013034046,7008686
2017-06-07,372.8307800292969,383.53518376689027,366.5089894951339,382.022597516092,12455046
2017-06-08,370.9497375488281,373.47069866890126,367.73066885295805,373.47069866890126,6195352
2017-06-09,367.9051818847656,368.8166205024878,357.9764828371272,364.0073928461058,14757662
2017-06-12,373.81976318359375,374.34336165095857,364.6085585350558,365.86903917117155,8591676
2017-06-13,371.47332763671875,373.47071407531166,369.06871373476906,369.8056195613281,4937794
2017-06-14,371.78350830078125,373.06339956108957,368.9135057800474,372.3264939064806,7438110
2017-06-15,369.2626037597656,375.40988444716487,368.29300336792517,372.1908158806315,5528062
2017-06-16,364.6667175292969,369.9413343390841,363.0183968172527,368.09909354327004,10948450
2017-06-19,360.63323974609375,364.6667877337876,359.91574476676936,364.5504403955039,6855860
2017-06-20,365.9465637207031,367.24584240830643,362.2620823468244,362.63053521858905,5184396
2017-06-21,365.8689880371094,368.06029430546863,363.0377597383671,366.508933739376,3735864
2017-06-22,364.6280212402344,375.7008556656454,362.66940903627955,367.55621039925063,9465242
2017-06-23,365.8302307128906,368.11849712434906,363.7940698740434,366.50895099250636,6403018
2017-06-27,359.5472412109375,367.67249787622933,358.2673733261254,366.50897731332986,6904660
2017-06-28,358.6358642578125,361.85493342204455,357.2008506770665,361.77736064191714,5905224
2017-06-29,360.7689514160156,367.65311482560395,359.37271252136145,360.7689514160156,15914040
2017-06-30,362.8438415527344,363.7940546387796,360.3034933469363,361.0016008709282,4216700
2017-07-03,369.18505859375,370.38735362366975,362.4754048733212,364.9963659189273,5088924
2017-07-04,373.1603698730469,376.20490525610916,368.2154084895259,369.9412780348965,5167726
2017-07-05,368.79718017578125,371.938675684131,366.6640595123165,371.938675684131,4226228
2017-07-06,367.2846374511719,371.16303911380305,366.19868972001217,366.50895711864564,3829720
2017-07-07,362.78564453125,366.6834328612078,361.87420607924696,366.0628744886327,5776886
2017-07-10,371.1824035644531,372.24896395609596,364.5697338706442,365.8108270607508,1464376
2017-07-11,378.2799377441406,383.76788616102965,371.02734478553026,371.02734478553026,11539708
2017-07-12,377.11639404296875,380.665141200963,375.72017884710436,378.12479272610307,6275976
2017-07-13,378.93927001953125,381.42145681639136,373.91673459781623,379.01684279541206,5170392
2017-07-14,377.0000305175781,390.49686362772354,374.67298950990187,387.62686058805394,22478180
2017-07-17,381.6541748046875,384.7375093773211,377.75638521523257,378.1442254464597,7698250
2017-07-18,382.2552185058594,389.7017536553258,380.5099379398227,382.4297512968396,8260180
2017-07-19,380.0251770019531,383.4381893986052,375.8558952194761,380.6457354703831,5890278
2017-07-20,375.99163818359375,380.0251615408035,375.0220378085119,379.81185419266234,6809740
2017-07-21,380.1221923828125,381.0724056617635,376.7480013865322,377.36853627341657,5980754
2017-07-24,384.1750793457031,385.51313267942027,381.0917452302381,381.4408108553419,6129176
2017-07-25,385.4549560546875,387.45234246407256,382.48799286057175,383.9617808202521,7145614
2017-07-26,385.53253173828125,387.45234539126386,384.11692926405755,387.1032797554902,6870024
2017-07-27,376.6121826171875,389.3915206230068,374.9638619372594,386.28879934314216,12676852
2017-07-28,386.8124084472656,389.00371501455703,373.21861436682724,378.5320297649129,11098428
2017-07-31,392.18389892578125,396.25621982076717,382.70120410736655,384.6985900150879,19158248
2017-08-01,389.9926452636719,394.4334195694052,387.2001915411932,392.10637874598683,7689398
2017-08-02,385.2610168457031,392.78512548443797,382.8758140439175,390.1672043814807,4257584
2017-08-03,381.6347961425781,387.35543968231696,380.1803952426445,384.34967782245417,4640348
2017-08-04,381.53778076171875,383.57394172639374,378.55140661248487,383.1861015426461,5349018
2017-08-07,375.52630615234375,381.53782977264984,374.5373182911229,381.4408697142578,6073744
2017-08-08,373.81976318359375,376.3019499050072,370.4067741955655,375.6232295624833,6004648
2017-08-09,375.9529113769531,377.71760333230895,374.0912830375604,375.29360193417034,3922410
2017-08-10,380.5681457519531,382.99214668030953,375.95283851560896,376.16616953481156,9140684
2017-08-11,383.06976318359375,386.6766722424509,376.04984149040314,378.5320281932117,6544156
2017-08-14,380.6457214355469,383.65148260976264,378.9780135184234,383.18606969357177,3816470
2017-08-16,378.2217712402344,382.4492152558405,375.8171572438221,380.8590798900241,6178080
2017-08-17,395.9266662597656,399.1845334707155,387.08391426532864,389.779408441165,25784260
2017-08-18,358.0734558105469,394.782539303096,342.92830110879976,394.782539303096,164404960
2017-08-21,338.73968505859375,358.364392311667,337.42101873501116,358.364392311667,90407176
2017-08-22,339.51531982421875,347.9120459331676,333.5425712882099,347.1945510334536,49242598
2017-08-23,346.2637634277344,350.49123153556627,338.9335970548558,341.29941306301396,61284190
2017-08-24,353.7684326171875,356.13424826623765,349.9675798838614,352.93456675445276,42380524
2017-08-28,364.9576110839844,369.9801461728117,363.79409053855187,366.1017443547035,40712108
2017-08-29,359.7023620605469,365.3454316688253,358.96545628587916,365.1321243146483,13369392
2017-08-30,359.39208984375,364.18190629916523,358.40307850894436,363.48379875309644,16149664
2017-08-31,354.8544006347656,360.28416350990136,354.0593329481411,360.2259780103413,15022452
2017-09-01,356.7936096191406,359.10126362691824,352.93459475529573,355.24224876307335,8433922
2017-09-04,349.1337585449219,357.2396046557644,346.5352244275954,357.2008301038784,10177108
2017-09-05,349.79302978515625,350.99532474370176,347.9895636754546,349.83180433018674,9783392
2017-09-06,347.349609375,349.17246271206267,345.1777141256591,349.0561154079699,7735910
2017-09-07,347.4077453613281,349.2499857079274,346.0890796444842,349.05606567144326,6241192
2017-09-08,342.967041015625,348.6682959733707,342.1137879484991,348.6682959733707,8604542
2017-09-11,340.7951965332031,345.8758938045921,338.83660821126557,345.3329317148849,13787642
2017-09-12,342.8700866699219,344.30509998774534,340.8339258420586,342.2883264333895,17241354
2017-09-13,342.7538146972656,344.24699016382453,341.68725402918363,343.43253512240875,11478228
2017-09-14,346.1085510253906,347.7374606788047,341.91985856837266,343.04460444514297,13698006
2017-09-15,352.255859375,354.19506036247594,346.03102893957976,346.06980349057443,13459460
2017-09-18,352.5854797363281,355.9403065866946,351.4995320234779,352.93454534883364,8475860
2017-09-19,353.8072204589844,355.2616212007999,350.41361872808153,352.15889961826014,6033330
2017-09-20,353.981689453125,355.64939726864503,351.9455287817396,355.64939726864503,5767830
2017-09-21,352.7599792480469,354.97067268419875,352.2170172788105,354.87371265341915,8204152
2017-09-22,348.39678955078125,353.0314839119058,344.40204088302374,352.2170290947871,17604088
2017-09-25,347.252685546875,349.81244486320566,344.8286844927088,349.44399196859536,9088700
2017-09-26,351.344482421875,352.3140830205976,346.8455214406684,347.8926948216667,7366478
2017-09-27,348.9786071777344,352.1201270004356,347.1557535036071,351.42199570302165,6000138
2017-09-28,347.5047607421875,350.56870727552035,346.8454277787241,347.5435352869099,17537266
2017-09-29,349.017333984375,349.9869342858408,347.11690792474917,348.2804282865081,5705832
2017-10-03,350.4329833984375,353.7102375929687,349.6766903271017,352.97333179589583,4947522
2017-10-04,348.9009704589844,351.15046214391276,347.95078108076933,350.2196363658815,4991492
2017-10-05,350.23907470703125,350.97598052807933,348.66832669046704,349.0561668758847,8611300
2017-10-06,356.8711242675781,357.58861907788526,350.5881090895334,350.6074963626988,8574308
2017-10-09,358.3255615234375,360.3035370265184,354.4859341681785,356.8129753115145,3504832
2017-10-10,362.80511474609375,364.55039562166456,360.5168481293684,364.55039562166456,7143220
2017-10-11,360.9628601074219,363.79408868584494,359.9156868874884,362.80510096164124,5982504
2017-10-12,359.6441650390625,362.37843335213825,356.6384038876076,360.69133817459135,10280972
2017-10-13,360.73016357421875,362.04882973402425,359.7411757903083,361.77733685737167,7180728
2017-10-16,364.1819152832031,365.34543577931555,361.85487429097816,362.9990075131991,5758750
2017-10-17,360.8852844238281,363.32867280269124,360.49744424712327,363.32867280269124,5625102
2017-10-18,358.50006103515625,360.6913675216497,357.9570989861047,360.2647527922602,7231852
2017-10-19,359.5084533691406,361.46704150989757,358.8297330658763,360.6913611633098,1091434
2017-10-23,364.3758544921875,365.34545495650946,359.9544669061249,360.6913727277641,9154096
2017-10-24,359.3339538574219,367.14894354228824,357.433527363409,366.89683793752954,14529328
2017-10-25,362.7469177246094,366.3926249065195,354.97072680486207,356.4251274883018,13984134
2017-10-26,367.4203796386719,369.14627314861036,364.60853837511684,365.3454441750097,33659258
2017-10-27,367.0325927734375,371.4345935940475,366.12117770024867,370.3874202370101,8524956
2017-10-30,366.1598815917969,370.2516141726567,364.9769738510814,370.2516141726567,12968326
2017-10-31,362.5223388671875,365.7273787225421,361.7948262631599,363.761102492851,9954988
2017-11-01,364.5672302246094,365.49139435077285,363.0925232170649,363.7610618609636,5633134
2017-11-02,362.93524169921875,364.1543232451947,361.794791993066,362.99421557908613,4686138
2017-11-03,364.40997314453125,365.6880526583893,360.59539256422966,360.61505052550234,3699086
2017-11-06,365.2161865234375,367.6936900085772,362.83699685915565,363.03362450087144,5066534
2017-11-07,375.75531005859375,377.52495830062793,364.0952848184567,364.2525964853715,13442820
2017-11-08,374.4969177246094,378.25250003965607,372.6092975874417,377.62330132806426,5369994
2017-11-09,375.362060546875,378.7047294988377,372.9042157292553,374.77217779064625,4723232
2017-11-10,378.3312072753906,379.23568954707457,373.59248632823267,377.05312771689927,6589428
2017-11-13,374.3592529296875,381.22156024590134,373.33677511616673,378.33112042952985,5021216
2017-11-14,373.238525390625,375.49974294009456,370.9379919195136,374.3593171861464,5733710
2017-11-15,374.30029296875,374.9688316063872,371.4295348214292,371.6851603012998,7023516
2017-11-16,388.6934509277344,391.64286494023014,373.00255878029975,374.30029614531935,15687502
2017-11-17,381.8311767578125,387.5530356495723,379.55030118612757,387.5530356495723,8057670
2017-11-20,377.7412414550781,381.8507627027693,376.44350421959416,381.06425237794383,5661190
2017-11-21,379.9828186035156,382.0474083035606,377.54463168107947,378.03620065728063,5364656
2017-11-22,380.00250244140625,381.8704646781846,378.82273681817776,380.12047420325047,6084920
2017-11-23,389.81427001953125,391.0726916311706,381.06434062943333,382.0474787631522,11894618
2017-11-24,397.0107421875,400.84497999952794,389.40126443843144,389.6765478510551,18619912
2017-11-27,392.7635803222656,395.8899635593513,390.6203349583271,395.8899635593513,6017730
2017-11-28,387.23834228515625,393.21582523102563,385.90126520431045,391.05292195473265,4616868
2017-11-29,386.4518737792969,390.0894842281155,385.50805173756567,388.39849173887274,3838070
2017-11-30,383.8564147949219,389.1063864401704,380.80868680694107,389.1063864401704,17266944
2017-12-01,377.05316162109375,386.64860015476705,376.3649648738704,385.1542348755616,4085000
2017-12-04,387.4940185546875,391.9967955908004,380.8873357081222,385.39011274423507,17811606
2017-12-05,387.1007080078125,394.4349263591151,384.9968024980794,387.493963168689,9976738
2017-12-06,389.4406433105469,390.93500836043853,386.96314020120093,387.3563954249826,7490094
2017-12-07,393.1765441894531,394.3956497109815,387.5923155485495,388.92939282960833,7549544
2017-12-08,393.9827575683594,396.0080316808931,391.2889687412995,393.6485002110963,5983244
2017-12-11,395.33941650390625,395.9686391755953,390.87597993774347,391.2692351066526,5139098
2017-12-12,397.3843994140625,398.76079268269115,394.041730047393,394.041730047393,9320434
2017-12-13,394.7298583984375,400.7269994600327,392.3310115747553,397.54164233319045,5362398
2017-12-14,398.4068298339844,399.1540243080303,392.9799129246591,395.319786143495,6023572
2017-12-15,402.2607421875,403.6371353481735,397.9152531497459,398.3675062177811,10384134
2017-12-18,399.7832336425781,405.3281224576487,395.5360822095035,397.9349533724832,4035448
2017-12-19,394.8085021972656,400.314074151601,393.07816998209034,400.11744658180334,7118898
2017-12-20,399.48828125,400.56973303898474,393.6484511904394,395.2607878930597,4186326
2017-12-21,401.92645263671875,404.63989898213254,392.62598201453466,399.07535257662414,11059162
2017-12-22,408.729736328125,410.87300572878326,399.54723804680447,399.54723804680447,12906940
2017-12-26,407.25518798828125,409.5754039099985,402.30018070084344,405.0529678610643,10808906
2017-12-27,406.72418212890625,408.6314602082252,404.0303936659685,404.2663371800973,6970172
2017-12-28,406.3309326171875,408.985405199008,402.6146662021604,405.0528532259406,8433472
2017-12-29,409.7915954589844,412.44606802722507,405.05285115376677,405.09216707233935,6601768
2018-01-01,406.448974609375,410.75510030776525,405.0528992982271,408.08094545999677,5431340
2018-01-02,404.9349060058594,409.77196471448207,402.30011506997613,407.9040023033556,6112248
2018-01-03,401.6314697265625,405.681992868539,400.5696760479657,404.4629115353578,6846552
2018-01-04,399.3114318847656,401.5136519123166,397.0305319961758,401.5136519123166,8947614
2018-01-05,397.9742736816406,403.6371583231272,395.61474241475344,399.2720110779499,11025976
2018-01-08,407.4320373535156,408.5921209010333,401.1399306423506,403.0472326148822,5594690
2018-01-09,409.5162658691406,410.91234093883935,404.6202581544522,408.9853809851644,9948236
2018-01-10,413.80279541015625,415.2775024501069,406.2523145675234,411.6595737140092,9468634
2018-01-11,423.0639343261719,426.0526640400922,414.98252131890166,414.98252131890166,16775298
2018-01-12,424.10614013671875,427.0359207937132,420.99946180934325,426.99660486642904,18016528
2018-01-15,425.1678771972656,429.8082598429778,418.85611191486214,424.71562410767524,10649250
2018-01-16,441.566650390625,446.26607945791585,425.20724149788435,425.20724149788435,22646966
2018-01-17,453.06939697265625,456.88400197878286,441.6256779638658,442.35319062847515,26154088
2018-01-18,453.3052978515625,458.1030406026039,445.2042494744676,450.27725169275004,13204970
2018-01-19,449.6675720214844,451.4175862027622,446.7378404213366,450.2771366922803,5988278
2018-01-22,452.2435302734375,454.9766350153477,445.1649358865489,445.2239337740644,9650214
2018-01-23,462.90069580078125,467.1871871695398,454.2097653037192,454.2097653037192,15403796
2018-01-24,466.32208251953125,480.18432972137464,459.1254924298497,461.99627488207653,20604718
2018-01-25,462.23211669921875,465.3781579250024,457.060801833381,464.8275911095344,13548914
2018-01-29,465.1814880371094,470.4314342541632,458.2208436553113,458.751776467694,10823002
2018-01-30,460.3642272949219,465.2602355224607,457.2378195310733,463.6085828204634,8628312
2018-01-31,452.3418273925781,458.77154078911536,449.15646963697867,455.8418085334567,9213698
2018-02-01,450.119873046875,455.3501861848499,439.87560432836096,449.17605100632835,13005454
2018-02-02,449.5889587402344,457.316432184834,444.4176438189774,446.4429174807357,10244486
2018-02-05,447.60302734375,454.1507357015026,446.6788872703239,448.31090587072214,9860220
2018-02-06,435.6285095214844,443.7295581883144,430.67350290039747,432.56109932496815,10552078
2018-02-07,436.1396484375,442.3334171228257,433.97674508706876,438.87275256022394,8342056
2018-02-08,446.0496826171875,450.82774259839414,439.08908521577285,441.54693006158055,8807244
2018-02-09,436.1790771484375,440.56388285736546,434.9403134900707,439.65937656591234,4382690
2018-02-12,433.6819152832031,440.68183003332655,431.71563900427094,438.4009783526404,6291972
2018-02-14,431.6958923339844,439.3840506341715,428.7267963959087,434.940247707936,8345712
2018-02-15,438.2632141113281,444.2603555784437,433.7604615231773,433.7604615231773,7986736
2018-02-16,443.6115417480469,448.9598027969968,439.69862375645755,442.4120942018525,9889222
2018-02-19,445.066650390625,446.737985282748,440.56389676552885,443.7492548413221,6461840
2018-02-20,447.1114196777344,452.04679096895455,434.0553680139048,434.0553680139048,7188594
2018-02-21,451.2210388183594,452.99068726831433,448.31094065525394,451.2603547385122,13771358
2018-02-22,456.47088623046875,457.74896538640155,448.4877879930395,450.49342753386253,17859974
2018-02-23,454.46539306640625,458.5355748892082,450.96541209622603,457.5524368641456,9459828
2018-02-26,447.7603759765625,454.2294530340896,446.08904132110456,452.6367502193267,5083608
2018-02-27,452.3221435546875,453.6789028926939,442.66775652059783,450.2575536099195,6616026
2018-02-28,461.13104248046875,467.77706502716705,449.3137524064453,451.2996623832185,17268416
2018-03-01,456.47088623046875,459.95118448489984,454.62260634533783,459.95118448489984,6579852
2018-03-05,454.56365966796875,460.4231712898598,449.58897217675576,456.4709376375852,8101456
2018-03-06,452.7744445800781,458.2997003141044,449.72671624386146,457.1789323978738,6689734
2018-03-07,449.92340087890625,456.1761700521325,447.54423500177273,454.20989345708017,6370416
2018-03-08,454.8587341308594,458.45702958272284,451.8503216053736,451.8503216053736,6093014
2018-03-09,457.5130920410156,458.5355459215307,454.4260484382982,457.10015489466184,4220964
2018-03-12,466.30224609375,468.7010926607664,460.79667456070126,462.4680087760911,7676970
2018-03-13,465.5354919433594,470.7264410132723,462.13382510366887,464.1197349199452,8581052
2018-03-14,464.35565185546875,468.20952312035917,459.7545382778358,464.0410285663955,4429710
2018-03-15,465.0242919921875,467.34450736291564,460.895112232426,464.041153954149,6101500
2018-03-16,460.855712890625,464.98489190294816,459.81357715798777,464.82758024438016,17954826
2018-03-19,450.9653625488281,464.2377244289441,449.35302596582954,457.7490141764429,7526620
2018-03-20,457.96533203125,460.10855352739213,451.692883203798,451.692883203798,8553766
2018-03-21,459.1254577636719,462.27149944427947,457.0411859483548,460.10859578886175,7692994
2018-03-22,456.6872253417969,463.0382576166606,454.3276944394983,457.94562262111117,6813168
2018-03-23,459.1647644042969,461.602975460365,449.2350705505519,451.0637168414066,12008084
2018-03-26,454.3079833984375,458.88941520808504,449.88386323982905,458.88941520808504,8930722
2018-03-27,453.8165283203125,456.68731065631636,452.2828233463486,456.17605966339903,3802088
2018-03-28,445.0863342285156,452.5385024004752,442.9037482759376,452.5385024004752,12558322
2018-04-02,447.1901550292969,452.0665290529873,440.9570697834533,448.70417793055964,8072702
2018-04-03,448.4878234863281,449.7069528738282,443.6311319103804,446.22660633918673,4077168
2018-04-04,442.0975036621094,450.10028587512227,440.4458509230631,449.8839762999859,4813302
2018-04-05,451.280029296875,452.75473631430873,444.0244419682295,448.133987659683,7763544
2018-04-06,443.1986999511719,450.6705502609077,441.27173948086,449.49078442252835,5937742
2018-04-09,437.0047912597656,442.72667297041056,435.1565112320524,442.41204964430716,7202882
2018-04-10,437.8504333496094,442.21555730676977,434.7043911455594,437.2998663629417,8926058
2018-04-11,442.1172180175781,444.96831860074684,439.0694898079839,439.65937268726026,9025574
2018-04-12,457.19842529296875,461.1899746446327,442.41204133465084,444.16200754068524,17044366
2018-04-13,460.6788635253906,466.36143093888563,452.3418710632857,461.68168365859367,21227038
2018-04-16,445.63677978515625,448.3109343851575,433.3672365723189,433.3672365723189,24745084
2018-04-17,442.49072265625,443.3559128811681,438.4795389013975,443.19860120347533,10397940
2018-04-18,442.78570556640625,446.2463707809877,438.0273268999483,441.5666239583567,10430380
2018-04-19,445.49908447265625,448.23223655204873,441.6648467825669,442.018786016454,8525542
2018-04-20,463.431640625,469.4287833229172,447.1115473814877,447.9177398641083,24272692
2018-04-23,467.0691833496094,477.56912602646025,454.3080712702261,459.32207508645234,21830638
2018-04-24,454.01312255859375,470.49052482754985,452.28279009989944,466.0074060042734,8526216
2018-04-25,456.3137512207031,460.501929523132,450.3559241711742,453.0300792575987,11594178
2018-04-26,462.64508056640625,464.69003649647925,456.17605145246506,461.6816244872362,11302084
2018-04-27,466.0860290527344,468.6028718538512,461.7602219899592,464.04112127951777,7663370
2018-04-30,471.70953369140625,475.03252037502466,464.29668400925783,464.7095730974928,5511678
2018-05-02,470.7461242675781,472.5354065027181,464.434359535985,471.4736367370211,10295042
2018-05-03,465.04400634765625,473.7545715675846,462.50748122996237,470.82483921207336,5332230
2018-05-04,461.3277893066406,466.4007923488312,454.209877877656,466.0075370433094,6023368
2018-05-07,465.2208557128906,467.9736418413693,462.2714420038063,464.53265918077096,4638960
2018-05-08,458.3587341308594,463.21542748504766,456.5890852808056,463.21542748504766,5718556
2018-05-09,460.3839111328125,462.82212253419755,457.35586484948345,459.12551350969215,3783504
2018-05-10,459.3220520019531,465.2208797245809,457.29677821622766,462.4680934540213,3182862
2018-05-11,464.3360900878906,465.2995461523028,458.55525769184464,461.01310275900477,3311706
2018-05-14,467.69842529296875,468.56356752500784,460.1085807841034,465.7517832637036,4432094
2018-05-15,469.7630310058594,475.0522943863089,467.2265060947162,467.2265060947162,5611974
2018-05-16,467.9540100097656,471.11973359854824,465.81078835348944,466.8922401626681,6205004
2018-05-17,465.1814880371094,470.9033211931978,461.50456228987093,470.3331204747997,9519598
2018-05-18,465.2995300292969,466.61697334347343,461.28834622059696,465.220898191787,7139660
2018-05-21,463.8446044921875,467.3445860982169,460.108679318236,463.864286458179,8475320
2018-05-22,469.4876708984375,471.11968944027615,461.64224952911997,462.07482061128917,5636804
2018-05-23,465.9681396484375,474.91469628493013,464.63106224246525,469.9400079388455,9538442
2018-05-24,480.1646728515625,482.74051400858,471.1198018641866,471.1198018641866,9740570
2018-05-25,483.0353698730469,491.0381034017469,480.08595594319786,483.7432004133402,8901438
2018-05-28,477.569091796875,484.72631674513167,474.2657387419943,484.09711806915004,5739794
2018-05-29,478.4736022949219,482.34720457788677,474.3444225252853,477.4315143759385,3388934
2018-05-30,476.5072937011719,483.21231388104826,474.1084466472563,478.59156540649906,6323066
2018-05-31,484.41180419921875,488.42298828271714,475.9371349188071,476.5073357917791,19720340
2018-06-01,480.0859069824219,490.09423136177986,478.6701500366508,483.8611468266601,4998356
2018-06-04,487.40045166015625,488.8161606257753,476.62525074693457,480.20386307815437,4270156
2018-06-05,480.1056213378906,488.42297876565453,478.59159835571785,488.42297876565453,4710862
2018-06-06,486.6335754394531,488.24595998900384,479.7909741028757,481.8161997601475,4038184
2018-06-07,492.53240966796875,494.71499502440037,486.84989176487096,486.84989176487096,6676226
2018-06-08,495.5211486816406,496.2879769877537,490.0155768291616,490.7824051352747,6459878
2018-06-11,496.4453430175781,499.4340727496115,493.5549270793931,497.6841064210238,5171290
2018-06-12,494.9115905761719,499.92559357962534,491.74586751717845,497.76269032323364,7839820
2018-06-13,501.3218994140625,504.93982914370184,498.17585686488053,498.17585686488053,5766928
2018-06-14,499.46826171875,504.82677791670466,497.21206249172604,504.82677791670466,7598848
2018-06-15,516.2086791992188,520.3383486328124,497.57480492568595,498.3805940834603,19957760
2018-06-18,510.6286926269531,520.2377202567753,508.5940549583923,517.3167340249366,8214846
2018-06-19,500.2338562011719,509.0169769365927,498.8036100782576,508.8558092826334,7545700
2018-06-20,500.85845947265625,504.56507032466567,498.7835423318311,503.01393586534016,5371802
2018-06-21,502.22833251953125,506.23711450979255,497.9777744004008,501.9865563906621,5798790
2018-06-22,502.75201416015625,505.83416767042763,500.0727552477904,500.7979851966082,4343118
2018-06-25,512.6632080078125,515.2216280325985,505.2298223986968,506.4989502099156,7731178
2018-06-26,514.8389282226562,517.2764605729922,510.16536003220057,511.27332034026654,4483504
2018-06-27,511.6761169433594,521.1239751781125,509.90337095387633,517.296476665544,6952142
2018-06-28,519.5728759765625,522.957200515732,514.1942428029298,514.2144072058924,10996818
2018-06-29,526.663818359375,529.8064160128764,517.0145120521092,522.9773719961735,9966600
2018-07-02,537.7433471679688,539.8787079990583,529.4034494856438,529.4034494856438,4830144
2018-07-03,545.4185180664062,547.0905403495881,536.5548376250686,536.6152816461889,8127452
2018-07-04,541.9736938476562,544.9752875594211,539.4153234573251,544.7335606813866,5025722
2018-07-05,517.316650390625,542.7997330520012,510.91061661257834,542.7392890275778,17019902
2018-07-06,517.4173583984375,524.5082930883754,511.27321612428824,519.8347258505618,11215356
2018-07-09,523.2996215820312,524.9716439450877,515.3223383126212,522.5542764365148,6644998
2018-07-10,524.3271484375,529.9877892047355,521.4666060346161,527.1876908403838,5974488
2018-07-11,532.0022583007812,540.7249379224711,520.2780329982796,530.833903078868,11899832
2018-07-12,521.4866943359375,534.6814944762709,517.498027357984,534.2785998154974,13272240
2018-07-13,530.7734375,536.4945220272152,523.0982745171058,529.806480475005,19496158
2018-07-16,536.9981079101562,557.7673461518494,518.8074051855001,530.7734054315791,35344680
2018-07-17,535.0037231445312,543.7062362447977,528.8796960136272,535.7289038803642,11161690
2018-07-18,532.8482666015625,541.248609075933,529.4034981397097,539.7981983693784,6919016
2018-07-19,530.4913330078125,536.6153608160371,527.4293436944366,533.0295888176285,5118864
2018-07-20,543.1422119140625,550.817373879021,532.3446659145186,534.2382509019901,11705738
2018-07-23,546.304931640625,551.159831407114,538.3679274252603,544.7739616178214,7675702
2018-07-24,554.8462524414062,556.961448878742,546.3250226718467,553.7382924028019,6172246
2018-07-25,557.5054321289062,561.5545427448704,550.1324408877832,555.5916826780572,6936922
2018-07-26,553.2750244140625,560.1846768272372,551.6432815673419,555.4103855244041,7362218
2018-07-27,553.3555297851562,559.6205600471839,551.2806620862378,553.2548061422392,6493232
2018-07-30,544.3106689453125,553.1743511931267,543.1019850024287,551.9656672502429,6409970
2018-07-31,549.991455078125,551.965648621167,538.0859481514215,543.323578393812,7943996
2018-08-01,545.5394897460938,551.3411330338007,544.3106414602892,549.4677123621099,4675706
2018-08-02,545.3782348632812,550.656143800566,543.9681038932414,547.775437839763,5940742
2018-08-03,549.5884399414062,550.4345086510656,546.3250039575981,550.4345086510656,3970390
2018-08-06,548.1985473632812,553.9800750373774,542.9004735366299,550.3741880397221,6178930
2018-08-07,551.1397705078125,555.9745067789955,548.1986687850646,553.5773030504596,7351528
2018-08-08,549.044677734375,552.9729005249897,545.2373430099078,552.6908939459458,3992358
2018-08-09,555.974365234375,559.8018638079582,553.4361588470902,553.4361588470902,6409524
2018-08-10,558.1903076171875,559.6206031293068,553.1944538890709,558.3313600733032,4779520
2018-08-13,567.5776977539062,568.0208719229582,555.4706968444052,560.0234249355314,9979746
2018-08-14,567.396484375,573.9435216194893,565.6640179238703,569.6727995179082,6151320
2018-08-16,575.9580078125,578.1134841337719,568.5850167972092,570.075707177517,6626774
2018-08-17,576.2802734375,579.2214236500944,573.319008004061,576.5018851370744,6390408
2018-08-20,557.7069702148438,567.2555546196161,553.375852331651,559.2178252903761,16101876
2018-08-21,557.5858764648438,562.4407753226998,553.4763718478215,560.0234080935192,8361482
2018-08-23,563.0047607421875,564.6566182872576,558.1498625463363,561.2320151795575,7717182
2018-08-24,555.3095092773438,564.8178096454144,554.4231118680626,562.6421695081248,7053000
2018-08-27,570.257080078125,572.090221170908,556.5586623953341,557.2032839794059,7012950
2018-08-28,574.0038452148438,579.5235300539373,568.6856568320393,570.9821360924632,6496890
2018-08-29,568.12158203125,577.5896037381412,566.127273727277,577.5896037381412,5646496
2018-08-30,570.5792846679688,572.7348100166887,562.5012778458025,569.2094824407956,11507962
2018-08-31,580.6113891601562,585.9296273060185,572.5534972859429,574.1650756607855,10875864
2018-09-03,577.8516235351562,591.4090376816883,576.1393213563001,583.7943193323629,10976328
2018-09-04,593.987548828125,603.1332368892613,576.94508699093,581.7798223567758,15370124
2018-09-05,588.1455688476562,599.5474567532515,584.5195173730874,597.855319071041,8658978
2018-09-06,585.9296875,592.6580082335973,583.4719908807045,590.2809200502065,5598659
2018-09-07,590.482177734375,592.3758114200937,583.2300766315693,591.7311408657888,6510605
2018-09-10,588.910888671875,601.9244010854629,587.7425339319365,594.470852611513,5629871
2018-09-11,591.69091796875,600.1114237815681,589.8376129011183,592.9802100194881,6963561
2018-09-12,598.620849609375,601.5216712179442,593.262331459091,599.8295334765243,4636617
2018-09-14,591.20751953125,600.3129272492063,587.460580245631,597.8150005131052,7896514
2018-09-17,584.9625854492188,596.2839120511957,583.8747406953834,592.2549666994985,5427054
2018-09-18,579.4429931640625,588.2261151032607,577.75085551923,588.2261151032607,7729732
2018-09-19,579.9667358398438,585.8087071282617,574.68882678798,585.8087071282617,4849498
2018-09-21,568.3231201171875,578.0731990694799,557.6061334578325,575.2126080280965,14350769
2018-09-24,578.7579956054688,588.1857374968728,569.2899740971301,569.2899740971301,8637881
2018-09-25,585.1640625,593.0607859549552,577.7507928392702,578.75802922846,9602273
2018-09-26,578.4357299804688,589.7167782428395,573.7218830577079,589.1930447966812,6599606
2018-09-27,584.0359497070312,588.8706844714627,578.1134192931888,581.7797499865896,14592616
2018-09-28,588.266357421875,591.8924085864004,576.3004082515279,580.973975471734,7490031
2018-10-01,601.6424560546875,608.2902161834658,590.6434150781232,594.2694660574568,8252398
2018-10-03,587.0175170898438,605.9132863986948,585.2447707571891,599.3460837964099,7792464
2018-10-04,569.8540649414062,588.0245994244295,566.0668463112871,587.0173630430927,6173037
2018-10-05,583.874755859375,589.4347202617015,571.5461925992848,574.5276220732648,8543578
2018-10-08,575.696044921875,587.1785398479993,571.5059316739437,584.2373898960903,7259306
2018-10-09,578.355224609375,582.1021642324112,566.187826808468,577.8314419329602,6777212
2018-10-10,564.4151611328125,580.0877738568479,560.3459347437569,580.0877738568479,8866251
2018-10-11,542.578125,558.3313428234537,534.4799535725238,551.9655886251168,10985897
2018-10-12,546.9696655273438,551.2000585675015,533.0295230598791,545.0358010750087,8909221
2018-10-15,563.0853881835938,568.0812902175438,549.1452472102924,554.8663298930901,6222176
2018-10-16,560.2249145507812,575.2529020858235,555.5110676284426,572.1103046832861,11588963
2018-10-17,568.36328125,581.6185208306409,565.1401250811614,572.1102199688589,20360697
2018-10-19,550.7972412109375,554.1412863269414,546.3251206349549,553.5772240062154,10421001
2018-10-22,547.8963623046875,560.0637592396047,542.9407391793748,554.9470176236057,6672840
2018-10-23,529.8870239257812,549.5483025153428,526.4221397726102,544.673287087389,9041701
2018-10-24,523.601806640625,537.0584959708624,521.4664947926832,534.238233801473,7058164
2018-10-25,528.4483032226562,534.6389686606867,518.2662549910058,523.764561036097,8270469
2018-10-26,516.1078491210938,528.4077981779974,513.0940014021074,525.6382600547072,5464141
2018-10-29,525.190185546875,529.9146472221893,514.3972115903088,516.189262492544,7137446
2018-10-30,537.2864990234375,540.7076784323162,519.2439327441133,522.2170620922068,8793411
2018-10-31,559.1167602539062,564.4521446132433,540.0966606574056,540.7890699009641,11947995
2018-11-01,543.0700073242188,561.8049854849486,537.2865711921938,561.8049854849486,5860244
2018-11-02,539.4451293945312,550.4824641144593,537.6937965168486,542.4590268105876,6654067
2018-11-05,542.499755859375,544.6176028873201,535.1686780774916,540.4633453644074,5799426
2018-11-06,542.8663330078125,549.8308471280233,538.1418704870122,544.0474610672761,6975525
2018-11-07,550.2380981445312,551.8672264884085,547.3871235427462,548.2016877146847,758956
2018-11-09,537.2050170898438,553.0890168370036,533.946760731452,553.0890168370036,9694143
2018-11-12,541.0333251953125,550.9710142204312,539.4856339761018,542.4995301983881,7118080
2018-11-13,542.2553100585938,543.9251564547312,534.5983879319037,540.4632591654274,4137808
2018-11-14,532.0733032226562,542.2553549158445,521.7283287589671,542.2553549158445,7323026
2018-11-15,534.6798095703125,542.4996037922134,526.7785291212223,532.7248361563177,5513390
2018-11-16,530.1589965820312,539.6486877323691,524.7421754335104,537.5308410711052,8583785
2018-11-19,530.8514404296875,539.2414408192666,528.8557484167807,536.7977484892699,6018930
2018-11-20,522.46142578125,534.3540415758451,521.4024526935144,530.8514259418517,5384830
2018-11-21,504.2966613769531,521.3617908042531,498.59471214605924,521.3210725388714,14359086
2018-11-22,505.64056396484375,511.66835698631803,502.38230821637916,506.8624098705179,6632975
2018-11-26,506.2107849121094,511.5461689280628,488.6161734754432,505.84422118523406,15075209
2018-11-27,520.425048828125,522.135613634961,509.3469466961239,509.509869467501,12285851
2018-11-28,542.825439453125,544.6989266060597,521.3209311561197,522.0947768567122,17719890
2018-11-29,538.4676513671875,549.7493953024821,536.6348819277368,546.5725750539465,13399070
2018-11-30,543.6807861328125,547.3870426238359,538.3861197979093,538.4268380570767,10445773
2018-12-03,546.0430297851562,553.0890292045517,542.4589775410107,548.3238490606687,8260890
2018-12-04,558.1799926757812,560.6236847268974,546.8168146946828,547.8350197159812,7827923
2018-12-05,555.0440063476562,556.8767756014527,547.7943658569312,556.3472890413145,5177288
2018-12-06,544.5361328125,558.343005061328,541.3185944852315,550.7268004490533,8039771
2018-12-07,556.184326171875,558.5873000747744,542.1738144985557,547.3870443313865,5553948
2018-12-10,545.1062622070312,556.998877232122,541.8480060667824,545.6764669749834,5121196
2018-12-11,549.4234008789062,555.451194177885,538.1009417449195,545.106221756846,7120933
2018-12-12,552.6818237304688,554.4331566917497,546.2467465002856,551.5414139346968,6926183
2018-12-13,568.3621826171875,570.1949521061,553.9036677602114,555.5327961948002,7521474
2018-12-14,575.122802734375,581.3542361428721,565.6331636067357,568.1175734334124,9560576
2018-12-17,565.63330078125,579.8474037950681,564.2892502010627,579.8474037950681,4778465
2018-12-18,551.1340942382812,559.1982993598615,549.4642476431806,559.1982993598615,8021298
2018-12-19,541.56298828125,547.0205783626257,538.5083725323889,547.0205783626257,8295459
2018-12-20,543.35498046875,547.0205189693942,534.6799025141207,537.612313427817,11705260
2018-12-21,526.3712158203125,537.2049060288131,524.1311650370233,537.2049060288131,12802132
2018-12-24,528.6520385742188,536.6347558696816,527.5116290818493,535.1685506059503,8379825
2018-12-26,524.6199340820312,527.0229078246399,519.1623453404391,527.0229078246399,6178552
2018-12-27,535.0057373046875,540.2596861484484,528.6521467174414,531.7067623571801,15333902
2018-12-28,535.1279296875,540.4633149405643,532.1547506453927,540.3411104309241,4736598
2018-12-31,536.7570190429688,539.2414295832891,534.1911222631178,537.6123013972368,3373319
2019-01-01,541.7257690429688,542.7439740256513,532.8470514242018,538.3860765865863,2943390
2019-01-02,544.9839477539062,549.0160488573184,539.282000658949,542.499537891653,7416655
2019-01-03,545.0654907226562,551.4597978866686,540.1373390181329,547.3869781090714,6827249
2019-01-04,538.4676513671875,548.9348311071707,530.2812911477185,547.18349820043,7889310
2019-01-07,547.1427001953125,548.6903421106242,538.8341366705881,541.6851109386865,8046340
2019-01-08,545.798583984375,551.8263773135692,544.5767380163253,549.7899673668197,8621545
2019-01-09,550.7267456054688,561.8862832625952,540.8705402852809,558.9538725093123,18130292
2019-01-10,553.6592407226562,555.532728249884,547.8350873945076,555.2068827159974,9572493
2019-01-11,556.7545166015625,558.3836446676972,547.7943122378211,554.0664652358487,12281903
2019-01-14,571.7424926757812,578.5033639464326,566.8958269222942,575.8967491976039,19312937
2019-01-15,591.8623046875,594.6318427460143,576.0597896557134,576.0597896557134,19671304
2019-01-16,600.1708374023438,600.9854015274058,593.409965107738,594.5503747696445,9658944
2019-01-17,597.360595703125,601.9629030080716,593.89869808772,599.3562878012979,6903771
2019-01-18,595.405517578125,599.681978232181,591.6177753977177,594.631671897317,5902151
2019-01-21,606.8502807617188,611.7376655732226,597.8900752739619,601.3112545854243,8129422
2019-01-22,607.13525390625,610.108432375403,597.8899724479918,603.7955614129072,6723375
2019-01-23,595.9757690429688,604.8952050477271,593.9800773043954,604.6915640482205,7212099
2019-01-24,599.5386352539062,602.8966868486704,590.5291748880688,596.3443520371522,7429783
2019-01-25,598.1871948242188,604.3710007806147,593.19105953809,596.2624664739103,5543112
2019-01-28,596.2215576171875,600.0300724357103,588.8911226569757,598.7196253995122,7944693
2019-01-29,596.1806640625,600.2348817816172,586.8435657007085,594.2149433578005,6760819
2019-01-30,594.5425415039062,601.8319844969104,590.6111003499817,596.1806253212579,5763026
2019-01-31,613.9127807617188,615.3461039340616,594.6243560691161,594.6243560691161,13825233
2019-02-01,620.0556640625,624.5194524419586,609.7766981548041,615.387115206831,6276585
2019-02-04,619.1137084960938,624.5193643090577,613.6261185099979,620.0146344681399,3945391
2019-02-05,618.2537841796875,622.4309280392984,611.824324990851,611.824324990851,4694366
2019-02-06,625.1747436523438,628.1642669248179,617.8443078123084,618.8271682025983,5880482
2019-02-07,625.7479858398438,630.2117740091531,623.2908602409962,624.9698860688056,3961797
2019-02-08,623.2090454101562,632.5051516309277,618.2947936655327,622.4718876523211,5915169
2019-02-11,624.76513671875,629.6384459079119,621.6527875695677,628.1232384244684,5500216
2019-02-12,614.6499633789062,622.7584476607594,606.9100079355055,622.7584476607594,7310690
2019-02-14,606.1319580078125,616.7385607843115,603.8386506483846,615.1004769575271,4610535
2019-02-15,607.688232421875,611.4148635883407,600.0301595950405,607.9748771306965,5586389
2019-02-18,606.951171875,612.3568800290766,602.8150190386368,608.0159166659897,5346825
2019-02-19,593.2319946289062,606.5414245269986,590.7748691092584,605.3538038610995,9401334
2019-02-20,606.664306640625,608.5480928924244,594.6653235746692,595.4434233281191,5210675
2019-02-21,600.7262573242188,604.4528877588086,595.5253115613539,604.4528877588086,7202786
2019-02-22,601.9547729492188,604.6166587640241,596.2624225164122,599.9481105676813,3750833
2019-02-25,618.2947387695312,620.8337486160164,602.4462483060341,602.4462483060341,6547552
2019-02-26,608.1386108398438,616.4109140349257,606.2138823706995,613.1347464344417,8319610
2019-02-27,602.2005004882812,611.3328368128035,600.1528959303475,610.1861582642224,5936354
2019-02-28,601.4224853515625,608.0567550466212,599.7844014748101,605.0262898765588,8559921
2019-03-01,607.6473388671875,608.8759019866195,602.4054495614666,602.4054495614666,3998826
2019-03-05,599.9481811523438,608.1386000076659,598.1053369098963,606.5005162366015,4826505
2019-03-06,599.9481811523438,602.8967119441199,595.4434507819166,602.8967119441199,6076668
2019-03-07,592.1264038085938,601.5863285895691,590.1606830791435,601.1768076034632,5951551
2019-03-08,583.4443969726562,592.1262699090526,582.0520659270326,592.1262699090526,7193994
2019-03-11,582.5435180664062,588.481571501881,581.0283106341827,584.2225438673331,9932198
2019-03-12,579.0216064453125,585.5739407993375,577.9158700288644,580.7006321254626,11997387
2019-03-13,580.2501831054688,588.5634275230623,578.4892232092941,581.519687919054,11348867
2019-03-14,580.168212890625,585.5329764311563,578.4073030941807,584.795818848236,6415187
2019-03-15,588.5226440429688,592.7816726215336,581.1922078342404,583.1579287136884,14638664
2019-03-18,581.6835327148438,592.7405977059399,577.7111497423526,590.9796377297374,8065544
2019-03-19,591.552978515625,595.0339063919718,579.390226990882,583.8130230042669,8917337
2019-03-20,605.2310180664062,607.9747884174195,595.5663337073393,595.6482179006665,13471173
2019-03-22,608.6300659179688,611.2919523117528,599.7844226690037,610.186265652015,8883260
2019-03-25,602.2005004882812,608.0566695201097,598.3509939212969,608.0566695201097,7644966
2019-03-26,596.0577392578125,602.2005534720806,588.9730068678833,602.2005534720806,9406261
2019-03-27,597.65478515625,599.784273746397,595.5662386562325,597.9004876873682,7387487
2019-03-28,604.2891235351562,610.1862354056029,597.900606504819,597.900606504819,9277241
2019-04-01,618.45849609375,622.4718212532326,607.7290675919719,607.7290675919719,6584982
2019-04-02,621.9804077148438,627.2222456181854,618.0489667994027,621.6527709751077,7283600
2019-04-03,616.9843139648438,621.2433422618756,611.6605410911428,619.1957373104522,6897127
2019-04-04,612.5613403320312,617.3936566274133,610.267983456565,615.4279864360233,7688525
2019-04-05,621.8984985351562,623.2499376529606,612.6433351545545,615.0185766372562,6276040
2019-04-08,628.4097900390625,630.6621548779121,618.704165184156,624.9698046507509,4919911
2019-04-09,622.9631958007812,633.1193344872718,620.9975254033078,630.6622089976705,6730692
2019-04-10,616.4928588867188,627.9594456868265,615.3461802105675,625.748022520164,7031088
2019-04-11,608.3023681640625,615.7146866181305,606.1318873504478,615.7146866181305,8200995
2019-04-12,612.4385375976562,615.5508866004176,606.5823684289021,608.6299730347116,7043212
2019-04-15,595.85302734375,599.0063189012487,583.6492821140388,593.5597198482641,31574803
2019-04-16,593.0682983398438,596.1806979643303,584.8778782551042,596.1806979643303,12524411
2019-04-18,587.2940063476562,591.757794867565,583.7721360440927,591.757794867565,13801105
2019-04-22,590.5701904296875,594.4196976082734,585.6149966102865,587.2940226164831,6455426
2019-04-23,596.4263305664062,597.9005960105538,588.3997298235129,592.9044603414006,5516668
2019-04-24,603.1832885742188,604.3709090739302,592.9862090965214,596.4261943407294,8285120
2019-04-25,596.7129516601562,604.1662627621687,595.4843888401887,603.1834025081248,8005235
2019-04-26,604.4529418945312,605.9272073644963,597.081564554354,598.7196484077267,6895168
2019-04-30,615.3870239257812,617.3936862930636,604.4528361141623,604.4528361141623,9920046
2019-05-02,598.5557861328125,612.9709529796536,597.4910417042673,611.8242743702367,6351352
2019-05-03,592.65869140625,598.7196213863281,588.2358951959644,592.0854020757248,6348116
2019-05-06,588.3997802734375,591.1844930199576,582.0522049085307,585.615017536562,8858265
2019-05-07,593.4367065429688,596.1805264763262,588.6453321677511,590.0377131797176,5747536
2019-05-08,589.1777954101562,594.6244442690927,586.8435458936706,590.5292345978179,6247642
2019-05-09,590.5701904296875,598.1463284977227,586.2702201748567,589.0140407126275,7396525
2019-05-10,587.1300048828125,594.6242562071781,585.6147977797966,590.365229497985,8352335
2019-05-13,589.4644775390625,594.9930104776504,583.2397289769601,586.8844755049142,6808993
2019-05-14,584.673095703125,587.8673794118497,576.2779154328756,586.8435769398681,10513001
2019-05-15,586.5158081054688,593.9691184176818,583.6491618293123,585.5329979459187,6668929
2019-05-16,600.4396362304688,603.6339198458761,588.9730488792582,589.7102066336917,6468556
2019-05-17,592.9044189453125,602.650987027489,589.7920199034324,600.4805561055279,8155948
2019-05-20,591.67578125,594.9519482558353,578.2434765299386,589.4643585229929,11213708
2019-05-21,580.9464111328125,591.8806505195186,579.6359640856573,591.8806505195186,8645535
2019-05-22,581.31494140625,588.2767969919536,579.0625763638164,581.519701864653,5795713
2019-05-23,574.1893310546875,587.0073571666198,571.2408001232341,585.6149758971854,7233736
2019-05-24,580.8645629882812,582.9531099700822,573.697945900486,576.4417164465291,7016424
2019-05-27,579.9635009765625,584.6320494148865,577.8340122104795,579.3902116867029,10247544
2019-05-28,596.3443603515625,600.7262643120674,581.3559042593108,583.1578063556703,23860490
2019-05-29,596.0986938476562,600.890119029415,592.6996999054012,594.2149074472032,10293077
2019-05-30,600.8081665039062,603.8386314853548,591.7987057425107,595.4434521395088,15089296
2019-05-31,604.2481689453125,608.5071968742748,600.5215382538521,603.2243665580788,8290306
2019-06-03,609.8995361328125,615.0185477165822,597.0815111309138,597.7367346155668,7744761
2019-06-04,602.2413940429688,605.6404373313267,600.480484259276,603.8385354675024,11733702
2019-06-06,602.4872436523438,609.8996133564523,600.8901518282667,603.2244014098823,7563925
2019-06-07,605.353759765625,609.3261423939055,602.6918739799049,602.6918739799049,3218358
2019-06-10,617.1480712890625,617.639476432635,606.1728898393411,606.1728898393411,4435148
2019-06-11,618.2947387695312,621.652790500734,614.6909344806336,618.3766229618633,5733127
2019-06-12,617.3937377929688,619.9737396218774,610.1861794963166,619.9737396218774,8738342
2019-06-13,616.8538818359375,620.6331554374073,614.6527402577572,614.6527402577572,4808577
2019-06-14,615.0265502929688,619.2211299676636,613.19919409608,617.8506001458661,5556353
2019-06-17,615.109619140625,618.390546214176,612.8254364648843,617.1446283910446,3085588
2019-06-18,623.0834350585938,624.9938319765372,614.8188378672859,614.8188378672859,6202838
2019-06-19,624.5370483398438,627.4441897126518,621.7959887739784,625.0353951537162,4596253
2019-06-20,627.02880859375,628.6900320361004,611.2471858914216,612.8253177437448,7148684
2019-06-21,623.125,627.1119266126701,620.591644078154,627.1119266126701,13200318
2019-06-24,619.2210693359375,624.5370048979119,616.8538460899207,624.5370048979119,4758178
2019-06-25,621.380615234375,623.7063686367112,612.4100186853476,617.9751274183376,3677911
2019-06-26,613.98828125,624.1632762731413,612.9915369043468,617.1445960974658,5447130
2019-06-27,606.803466796875,618.5566445577194,604.810028807908,616.3139824606739,11122346
2019-06-28,608.0078735351562,614.2374624033442,605.1007320633352,610.9150150069773,5919494
2019-07-01,607.4264526367188,612.5762563890572,606.2220552814623,610.4997267063825,3224968
2019-07-02,614.65283203125,616.0233620029044,606.4297535943824,609.6691604201858,4837606
2019-07-03,607.4264526367188,617.3107542048608,606.3466673410329,615.4833979448019,5958379
2019-07-04,609.5029296875,611.662550788909,605.1837381812029,605.5160031803492,3274064
2019-07-05,596.3792724609375,611.6625498611075,592.6415193605555,610.4996730623802,4926289
2019-07-08,596.0469970703125,602.1520241124088,591.6447647459191,595.0918239347808,7177092
2019-07-09,594.3028564453125,597.9159981870176,588.9453991724322,596.3793863420466,5022638
2019-07-10,595.75634765625,600.28319236471,586.8272702950723,588.9037999139508,7573816
2019-07-11,599.2864990234375,600.9477228599543,589.4021969175512,597.5837547303134,6252688
2019-07-12,603.6470947265625,606.8449297141365,597.7082003821898,600.1169947574014,7874441
2019-07-15,647.3373413085938,649.2477891688878,626.4474831733323,633.7568574979618,31064152
2019-07-16,651.9057006835938,654.3560158198262,644.5548059714214,645.3854178347866,9924322
2019-07-17,659.6304321289062,660.3364319347548,645.1777654154979,651.1166605222003,6754348
2019-07-18,658.4259643554688,663.2435025124355,653.0269878165446,655.3942110973113,6534471
2019-07-19,652.3626708984375,659.9212196555267,648.9156108947517,655.1036802995504,6812754
2019-07-22,651.5319213867188,657.8445508383775,649.5799532232627,652.8193595476663,7107151
2019-07-23,656.2249755859375,667.8120226860275,652.4872217276202,653.6916192212732,10782564
2019-07-24,653.1100463867188,659.2981144188359,650.8673843936434,654.5220965821011,5745146
2019-07-25,659.9210205078125,664.6555175154539,654.2313504271008,654.7296971872665,9773568
2019-07-26,653.6914672851562,660.3363614888174,649.7045409022636,658.0936995557778,4941763
2019-07-29,657.3876953125,661.9560600461567,653.0269835212823,655.7679922221724,6244316
2019-07-30,658.4259643554688,662.6620641304783,654.9789052097018,657.7614850745973,8673253
2019-07-31,659.2150268554688,664.3232586317847,649.2061148445271,656.8892734293389,7350584
2019-08-01,638.6159057617188,654.8544081178437,634.9197235565276,653.2347048579319,10066407
2019-08-02,644.2225341796875,647.7942057118562,633.1338861988615,635.459589252547,10838336
2019-08-05,645.1362915039062,652.7779313439386,638.4498756550762,641.7307521976219,9976238
2019-08-06,643.2674560546875,650.9506168458519,639.405090081057,646.8805978778655,9331718
2019-08-07,644.6378173828125,650.7428447171175,641.5230230377148,646.9635710510368,5130457
2019-08-08,655.1448974609375,658.4673438505968,648.9153104803263,650.1197074358796,8009009
2019-08-09,656.0586547851562,661.7898960018398,651.8640756871715,657.8444902835985,4362520
2019-08-13,635.2103881835938,652.860889326322,631.3895940971885,651.3242777407403,7517099
2019-08-14,643.5579223632812,646.4235428112236,637.9097730536713,643.8070957290776,5940968
2019-08-16,643.3502807617188,647.9186451022463,633.341419936775,647.8771246566354,5128088
2019-08-19,645.92529296875,650.36904586431,642.3536216360327,644.2224982046083,3881451
2019-08-20,658.467529296875,662.8282414114238,651.0750637193164,652.1964201095427,8435344
2019-08-21,664.0326538085938,667.6042746252937,658.6751972352819,658.6751972352819,5926896
2019-08-22,660.91796875,665.5693756024915,658.1353881732948,664.4065492376349,5222488
2019-08-23,666.31689453125,672.7541369321943,661.0009579473426,661.5408759757106,6895015
2019-08-26,666.6073608398438,670.1374603061216,653.6083191054563,661.0838238575743,5412074
2019-08-27,651.7396240234375,660.2949161444673,648.7909113279466,657.0139891189174,16061642
2019-08-28,666.5660400390625,668.6425697588104,653.1101173157911,654.0238208103959,5881134
2019-08-29,670.26220703125,672.5463894978872,660.7516917126746,660.7516917126746,7830413
2019-08-30,676.8656005859375,678.9005590123404,666.1506876996899,672.7955823400858,8174186
2019-09-03,676.32568359375,683.095190297031,674.4983274256996,676.948642467186,5647088
2019-09-04,682.1815185546875,683.1367424836058,673.0032675323359,673.4185734672525,6199015
2019-09-05,692.771728515625,695.6373492278674,686.6252319075228,689.4908019232466,7926895
2019-09-06,697.8385009765625,703.5281713398414,693.6023505187062,700.4548976421462,6106841
2019-09-09,688.6602783203125,697.9631413655492,687.372840066386,695.0559998324455,4377870
2019-09-11,681.1847534179688,688.2034336435265,676.2426535002521,683.0121096152328,7981036
2019-09-12,678.1115112304688,680.9770814569157,673.5015750647467,678.1115112304688,4400017
2019-09-13,688.8262939453125,690.2798644652065,679.0250857219021,679.5234324786877,4832021
2019-09-16,687.4974365234375,696.011207962893,681.5585415334028,691.110577782548,4846496
2019-09-17,690.4461059570312,693.5609004199953,681.5585489500689,690.6537589212288,5540901
2019-09-18,689.2831420898438,691.8580689388473,684.4240836194537,689.3247132346565,3199389
2019-09-19,681.68310546875,686.9159496008917,677.114740628599,685.130113975679,6601607
2019-09-20,668.6426391601562,693.5609983835161,666.1508032378204,683.5106137753736,22462366
2019-09-23,634.8781127929688,670.2206856484727,616.2309183302906,670.2206856484727,17279260
2019-09-24,659.5472412109375,663.3680856282322,635.4179803323901,635.4179803323901,13717998
2019-09-25,658.3843994140625,665.3199869898447,649.2476705040897,654.2728612652716,9313576
2019-09-26,649.9951782226562,661.9975274736203,646.2989460039836,654.3143692187508,18442824
2019-09-27,649.7045288085938,659.7133903772483,647.9602136946899,653.7329755659696,5087642
2019-09-30,669.1824951171875,671.1344127965866,651.3243393311396,652.1133800760923,8178091
2019-10-01,659.1319580078125,670.7605227536503,657.4707344726928,670.3036964207963,5881438
2019-10-03,652.528564453125,662.7035582960015,651.3242179840394,658.3013262012441,5497672
2019-10-04,659.0488891601562,662.4958974314346,653.7329537946084,656.1832685442987,8201713
2019-10-07,655.8094482421875,666.1505738989997,652.9438277787556,660.2116800500975,3679845
2019-10-09,650.9090576171875,661.0840537345838,646.8805593487093,660.7102682277002,6335025
2019-10-10,650.4105834960938,660.0872315964925,645.0531270520215,652.3625517149693,10402917
2019-10-11,676.7825317382812,684.2580384600514,645.0531486243522,649.1231670070367,20636344
2019-10-14,652.9439697265625,661.9976593742814,647.8772576059466,653.4838877198442,15150858
2019-10-15,638.1590576171875,644.5132583830244,635.4180487227859,642.1459842541828,13762133
2019-10-16,640.7755126953125,644.5132659670761,632.5524352188232,635.6257091593558,10767032
2019-10-17,639.15576171875,640.0278939443645,635.5010496252461,637.0792322784681,9860495
2019-10-18,637.7852172851562,642.7273673782327,631.2649352718113,634.4212498088667,10037200
2019-10-22,534.540283203125,574.0358692854535,530.2210911426314,574.0358692854535,90152532
2019-10-23,547.1981811523438,552.2866776768807,517.3403020255987,529.8722211225178,60516887
2019-10-24,534.3720092773438,549.3850891568092,531.5544547740378,546.6936639289946,25666433
2019-10-25,536.1383056640625,548.7963569638819,534.918747937209,544.1704872883242,16549337
2019-10-27,545.7263793945312,548.7962949114259,542.9508681699579,547.6187804114672,2945281
2019-10-29,547.2402954101562,549.8475827255459,544.1703801505594,547.5346483431439,16709764
2019-10-30,555.6090087890625,564.6925762217521,551.9083436634032,555.4408364055968,22879467
2019-10-31,576.6355590820312,584.9201004709493,560.2347513187437,562.1692466354746,27405901
2019-11-01,578.570068359375,583.7005570444895,574.1123717407302,580.3362887041756,9713519
2019-11-04,596.3167114257812,616.0817928341111,570.3698059406305,573.4396707628222,29381982
2019-11-05,585.466796875,596.1063163892159,581.5979086887376,596.1063163892159,12897805
2019-11-06,599.0921020507812,606.8299298571256,582.0184497035772,585.2144945072711,21372589
2019-11-07,605.6524047851562,609.2269399991624,598.9238679117328,603.0451172805697,13733737
2019-11-08,595.6016845703125,609.1428442821399,593.3728362320327,607.250443316127,8585630
2019-11-11,592.4476318359375,594.8026092346021,587.0647823521409,587.8217632070882,6951494
2019-11-13,581.4716796875,588.7469301438554,578.4438588663379,585.8031954931361,9973690
2019-11-14,593.20458984375,596.9893916309301,585.6770293556489,585.6770293556489,10539902
2019-11-15,592.0270385742188,599.6386841011017,590.6813006717589,596.3585025069236,7362623
2019-11-18,593.1205444335938,597.1576563504387,588.1582278821685,592.9523207423371,7490916
2019-11-19,599.5546264648438,600.5218741068626,592.952270651734,597.0735197333898,6495885
2019-11-20,599.680908203125,601.3630425879865,592.952370663679,599.5126844977053,6142171
2019-11-21,599.8911743164062,606.7879355533987,597.5782395398621,601.7835754972151,9692973
2019-11-22,583.0277709960938,598.8398234840772,576.2150961359949,598.6295566921235,14415826
2019-11-25,587.1489868164062,593.0785515939518,583.0277883720895,583.1539176502212,7334511
2019-11-26,580.8409423828125,594.8447307020281,576.9720540991038,592.9523296499538,27253106
2019-11-27,585.1724243164062,586.770472311573,580.4203747528793,583.9108236890622,3861635
2019-11-28,590.302978515625,591.5645792829888,583.742664792267,587.9900437754582,4837683
2019-11-29,585.677001953125,590.6813610156299,581.6398905026191,589.5038979821717,4262379
2019-12-02,582.607177734375,592.1112254902263,580.5885962045213,591.354244582866,9383736
2019-12-03,587.3592529296875,588.4947244395534,579.1168047159983,582.6072540962515,5239013
2019-12-04,596.1904907226562,597.5782721982938,583.1539485423979,586.2238644929074,7427886
2019-12-05,601.23681640625,602.1199779590996,591.943034901219,594.1718833260984,4814422
2019-12-06,601.4472045898438,605.5684548861329,596.8213344483524,602.1621425943332,5226096
2019-12-09,603.2553100585938,607.5447312553675,600.7321090405725,602.2039763010849,6435865
2019-12-10,600.984619140625,604.3068451883446,597.1577732550099,599.6809751138339,4457939
2019-12-11,606.4514770507812,607.8392584251918,599.6808965502122,602.7087178502597,6043554
2019-12-12,590.5132446289062,606.1571249269681,588.3685335937956,604.3067668700361,11112042
2019-12-13,598.2511596679688,599.5968981475245,589.0414624745792,589.0414624745792,10302412
2019-12-16,600.52197265625,605.7365994924675,597.3259276065256,599.0921481687064,5616324
2019-12-17,613.7266235351562,615.0302671678626,601.3629278974656,605.3159532149119,10525565
2019-12-18,616.03955078125,620.1187053057453,607.8811903976023,614.8199933319228,12215295
2019-12-19,614.6939697265625,618.9834434367554,609.4372994944661,616.9228184388395,7199210
2019-12-20,615.2825927734375,618.1842843751916,612.5070817635827,614.8200161609049,7794167
2019-12-23,619.0254516601562,620.1188287399051,615.3668299185862,615.7873635134639,4975608
2019-12-24,616.8387451171875,619.8245236043721,612.5492713175097,619.8245236043721,2890759
2019-12-26,613.0958862304688,617.8058415596886,611.0773046124243,615.6611306746806,3821806
2019-12-27,619.8245239257812,620.2871006491616,613.0118483585267,613.7688294220009,3399094
2019-12-30,616.418212890625,620.6655922694837,611.6661623570079,619.1095870439843,5368416
2019-12-31,614.9462280273438,620.4972503293636,610.1521353112385,613.7266704707096,6927885
2020-01-01,619.740234375,622.3896161125859,616.1236563320883,618.184280868582,2112415
2020-01-02,617.9320068359375,623.0624955971197,614.7359621321849,621.4644989125743,5658200
2020-01-03,627.4360961914062,629.1182304975495,617.2592041731061,617.2592041731061,7882938
2020-01-06,621.4224243164062,633.9963880928626,619.4459371079719,627.5201609681819,6519403
2020-01-07,612.2127685546875,624.576413976731,609.8577395841436,620.7075258131158,7899363
2020-01-08,604.054443359375,613.1379584021026,595.7278579583198,609.731646677913,8639443
2020-01-09,611.9183959960938,615.240621512479,600.7742562352731,606.9981736921635,13521186
2020-01-10,620.833740234375,624.8288092157168,614.3995559726637,622.7681844215654,9341405
2020-01-13,650.607421875,653.9296470691644,635.0056379899925,639.2109733409196,36952038
2020-01-14,652.373779296875,653.4671563649406,645.2667513524486,647.5796860995617,11414418
2020-01-15,645.5610961914062,650.8598090964978,641.0193642733277,650.8598090964978,6047430
2020-01-16,645.0984497070312,649.7243186423489,639.4212469227776,648.2104081668134,5740586
2020-01-17,645.8134155273438,650.0608458665614,641.1034598393667,648.2104877981894,3762957
2020-01-20,646.3180541992188,651.3224139506946,641.6921849277924,648.967384890237,3887680
2020-01-21,641.313720703125,648.042258100666,639.8418531474128,646.3180806594794,4448374
2020-01-22,647.7899169921875,654.3502303716543,644.2574247618087,646.3180495074183,9733935
2020-01-23,659.6909790039062,660.6582267315861,653.2568462980249,653.5932423472493,12528017
2020-01-24,658.3453369140625,661.4993388475377,650.6495516625163,652.4578666382421,7540490
2020-01-27,654.434326171875,660.0694863204792,651.3224187974897,655.2333502280002,3741610
2020-01-28,654.3501586914062,657.5462031841498,649.3037564392874,656.8733598174657,5121009
2020-01-29,664.1907958984375,666.7980837544111,659.6069692687182,661.5834567077947,6832757
2020-01-30,656.62109375,664.1906976328585,654.3502023182101,664.1906976328585,3859680
2020-01-31,652.6259155273438,660.1955181400684,648.9672434637349,656.4948029955418,6092028
2020-02-03,645.4348754882812,665.2419942729217,642.9957605064534,657.7144338993415,6416745
2020-02-04,662.634765625,664.35899443358,647.7058229908439,647.7058229908439,5771311
2020-02-05,659.8591918945312,661.0787494728322,651.3223915157496,656.8734139163893,6310409
2020-02-06,648.757080078125,661.7515769003892,647.6216600391936,659.690952260605,7341622
2020-02-07,653.7615356445312,655.0651795602332,648.4628224594617,652.6261154386838,2853344
2020-02-10,650.3131713867188,654.3502836926963,647.4114792705051,650.986014881937,3827682
2020-02-11,650.607421875,655.275333847597,646.9488006535574,655.1912476744426,4312817
2020-02-12,656.91552734375,658.7658854536431,651.9111672288124,652.4999245366876,2948825
2020-02-13,666.3353271484375,667.807194390482,657.8826141110558,660.2375914313959,4387430
2020-02-14,661.457275390625,672.1808816342858,659.9012703505496,668.2278557324347,5321680
2020-02-17,663.9804077148438,667.3446759899614,658.8078247079864,664.6952941894423,2929629
2020-02-18,670.8772583007812,672.0547215548595,659.1023177519982,660.2377379139069,5083346
2020-02-19,673.2322387695312,676.9329035842115,669.6156601395177,672.8537482691964,3985192
2020-02-20,670.3304443359375,677.9841340197113,667.6810625728916,675.5871134414577,4564569
2020-02-24,669.36328125,682.6100890694331,666.2513738141197,672.9378166933391,6627536
2020-02-25,671.5079956054688,677.9000850547504,668.984794296332,672.0126153334312,6996695
2020-02-26,658.3453369140625,674.073303489259,656.4529357539774,667.7652996223086,8760569
2020-02-27,654.2240600585938,656.6631753198726,649.4720614766744,654.3502406645673,5223386
2020-02-28,615.4087524414062,636.5195142344251,607.2924351165311,630.800268731524,14123957
2020-03-02,623.2728271484375,644.1733774955193,617.1330469651554,619.8665153162788,9821523
2020-03-03,628.277099609375,638.3699044223771,623.4409639698116,635.0056361513764,7826587
2020-03-04,638.15966796875,640.4726025149299,627.0575718801535,634.0805130302612,11013444
2020-03-05,634.6692504882812,650.6074832384764,632.2722296460365,642.3650354401867,7755293
2020-03-06,621.5064697265625,625.7538478083304,613.2219289783067,623.2306468091032,9216022
2020-03-09,592.48974609375,610.4885517564255,586.2237857495801,609.353131672268,10308654
2020-03-11,576.9720458984375,585.3406740322644,562.7159479085041,580.8830285510021,16165009
2020-03-12,530.8814697265625,563.5148571577208,527.7695117409997,561.8327232557575,13965574
2020-03-13,540.259521484375,560.9918494997559,479.4083271587119,497.91180645255696,16903113
2020-03-16,490.46832275390625,523.2699411824093,487.8189407315845,523.1437605776648,19140152
2020-03-17,466.7502136230469,497.91174049341305,462.5869210665155,494.63155815562135,16059887
2020-03-18,449.3821716308594,486.1368166515516,444.0834588097219,477.72614508318566,15390183
2020-03-19,458.8441467285156,469.31544240392265,428.3134212261606,428.3134212261606,16583991
2020-03-20,492.1925048828125,519.3169203841148,460.90479673530757,462.16639745629834,21354894
2020-03-23,442.77978515625,471.7966001124309,433.90653751629225,454.1762340967452,17146150
2020-03-24,496.0614318847656,505.6075755516601,439.03708511900146,439.03708511900146,20027097
2020-03-25,509.8549499511719,534.0776751888671,475.79172814778747,502.11712139803734,18339548
2020-03-26,540.8062133789062,547.4085704111733,514.8172161834398,517.2563316143504,14843813
2020-03-27,548.9646606445312,567.6363657764621,540.1754967136678,559.3518217134848,13495283
2020-03-30,527.0968627929688,558.0481277342011,522.3868553300534,525.7511243744193,14624804
2020-03-31,539.5445556640625,556.7864315660318,532.984242417075,546.6936261600009,15175521
2020-04-01,506.995361328125,536.1804070866799,499.5939793090006,533.5310245413231,13083824
2020-04-03,492.613037109375,509.6866898864946,489.62725901146126,507.58402202392654,10221655
2020-04-07,537.4419555664062,541.8575584877266,515.4901215771391,517.2563422117995,15145605
2020-04-08,531.2179565429688,551.4456612406818,526.8023542952592,529.8722697251504,11806896
2020-04-09,535.1290283203125,549.0486807939698,531.6385787608582,544.0022773834835,11931114
2020-04-13,536.0963134765625,548.1235655081539,526.5501688933617,529.031327676426,8330276
2020-04-15,537.4839477539062,549.4691545480491,534.5822558420756,547.8711577762954,11963447
2020-04-16,524.6996459960938,533.993477742919,507.5839524738782,521.4195153807357,17783287
2020-04-17,528.8209228515625,543.3293298800944,526.5079883977386,541.6471957318588,8878320
2020-04-20,549.4691162109375,555.9453430305707,537.4418671657106,538.282934250477,13322913
2020-04-21,532.563720703125,543.7499033433327,528.0219376355332,528.0219376355332,11660575
2020-04-22,539.8389282226562,542.488310271803,528.2322118512158,532.5637281957789,8266728
2020-04-23,571.3369140625,574.995587025574,536.6849366494273,544.2124980318446,14451289
2020-04-24,553.4223022460938,567.7204468329988,550.7308765275059,562.2955522963262,7319940
2020-04-27,558.97314453125,572.7666647748156,555.9873667512646,555.9873667512646,7183306
2020-04-28,555.693115234375,569.402500473676,549.258930551876,566.0382316377902,7296571
2020-04-29,569.0239868164062,573.6078131857772,553.4222009915563,560.15073838963,8639056
2020-04-30,601.7835083007812,605.5683102397799,587.1489202694552,588.7469682886748,16253821
2020-05-04,566.626953125,589.7562999093207,563.8093473522927,580.168113799409,9122740
2020-05-05,566.626953125,576.6356214781432,563.5149943816311,573.3975334622045,6393053
2020-05-06,560.0665893554688,573.1451721883653,558.5105844559789,569.318327239592,7934250
2020-05-07,559.2675170898438,567.1735161621764,557.1648495703952,559.7721367606489,4779548
2020-05-08,567.0475463867188,572.6827071905893,562.253452827167,565.4074549933629,8400321
2020-05-11,574.36474609375,587.5274154760135,570.2434967485754,574.0282987181456,7370186
2020-05-12,578.35986328125,581.1774177829448,568.1408765736312,570.6640780980144,7356039
2020-05-13,583.8267211914062,588.6628567943463,575.0796032191812,584.3733839805082,8287101
2020-05-14,553.5484619140625,564.9869566164926,548.880497349157,554.2633485824617,16888262
2020-05-15,548.6281127929688,559.1414525725928,543.9181571055639,559.1414525725928,9255353
2020-05-18,558.384521484375,563.9775874320625,549.21686868607,554.9781583367356,10435442
2020-05-19,562.33740234375,567.552028258066,550.8989111349637,558.4685144940701,5902208
2020-05-20,563.1364135742188,566.0381050632426,554.8098808681391,562.253303469209,5794636
2020-05-21,565.3653564453125,571.4630933685396,559.6461100118395,560.5712633559801,7213225
2020-05-22,582.3128051757812,585.2565401219556,566.4587103566795,567.720311047897,11867731
2020-05-26,572.3883666992188,588.2845599237958,571.0847225920485,582.8596653259051,7099606
2020-05-27,593.330810546875,596.484812249405,567.7203064553988,577.0140878719212,8774636
2020-05-28,594.9708862304688,597.1576401535042,580.3362981773491,594.634438857081,9440091
2020-05-29,589.0885009765625,597.4431465895127,575.4056308612918,590.3672748571195,28290128
2020-06-01,596.3775024414062,602.4303967037439,589.5147596804482,595.6955001109372,12276438
2020-06-02,603.6665649414062,606.693038399021,594.6725314563955,597.1874640887264,7059304
2020-06-03,598.08251953125,606.9060903206365,593.3510666906208,605.8830608334472,11378568
2020-06-04,603.3681030273438,604.8173904035074,594.6298154172692,598.4661368070581,10782424
2020-06-05,599.78759765625,606.7356235946554,597.2726651490909,602.7287881465396,7718679
2020-06-08,614.5361938476562,618.7561588393119,600.1713187506001,603.2830232478441,10719105
2020-06-09,611.7654418945312,621.99563357861,609.5915365683536,613.8115010447252,10078029
2020-06-10,610.2735595703125,613.3426483993511,604.6043593738111,609.5489417815735,7263049
2020-06-11,600.1286010742188,608.1848870428197,596.9742817173634,606.9913439239739,8825715
2020-06-12,589.9837646484375,592.62659581457,575.8746334076138,576.1303778344127,9795316
2020-06-15,586.1472778320312,600.5122015062036,584.1865017316301,590.7934997446474,7857344
2020-06-16,597.7843017578125,606.9914652624055,596.0366541535651,598.4663042334391,10131760
2020-06-17,599.8728637695312,605.5420635672415,595.0561278809,596.6759289850708,7291916
2020-06-18,608.6112060546875,610.9129576764952,601.8763086992066,603.7518543454688,6670195
2020-06-19,601.4925537109375,606.9060606338522,597.6136169604639,604.4337438301982,22438862
2020-06-22,599.9154663085938,604.1780459298948,596.7611469821425,602.8139892310129,7804096
2020-06-23,614.3656005859375,617.6477659685293,590.026230155318,593.0953185975864,12157390
2020-06-24,608.8242797851562,619.6085752135434,604.7748290673575,611.1686986217766,10220838
2020-06-25,597.1874389648438,601.5352496128797,591.2198271550594,600.8958626332601,14945284
2020-06-26,637.8524780273438,640.7510011910102,605.2863566034009,605.4568702091336,26030458
2020-06-29,623.8284912109375,634.8685821932067,622.4218192045339,626.9401949664656,8954428
2020-06-30,627.4091186523438,629.9666664813226,617.4346717126376,624.7236726185384,10411290
2020-07-01,623.9564208984375,632.8225552213215,622.1234908622394,628.5173602441739,5477468
2020-07-02,645.0134887695312,652.5582854664767,626.9401938866904,628.6025582124721,17263756
2020-07-03,650.2139282226562,651.3221885556562,641.5182550891772,643.6495449731943,7796572
2020-07-06,651.3222045898438,660.6998803103781,649.1909146533586,652.3452341660457,8810958
2020-07-07,677.0255737304688,679.4126080233551,652.6435859361666,655.9258036181499,19362533
2020-07-08,660.444091796875,669.1397645634188,658.3128020027929,669.1397645634188,8476642
2020-07-09,666.4117431640625,673.4876152978444,660.6998757668727,664.9624556105299,6854166
2020-07-10,666.5396118164062,673.4024072228784,659.4211240508266,659.4211240508266,5206452
2020-07-13,679.4978637695312,686.573736125106,670.1201878195426,671.7826044173664,10804688
2020-07-14,667.733154296875,687.4689204303594,666.1133530900535,676.0025698700881,8961822
2020-07-15,708.3981323242188,723.3171613073787,677.5796602113422,681.1602375739893,30060599
2020-07-16,776.64208984375,814.5790525199815,762.3624465892135,767.349644464732,90432109
2020-07-17,769.9497680664062,784.229409617077,760.5720930182047,776.6419971737915,31682878
2020-07-20,796.505615234375,805.6275460032164,773.0188119983243,774.5107148612932,18421053
2020-07-21,798.5942993164062,809.6343910427079,792.1578144363707,805.627555755542,12877784
2020-07-22,782.5244140625,800.5124798572022,775.7895172205048,800.4698644662415,14354201
2020-07-23,774.0418701171875,780.7340995364518,767.8185140654958,780.6062533635381,13051307
2020-07-24,786.7442626953125,789.2165795721606,770.0349721831532,770.0349721831532,18209580
2020-07-27,808.56884765625,812.2772716127954,783.1638800988545,785.6361453920682,16827870
2020-07-28,820.8450317382812,824.8518674521246,802.3880910647601,806.4801575675039,15818463
2020-07-29,813.4281005859375,818.4152979947155,804.4340158405952,812.6608154306901,11152710
2020-07-30,819.6514892578125,829.1996785226145,817.3496857335426,820.1203626343344,12492320
2020-07-31,823.5303955078125,840.9643568338954,812.7034326964146,826.3010723042933,12704346
2020-08-03,815.7725219726562,823.0189074464298,807.7162359510077,818.415300567361,8479792
2020-08-04,809.7623291015625,827.5373195212177,801.8339404408111,818.7990302264573,11133170
2020-08-05,805.3717651367188,819.2251482364996,799.9156426717367,811.5951206763939,9614176
2020-08-06,827.6651000976562,830.6915733865991,803.4962934115978,812.8739689845713,10976491
2020-08-07,810.657470703125,826.4716318133721,809.0376695187394,826.4716318133721,8010948
2020-08-10,811.041015625,815.6872378870407,805.8833046142795,808.9523932066882,5716319
2020-08-11,808.56884765625,820.1204295788674,806.5654037443816,809.8050063195817,6802442
2020-08-12,814.1101684570312,817.3923342591754,803.2405894056235,808.1851718223195,6908726
2020-08-13,810.9132080078125,825.6617240082926,808.398275468109,813.9822447126891,5097703
2020-08-14,812.959228515625,820.9728996474734,811.6378391357582,814.8773894961097,4663873
2020-08-17,816.2839965820312,829.0291200424026,813.385421629355,813.385421629355,9008210
2020-08-18,824.8518676757812,826.2585399271599,817.307121685347,821.7402154117917,6141761
2020-08-19,817.818603515625,828.2619247087329,816.241469699841,827.7078205185552,6622744
2020-08-20,814.2807006835938,823.1042207137014,810.998482772952,817.4776357718137,5656501
2020-08-21,808.8672485351562,821.3566299550907,806.9490873498494,821.0156027087664,6513773
2020-08-24,807.6737060546875,811.595258971633,800.683064215679,807.3326788299753,5798574
2020-08-25,799.7451171875,808.7392012467311,795.9087957708024,807.7587871824217,6233918
2020-08-26,810.5721435546875,813.5133339478789,800.0009771421063,802.4306267523615,5153601
2020-08-27,807.375244140625,819.22523701272,805.7981103994258,818.415336429356,6154280
2020-08-28,797.3154907226562,812.0213899100028,795.4399453471472,811.1262586270263,7593610
2020-08-31,791.6463623046875,810.3164841198824,779.7111379199654,797.3156147008101,12808355
2020-09-01,779.3274536132812,797.1023898352681,777.5797543403642,789.64287549189,6907773
2020-09-02,787.7247314453125,789.7707905221844,778.7733140425248,780.0520879572088,5678118
2020-09-03,797.5712890625,809.3786662262877,787.7247402164828,789.8560300980209,8827948
2020-09-04,783.5900268554688,792.4135457935314,779.5831916341169,780.0520649823359,8650342
2020-09-07,788.6199340820312,790.7512241325386,778.3897418395961,783.3769917778524,6700385
2020-09-08,800.7681274414062,811.5950891423245,789.0460345047393,792.7971250578479,12891964
2020-09-09,790.9216918945312,806.4801083613328,789.4297889456599,797.1024326827127,5528947
2020-09-10,801.4076538085938,803.070070411996,788.4067848343019,797.3582028166012,5171884
2020-09-11,806.2244262695312,813.4281971859399,793.6924301240407,797.0172634803677,6671903
2020-09-14,834.1016235351562,844.885919046928,808.4408623049452,815.8577614521076,21871587
2020-09-15,837.5543212890625,847.4008702906807,828.3471592620098,835.0393887824163,11608203
2020-09-16,854.0078735351562,857.3327066338223,837.1706831160703,840.5807469984169,10059251
2020-09-17,861.8936767578125,870.4188367653081,848.2534207458194,848.2534207458194,15628241
2020-09-18,854.3489379882812,868.5432982973871,851.7487225378605,861.8936838435625,12897633
2020-09-21,860.9557495117188,878.9438125438091,852.9420799709807,853.3683378820107,14140637
2020-09-22,858.9097900390625,871.6975288485771,845.0137909394118,860.188563920014,12625762
2020-09-23,869.3531494140625,884.0590497105984,859.4213176757776,869.6941766111281,13486204
2020-09-24,831.544189453125,860.1887083837423,826.9405818951735,855.0736120008855,14427432
2020-09-25,862.2772827148438,865.2184731991076,831.2030654016025,831.885067766525,13311078
2020-09-28,861.3821411132812,866.2841078509341,851.2371804428481,865.133180092462,8554526
2020-09-29,860.1885986328125,876.3864017785245,856.0112496397511,867.8612422281498,8708463
2020-09-30,859.5492553710938,872.9337669524186,856.7785783763444,860.188642369882,8048817
2020-10-01,867.5629272460938,875.1076730243029,862.5330620383229,870.0778078165321,5563358
2020-10-05,894.0333862304688,899.3190472714516,867.9038050124446,867.9038050124446,14212509
2020-10-06,900.043701171875,903.666893906879,879.2422914798864,899.404314218639,9090819
2020-10-07,909.2509765625,913.8971471108864,882.7803132773535,890.7939844478612,9284008
2020-10-08,932.3966064453125,958.227880070405,927.878334575502,929.2423392141828,21482613
2020-10-09,943.5647583007812,949.1061123470237,927.9210063167188,933.5902585774076,10567867
2020-10-12,965.1332397460938,971.8681362404349,948.082921566437,957.3753657877267,14633537
2020-10-13,987.0430297851562,994.0762865240634,968.0745494893155,968.0745494893155,17523825
2020-10-14,969.310791015625,993.096010658677,964.2809252884425,990.6236931927496,16649573
2020-10-15,944.80078125,1011.0838949357095,931.3736553265284,1005.9687993458155,44288251
2020-10-16,961.2117309570312,968.4154490877811,935.1247637728168,949.5748674584532,18365685
2020-10-19,959.8477172851562,971.0156552814246,950.8110691380568,967.6055915227543,12902123
2020-10-20,969.737060546875,975.8751348198377,946.2928678743132,953.8802819526327,10448776
2020-10-21,978.9867553710938,984.1018515152196,967.6056872637935,972.8486816249018,19811433
2020-10-22,962.5330810546875,987.2133737722422,958.0573727539066,973.5731199031957,11271335
2020-10-23,967.229248046875,978.0001750852589,965.2043348006257,976.2768267591174,9069862
2020-10-26,958.5695190429688,973.3472541103715,950.5560112802327,967.0139691342987,6309368
2020-10-27,939.9572143554688,956.1997508535874,928.1523207142468,952.7530542944182,10172479
2020-10-28,927.6353149414062,951.9344830247945,922.0344331675559,943.963997423546,7608392
2020-10-29,926.1704711914062,932.3314626144114,913.4607770383909,921.991372456026,6935616
2020-10-30,913.8916015625,933.7101074269049,906.7827896763548,923.7147081148677,8800386
2020-11-02,923.9732666015625,930.564989940065,905.7057108486894,917.683003004685,7183119
2020-11-03,915.5718383789062,930.0910256311878,911.2203421886147,923.7146163841087,7204782
2020-11-04,942.62841796875,961.6283755268847,919.2340483571605,920.2680152891693,15702690
2020-11-05,951.288330078125,967.6601401066434,946.9799590179886,956.3722289660541,9568890
2020-11-06,958.8279418945312,966.0229002463029,940.6896583675481,954.7349895476437,8807127
2020-11-09,979.3357543945312,987.4785326817189,966.0659520283349,973.0886170804454,10160320
2020-11-10,940.129638671875,959.7757464994585,928.884748758151,959.7757464994585,15622869
2020-11-11,967.229248046875,970.5466725377303,936.6398152578646,944.394882725501,12514800
2020-11-12,963.13623046875,984.0318275064304,959.6895340501636,972.054536414877,9180976
2020-11-13,968.694091796875,976.2768668169616,962.4900796421414,965.0751022374202,6363212
2020-11-14,976.6644897460938,982.0069324037593,974.6395766000105,979.7234749476104,1136144
2020-11-17,968.2632446289062,986.6169469384652,958.7418079462105,986.4015283910987,12813968
2020-11-18,956.9322509765625,976.0182488846101,949.0909322143051,972.3992595980534,9839468
2020-11-19,945.041259765625,960.5082709059944,942.4993627319201,947.8417011554023,10092343
2020-11-20,950.72802734375,955.5965066880062,940.1725203943108,953.0114845779394,8063554
2020-11-23,982.17919921875,986.4445491132277,949.5217298792085,952.1498779511036,10546363
2020-11-24,982.3519287109375,995.1477723435493,976.5786471969084,986.6171748601874,8515426
2020-11-25,961.3267822265625,985.3243861608058,957.5353949463887,979.7235042106132,8958701
2020-11-26,959.215576171875,965.0318764082738,946.3767160942049,965.0318764082738,10962256
2020-11-27,947.8416137695312,965.936771850586,940.0865460205079,963.3517492675782,25306145
2020-12-01,980.4559326171875,982.5239716607196,952.1930829717004,952.1930829717004,8933802
2020-12-02,983.0839233398438,988.727825133926,965.9365890801373,977.1383514869542,6741637
2020-12-03,970.6328735351562,988.3403206566016,967.4015952418151,988.3403206566016,16212632
2020-12-04,977.6985473632812,979.7234604794616,960.7666301095862,969.3833711868023,10564055
2020-12-07,985.3245849609375,993.5104910012775,978.8620275606689,988.5989894510149,7792141
2020-12-08,993.8118286132812,1005.573701427874,986.6168707240066,986.6168707240066,12308330
2020-12-09,1012.639404296875,1016.3446451619873,996.9569770686047,1006.4785183617317,10039346
2020-12-10,1006.2200317382812,1009.5805821041114,990.925314921022,997.3017249409595,9488782
2020-12-11,1002.2991943359375,1009.8388421338968,995.4489278391475,999.2833352167537,10574009
2020-12-14,1003.462646484375,1010.3990600945316,989.3741903626923,1007.6417449625785,6728187
2020-12-15,994.8889770507812,1002.7301909718936,992.6486452425828,996.0953419274529,6905926
2020-12-16,1004.4533081054688,1007.2107279295527,994.0270740706538,999.5418085340106,7788404
2020-12-17,998.852783203125,1007.2110868292062,996.2677603633811,1004.6260639894623,6658153
2020-12-18,1025.219970703125,1029.7006343182745,1012.9841343643415,1019.2312721039293,15995676
2020-12-21,1014.4489135742188,1042.4101947655447,992.6916435450144,1023.6687839483093,10858352
2020-12-22,1051.67333984375,1054.559927318439,1013.4149851000539,1018.4988838142667,10901851
2020-12-23,1079.7210693359375,1084.7187173763107,1060.3333967662916,1066.7528284987432,15878346
2020-12-24,1065.0723876953125,1077.0065537760643,1056.4125203121318,1077.0065537760643,7313885
2020-12-28,1068.734375,1075.3692231651512,1065.029134480871,1067.1401938466497,4607051
2020-12-29,1077.3511962890625,1080.9270597457682,1064.167540154912,1064.167540154912,6878105
2020-12-30,1074.33544921875,1079.9363315947858,1066.881946250596,1079.6777872573402,5194690
2020-12-31,1082.090576171875,1084.3309082075723,1067.614406551476,1071.0611035863476,7430470
2021-01-01,1086.0972900390625,1090.4487871704575,1082.0905888370053,1083.9000837645226,4253550
2021-01-04,1110.0518798828125,1111.5598098574253,1086.700528170064,1093.4646501620718,7208454
2021-01-05,1114.8341064453125,1119.3147701487244,1098.677715421226,1104.6663089535523,8145280
2021-01-06,1104.75244140625,1121.8997785672482,1092.6459823290795,1120.1764302130741,7161715
2021-01-07,1087.56201171875,1118.1514429822316,1081.8318577831321,1116.729659647104,10954918
2021-01-08,1130.6026611328125,1134.6525928560131,1101.435011419496,1101.435011419496,13186251
2021-01-11,1185.8360595703125,1191.997051488517,1154.6434938259667,1156.452988712158,20528626
2021-01-12,1182.0015869140625,1187.3870506780231,1171.8769150378166,1187.3870506780231,8309868
2021-01-13,1195.271484375,1200.1399650362782,1171.8770069132547,1183.8111745128651,14442997
2021-01-14,1180.9246826171875,1192.5572862037122,1136.0744911596446,1171.8771020498905,27521697
2021-01-15,1158.90869140625,1175.7113385699836,1154.6434461232384,1171.8769303937345,15018441
2021-01-18,1130.5596923828125,1154.6434445439536,1125.3465213241816,1152.920096119261,8861765
2021-01-19,1134.523193359375,1146.8881953147215,1130.5163878684557,1137.4097804774099,5585744
2021-01-20,1154.16943359375,1161.8814805840243,1137.883875806407,1137.883875806407,8225838
2021-01-21,1154.385009765625,1172.781840093079,1150.3351826571766,1163.260297069055,6142421
2021-01-22,1155.3758544921875,1168.430239935515,1143.0539762822382,1143.4416876065104,9646591
2021-01-25,1141.804443359375,1161.4506568831903,1131.3782067409234,1158.951780705668,6542611
2021-01-27,1121.0380859375,1143.9155770365226,1107.3374457103669,1137.0652043305388,8133665
2021-01-28,1099.6685791015625,1117.1174817647845,1096.5235523990264,1113.1107808566571,4660690
2021-01-29,1067.6572265625,1112.5504215473718,1060.7207086924936,1108.328197851925,12183519
2021-02-01,1086.4849853515625,1101.176466884617,1069.3376482785413,1077.566678701436,8880279
2021-02-02,1095.4033203125,1115.351098962238,1088.8114916842712,1102.9429695181907,6892490
2021-02-03,1106.9498291015625,1123.6232045430509,1096.911303208055,1100.918109445273,8182968
2021-02-04,1102.3828125,1114.4893764883388,1096.0926542603552,1107.251292527457,5032240
2021-02-05,1096.1358642578125,1110.4827624979573,1087.4329747991637,1108.4578489146597,5477481
2021-02-08,1123.2353515625,1128.7931076138423,1099.0653501995846,1107.6820914790796,6921922
2021-02-09,1124.9588623046875,1147.7501042069305,1118.3239074502417,1126.1221015084686,7965949
2021-02-10,1117.16064453125,1123.924766232091,1106.0450258741864,1116.5575146413062,5951207
2021-02-11,1113.8431396484375,1116.7297270881256,1105.5710886329,1110.6980078831743,4673317
2021-02-12,1128.62109375,1140.6414087312423,1121.5122804377938,1124.485014839865,5797875
2021-02-15,1128.4915771484375,1144.6479675405958,1126.2942659811706,1137.4098836079422,4363513
2021-02-16,1111.9044189453125,1137.194535910987,1108.113031393468,1132.2399092154096,6896421
2021-02-17,1104.063232421875,1115.4372901782608,1098.6346427016474,1111.9044468739928,4575741
2021-02-18,1113.6707763671875,1125.3465038369814,1098.6346036693349,1099.4962778682911,6437551
2021-02-19,1112.6800537109375,1119.7457408210937,1100.1857764951576,1116.816027195596,5389696
2021-02-22,1090.1900634765625,1127.5437210322782,1085.7094000898064,1115.8679945367455,7371303
2021-02-23,1091.18115234375,1112.42144338809,1083.5984821457366,1095.3172307680072,6612942
2021-02-24,1098.0316162109375,1100.0134040146577,1078.8162370081768,1085.7527572833285,4537258
2021-02-25,1098.246826171875,1119.960972603115,1096.0495150230138,1110.2240126677355,8788221
2021-02-26,1079.936279296875,1098.0314368662373,1072.5689230697005,1093.4645216914641,15132388
2021-03-01,1091.7413330078125,1106.8206331874785,1084.8479386399652,1088.5531801866234,5756286
2021-03-02,1124.0538330078125,1128.7930404294627,1102.253436794291,1104.881584802045,10461434
2021-03-03,1157.7025146484375,1160.675248824271,1127.0699520877108,1136.7206618970913,9056399
2021-03-04,1146.3282470703125,1175.194332673044,1142.4938389671688,1150.3350531237788,12041941
2021-03-05,1134.5662841796875,1154.643333469925,1124.527864719399,1144.7340809811906,6486176
2021-03-08,1150.9813232421875,1159.8996302572925,1134.9972246111543,1141.5460327392925,5119392
2021-03-09,1159.42578125,1163.6479007526516,1136.33287023034,1145.5958680350614,6518173
2021-03-10,1178.899658203125,1183.9404315800884,1167.568620663042,1169.205822791716,7925984
2021-03-12,1184.6728515625,1199.1920420055471,1180.5368781687152,1183.078775196619,9462061
2021-03-15,1183.5955810546875,1189.0241702261578,1170.5843225404135,1180.4935751787755,6658635
2021-03-16,1192.55712890625,1211.5139618801932,1189.5412691149409,1194.323603143668,9352771
2021-03-17,1195.1422119140625,1206.3439774186643,1190.8338405661386,1199.6660018293824,7626744
2021-03-18,1152.1446533203125,1200.9585220891945,1131.809161445135,1200.9585220891945,10961755
2021-03-19,1158.477783203125,1167.740780430042,1135.6865437280399,1146.026633655761,12767112
2021-03-22,1181.1829833984375,1185.663646967112,1151.2828268647472,1163.346265133308,4862758
2021-03-23,1181.8292236328125,1191.9107691234879,1171.5321544195988,1182.6046462206853,7165335
2021-03-24,1166.491455078125,1180.8813722284217,1160.028898540296,1170.0242982818368,6134303
2021-03-25,1149.3009033203125,1165.4141661686415,1143.958461037334,1160.4595403235624,8749994
2021-03-26,1151.369140625,1169.033463514783,1147.7501506922524,1158.6933720671052,4922071
2021-03-30,1193.6773681640625,1206.3439374331733,1151.326058180779,1160.5890562717839,10546381
2021-03-31,1178.813232421875,1196.0035877365226,1174.7202806626901,1190.8335434091314,8220987
2021-04-01,1193.5909423828125,1199.1056777574358,1181.3552120200663,1189.1102790573973,5675155
2021-04-05,1214.874267578125,1227.8855247330691,1195.1419107401873,1198.5886069499645,9479572
2021-04-06,1215.8653564453125,1228.747342967001,1211.9015711911009,1226.162320506341,5793571
2021-04-07,1232.366455078125,1236.4594077151494,1212.030964065878,1215.17609607656,5879234
2021-04-08,1240.6815185546875,1250.8923363163185,1224.4389816715218,1232.1940491134949,5654434
2021-04-09,1241.7156982421875,1253.7360117447722,1232.23728165855,1253.7360117447722,6052712
2021-04-12,1228.5318603515625,1273.1666212515227,1219.2688636839985,1270.107636092024,20384532
2021-04-13,1203.8880615234375,1236.7178256509376,1184.8019580352127,1234.7790588105163,14855206
2021-04-15,1172.523193359375,1177.3916737330917,1137.4099689394636,1148.0086039057906,25342491
2021-04-16,1166.491455078125,1181.226062947407,1160.3304634750934,1176.1852898848683,10879878
2021-04-19,1174.07421875,1188.851847075062,1148.0515948995885,1154.6434235411007,12508028
2021-04-20,1164.4232177734375,1188.2485265249893,1156.711277024742,1188.2485265249893,8560766
2021-04-22,1164.2080078125,1176.013007638109,1159.0810883205606,1168.0425211701513,6622446
2021-04-23,1149.3009033203125,1161.8813235595494,1146.8881738783452,1157.2282625985106,7316262
2021-04-26,1157.7025146484375,1164.3804902819847,1138.2717176665642,1147.9655532636489,7088606
2021-04-27,1161.967529296875,1165.8450627650514,1154.772571565113,1159.813344036777,3636115
2021-04-28,1168.4302978515625,1171.446157764896,1158.607190239735,1170.1536463734674,4879234
2021-04-29,1168.731689453125,1179.6318882743649,1164.4664445679937,1178.7702141412208,5412357
2021-04-30,1167.008544921875,1183.854319239692,1159.727439299612,1160.0721300500113,8354677
2021-05-03,1165.026611328125,1172.7385531266991,1152.920047085616,1155.3327768515082,4560337
2021-05-04,1145.5096435546875,1167.5253551205797,1140.9427284558226,1166.706806746648,4887060
2021-05-05,1155.9359130859375,1158.0039521560068,1144.1310188875818,1155.5912223767866,3939788
2021-05-06,1173.25537109375,1175.926539624651,1152.4029010572472,1158.9516028318233,4810090
2021-05-07,1165.45751953125,1183.1218412109477,1161.9676968327874,1176.4438659417935,4991435
2021-05-10,1154.255615234375,1165.7589437563593,1150.3780816751782,1163.1307956034163,7195348
2021-05-11,1146.586669921875,1155.5049758799562,1141.804336560745,1151.972133083135,6420988
2021-05-12,1143.441650390625,1146.0266729612142,1132.6707230131701,1146.0266729612142,5241898
2021-05-14,1134.307861328125,1143.3123140362059,1129.913344241812,1143.3123140362059,4824609
2021-05-17,1145.5096435546875,1150.2918720076307,1137.6684297752622,1137.6684297752622,5017129
2021-05-18,1154.643310546875,1158.6069904267122,1145.5957323672167,1152.9199623221782,5620150
2021-05-19,1152.058349609375,1169.6795440720994,1148.8270715158558,1156.3667204007338,4435878
2021-05-20,1154.0401611328125,1162.4845041794445,1150.334920438742,1161.88137438498,4490092
2021-05-21,1167.1378173828125,1169.7228402341586,1160.1151509330189,1161.1060973963379,4969733
2021-05-24,1161.579833984375,1174.4618199428319,1159.0378322316353,1168.990210343967,4225371
2021-05-25,1173.25537109375,1178.7701060772745,1167.094380569613,1170.153365535774,4099340
2021-05-26,1203.9742431640625,1206.343847149535,1173.6433542239515,1178.6841271197163,6850024
2021-05-27,1208.282470703125,1220.3459077434843,1199.1917671452106,1209.9626930741028,15365391
2021-05-28,1210.695556640625,1218.4074998023486,1202.9835082940467,1214.7453839083175,4261312
2021-05-31,1213.9178466796875,1220.667883136561,1204.5548928846692,1220.667883136561,4429904
2021-06-01,1208.2130126953125,1220.232475755332,1200.7662615923773,1219.3615032530086,4791325
2021-06-02,1200.7662353515625,1212.3501055873878,1188.877439690679,1202.5952563024946,9272276
2021-06-03,1210.3470458984375,1218.4906181150707,1199.3728128462976,1208.9969958950846,5115645
2021-06-04,1206.863037109375,1216.6614775007154,1199.895257275533,1214.0920448950565,4194328
2021-06-07,1210.3470458984375,1212.3938101616714,1199.5905559874905,1211.5228375969002,5154576
2021-06-08,1230.6405029296875,1238.3051031560915,1215.4856670818356,1215.8775621634632,7360630
2021-06-09,1232.6873779296875,1241.1357683512133,1223.3679087192618,1231.0325089745763,5394317
2021-06-10,1240.5262451171875,1244.619773572991,1235.9100480756292,1240.2649108243102,3496575
2021-06-11,1260.2100830078125,1264.3036110722962,1245.011549675881,1245.5777030430665,6140828
2021-06-14,1273.1876220703125,1286.4263613244386,1265.9149167591186,1281.2005264104598,7132294
2021-06-15,1283.7265625,1285.5555837332015,1274.232939703031,1275.1039123207363,5403104
2021-06-16,1289.561767578125,1297.2698523733502,1278.1520499296114,1282.6810640692133,7661710
2021-06-17,1302.3651123046875,1308.7667383776072,1284.7714054916353,1284.7714054916353,7677951
2021-06-18,1309.3330078125,1320.2201641126776,1295.4845237346972,1314.2975085574267,13533974
2021-06-21,1306.7200927734375,1311.5104415545813,1292.6973503763622,1300.3619509541468,5454052
2021-06-22,1316.77978515625,1325.141100097342,1308.2878030729764,1314.9071729713455,6427862
2021-06-23,1309.202392578125,1328.2331212813588,1305.283016154672,1328.2331212813588,5529809
2021-06-24,1358.0203857421875,1366.3382162960427,1316.2137024706592,1321.2653858939264,10785137
2021-06-25,1371.0849609375,1374.3946991922826,1343.9106596031002,1369.168863834137,9780240
2021-06-28,1368.9947509765625,1376.267350793857,1359.2397942372882,1369.9527995556255,5019178
2021-06-29,1361.3736572265625,1370.605944791992,1358.020327926008,1359.5881210099008,5913567
2021-06-30,1376.83349609375,1385.7173738759964,1369.2124860237218,1369.2124860237218,6058722
2021-07-01,1359.0655517578125,1373.3930072922922,1357.8897601108913,1373.3930072922922,4814317
2021-07-02,1365.5107421875,1366.9477617714929,1343.562171167975,1357.8025504266625,5166064
2021-07-05,1375.2220458984375,1380.491472279574,1359.6317225292362,1366.6865788207563,4058338
2021-07-06,1360.63330078125,1382.015719815571,1356.1913619563304,1370.6494852954324,4089574
2021-07-07,1362.723388671875,1367.905738216782,1345.347531910408,1363.9863624372147,4797120
2021-07-08,1359.3704833984375,1372.6528155283918,1349.1365553638825,1365.6850347389075,3326813
2021-07-09,1361.242919921875,1367.3397273251671,1350.8783260723017,1355.2331885032247,3436594
2021-07-12,1348.134765625,1374.3946078178155,1335.854074613799,1367.9059052074665,4588982
2021-07-13,1345.6087646484375,1355.5814624040297,1338.0749384566736,1355.5814624040297,4456160
2021-07-14,1373.436767578125,1378.5755273818056,1339.6429868568807,1353.4914729990367,5657716
2021-07-15,1376.83349609375,1390.8125422016935,1355.2333335958833,1356.8882027607826,10021355
2021-07-16,1354.754150390625,1371.4768864021955,1349.6589824626813,1370.6929898779226,6265593
2021-07-19,1342.7783203125,1352.5332765373414,1339.1638693330044,1345.3912379284575,5669162
2021-07-20,1350.051025390625,1356.7138802520703,1339.5557637771587,1339.8170980665798,5069939
2021-07-22,1385.0205078125,1387.3286063361954,1359.936562140339,1359.936562140339,7854575
2021-07-23,1385.23828125,1392.2496529655537,1380.5351144285212,1383.5835184231282,4179719
2021-07-26,1396.952880859375,1403.7029180573702,1388.4173074229864,1388.4173074229864,4586710
2021-07-27,1395.7772216796875,1401.6562868940487,1391.727177712481,1397.9110620813844,5892859
2021-07-28,1398.4334716796875,1400.1754167381625,1380.9269451059924,1397.9979854150688,4686788
2021-07-29,1408.3624267578125,1410.9753440616303,1393.6429713489965,1393.6429713489965,4660873
2021-07-30,1402.7012939453125,1413.9368611216748,1398.9125846109287,1402.2658076696387,6234257
2021-08-02,1421.03515625,1423.8222255873973,1410.2785613387637,1417.4640841166172,5553389
2021-08-03,1441.6336669921875,1444.638585966481,1424.562626930286,1434.4917348838053,5513668
2021-08-04,1436.451416015625,1463.146744783546,1427.5675389174712,1453.7401991220645,6740391
2021-08-05,1440.19677734375,1451.0403436262031,1434.5354554748603,1436.6692958051754,5420536
2021-08-06,1437.2786865234375,1446.380412367593,1431.8786998912153,1443.2013416786763,3754855
2021-08-09,1448.6884765625,1452.3029270691816,1433.9690213207793,1446.6851974576966,5018477
2021-08-10,1460.838623046875,1463.233797417648,1446.7289110997303,1452.7821274360933,6846517
2021-08-11,1461.0999755859375,1466.7177057432823,1452.7821455937024,1458.7048011852285,4899639
2021-08-12,1471.59521484375,1477.6049467665491,1458.0080641834384,1462.493594127551,5659579
2021-08-13,1491.279052734375,1500.2501118966013,1473.0758127751071,1478.0403134331104,5612790
2021-08-16,1484.485595703125,1498.0291547007535,1472.030646043933,1487.3597412491697,4564109
2021-08-17,1516.92919921875,1523.2437495245933,1468.9386381583163,1484.0499890055655,9510390
2021-08-18,1509.787353515625,1528.9923411431014,1504.1696229872607,1505.9115681210037,6686090
2021-08-20,1509.351806640625,1519.8470681780625,1494.6759407419665,1494.6759407419665,6206972
2021-08-23,1514.403564453125,1526.9455907943864,1508.524499573149,1511.7906467286912,6189051
2021-08-24,1498.8128662109375,1530.2985404267783,1491.7144197309817,1524.201733492807,7602939
2021-08-25,1511.616455078125,1521.5019722788666,1496.330844263311,1496.330844263311,6153253
2021-08-26,1504.779296875,1520.718137753988,1498.072850479301,1510.2664667041324,5302248
2021-08-27,1488.31787109375,1504.7791665153063,1485.1822849945138,1502.427583260766,6698514
2021-08-30,1478.954833984375,1496.896845466197,1472.2918733754789,1483.3096963013163,6559667
2021-08-31,1486.2708740234375,1493.7177308949172,1468.3288630679174,1480.7838114569747,12255438
2021-09-01,1461.2742919921875,1488.927672275753,1457.2678392623277,1488.927672275753,7801974
2021-09-02,1471.15966796875,1475.688788882233,1448.1224872534362,1460.9257408190936,6830050
2021-09-03,1481.2193603515625,1485.835450675509,1467.0660576377923,1477.2129082319484,5339139
2021-09-06,1507.1309814453125,1508.5245163164989,1480.0872401693016,1485.1389236872342,4876026
2021-09-07,1486.4451904296875,1511.0501627608223,1484.13709211518,1506.7823763845429,3520341
2021-09-08,1474.774169921875,1481.393539587416,1465.8031107394431,1481.393539587416,4584896
2021-09-09,1473.337158203125,1476.2114101731731,1465.1065100560027,1468.3726571492882,3331674
2021-09-13,1473.598388671875,1481.9597033775865,1459.0530841826737,1465.8467121859994,4662374
2021-09-14,1468.5904541015625,1477.12592169284,1462.0145685181678,1477.12592169284,4945167
2021-09-15,1490.6258544921875,1493.8049254065334,1472.117688719493,1474.7741973936459,4062344
2021-09-16,1482.613037109375,1497.4195705979105,1473.2064909534074,1493.8920892094495,3246568
2021-09-17,1473.075927734375,1496.3308524712506,1467.1096806648243,1478.0404287798092,7454864
2021-09-20,1470.0709228515625,1487.3597058300793,1461.4482737789863,1467.5886724736702,5660743
2021-09-21,1496.72265625,1503.9517705576725,1467.2838494209095,1480.6532560868934,4672222
2021-09-22,1495.3726806640625,1514.5340753328271,1492.0194578610053,1495.4597566485802,4553892
2021-09-23,1517.7130126953125,1519.8468525678163,1499.0305907443167,1508.5242112592882,3826090
2021-09-24,1536.264892578125,1557.2989006716446,1526.3357843635558,1531.1697244858785,8280446
2021-09-27,1499.074462890625,1540.7504791781873,1496.4179540192567,1540.5327360352849,5045337
2021-09-28,1469.4176025390625,1489.3628929542976,1458.8788571335956,1489.3628929542976,6557197
2021-09-29,1473.9033203125,1481.8727405310417,1441.4595923280765,1445.1612257222725,7792548
2021-09-30,1459.052978515625,1483.2660547022504,1454.6110403673977,1483.2660547022504,6914031
2021-10-01,1450.2999267578125,1462.3192838563787,1446.9031126334762,1450.2563356034423,5733906
2021-10-04,1462.14501953125,1470.2015147989575,1450.517558435886,1456.7014416476638,2947154
2021-10-05,1474.3822021484375,1483.2224874376122,1448.427180676316,1455.3949602586436,4373310
2021-10-06,1457.6160888671875,1488.492021865943,1454.524093924005,1482.4822902737767,4271698
2021-10-07,1472.814453125,1484.3112472506546,1460.3160193905471,1469.3305632299673,5476108
2021-10-08,1501.426025390625,1508.0889867346034,1479.2598162798897,1485.2259570483295,4738376
2021-10-11,1472.77099609375,1506.7825168192749,1449.036994022464,1464.975834271688,8840633
2021-10-12,1467.7193603515625,1471.072583282753,1447.5563252906663,1460.6209130640477,7439300
2021-10-13,1488.6661376953125,1492.5420290685638,1463.277374662343,1477.1257522003684,7104171
2021-10-14,1494.3709716796875,1553.4664307761761,1479.0853627504664,1527.6856676824548,19655776
2021-10-18,1560.91357421875,1566.8797152948314,1515.4923316359125,1515.4923316359125,13438109
2021-10-19,1587.0423583984375,1597.7988461285693,1552.3341299931703,1579.9439121707412,10324260
2021-10-20,1569.7972412109375,1609.5571565198998,1562.5682333583247,1593.3570895202022,5876115
2021-10-21,1527.3809814453125,1579.9441517799685,1521.4583257794832,1579.9441517799685,8779629
2021-10-22,1497.8983154296875,1535.698431004061,1486.749826632905,1524.114562344771,7369809
2021-10-25,1487.229248046875,1506.564796489911,1469.5048712675496,1499.858350257659,5905209
2021-10-26,1497.0264892578125,1517.1485436893581,1490.1727607226414,1502.6062654350915,5871709
2021-10-27,1519.21337890625,1523.782638320306,1494.785823536902,1501.7713769207796,5090259
2021-10-28,1497.202392578125,1515.5230879740864,1486.789920282188,1510.7781326616437,5329972
2021-10-29,1465.4375,1504.8467856229756,1459.5503108556832,1492.8966047069405,5875091
2021-11-01,1493.819580078125,1500.1021387146209,1472.6870058541763,1474.0050431505852,3636806
2021-11-02,1491.93017578125,1499.4429230262488,1481.7812470277015,1489.3819492239559,3471772
2021-11-03,1495.9722900390625,1509.1086851583352,1492.8968697658545,1501.6837848321632,3530713
2021-11-04,1501.4200439453125,1508.713225915456,1498.1689284716672,1506.955843008158,483407
2021-11-08,1526.7264404296875,1529.8018605974596,1496.4115844902203,1520.1362543558903,5245903
2021-11-09,1531.119873046875,1537.710059014078,1516.621463919028,1524.3100142140984,4016134
2021-11-10,1529.0548095703125,1538.5446120128352,1513.0625622726295,1516.6213052274068,4780368
2021-11-11,1523.03564453125,1528.7031604047386,1501.6834034382516,1522.7280167723425,4731349
2021-11-12,1564.2464599609375,1566.5750137314162,1527.2097015420263,1531.5591812690018,5069009
2021-11-15,1570.353515625,1581.6446798033896,1560.116738328288,1565.916080701805,4354074
2021-11-16,1574.8785400390625,1589.5086651188797,1561.4345195600592,1572.8575070413654,6034233
2021-11-17,1570.6168212890625,1583.4018234229952,1564.6856546363958,1575.0982330141132,4732492
2021-11-18,1563.54345703125,1572.3742410091222,1545.618131495533,1565.476535154988,4326924
2021-11-22,1545.9696044921875,1568.8155799150782,1538.7204007522319,1567.5853905552658,6621839
2021-11-23,1526.1990966796875,1535.293531113381,1502.5622768372482,1524.6174092729004,8436160
2021-11-24,1490.2606201171875,1529.3623875671963,1483.2310888902196,1528.9230418655106,7333061
2021-11-25,1513.4580078125,1516.7969705965193,1491.0952485220696,1493.7753000534872,4476260
2021-11-26,1486.4383544921875,1509.8993723813282,1479.716343711144,1496.0161123736239,4494181
2021-11-29,1490.568359375,1504.3199033080202,1466.6679926011343,1485.8673811295923,3942776
2021-11-30,1504.890869140625,1520.0482960069558,1493.8193787950365,1497.7734901514705,14808963
2021-12-01,1506.8677978515625,1530.5924639911489,1505.198262855981,1506.9556455329875,5193264
2021-12-02,1536.1722412109375,1538.1492968624316,1503.748507074007,1506.9557521388576,5559574
2021-12-03,1525.0128173828125,1569.913923973845,1522.3767433293804,1556.2502305587047,6754012
2021-12-06,1489.6456298828125,1523.6069679725288,1486.3065595311832,1520.1361797156055,3991449
2021-12-07,1504.0120849609375,1515.6547454589877,1488.5031610337503,1494.741848225563,4202122
2021-12-08,1540.6534423828125,1546.3210658935589,1522.4205970441287,1522.7720950332034,3029169
2021-12-09,1549.5283203125,1554.7565985466379,1530.680432518433,1545.6181864523098,2082171
2021-12-10,1545.8377685546875,1549.7918796579963,1534.1951080838337,1546.4967870719056,1823469
2021-12-13,1533.009033203125,1556.470051607841,1527.8687097618824,1552.6917427954177,4040584
2021-12-14,1539.5992431640625,1549.1330239292365,1502.869897706602,1520.927049880741,4768144
2021-12-15,1523.8265380859375,1535.9085444800232,1512.4035502224383,1533.3164478312353,3053149
2021-12-16,1556.689697265625,1561.9618457823942,1544.7395154133753,1548.8254519662987,4481031
2021-12-17,1599.96533203125,1618.5496779619054,1587.575803831527,1599.2184657386906,18887243
2021-12-20,1580.6778564453125,1607.697614867699,1570.4850584603494,1583.1381278143033,5773891
2021-12-21,1591.83740234375,1615.0348779738215,1582.5232944672757,1582.5232944672757,5353584
2021-12-22,1603.34814453125,1607.2583855937914,1592.496327262333,1603.6117948544356,4156428
2021-12-23,1632.2572021484375,1635.7719679184652,1605.3692654601534,1609.103704090808,4112933
2021-12-24,1637.44140625,1648.2053757839751,1629.0938380399784,1645.744996985642,3780347
2021-12-27,1639.7698974609375,1647.1069488401015,1621.2295312790468,1634.3659241624905,2647733
2021-12-28,1658.9693603515625,1665.9110438520706,1650.5339443784728,1652.5548702377228,3340933
2021-12-29,1656.816650390625,1664.0658546078334,1648.7766024427483,1655.0152900742216,3236635
2021-12-30,1663.2310791015625,1678.124963441618,1646.9752873799528,1655.8940269931556,4584738
2021-12-31,1658.749755859375,1668.0638636147924,1644.6028452130947,1660.7268115874554,4619420
2022-01-03,1668.1514892578125,1681.8591596242486,1658.7495350628487,1658.7495350628487,3329616
2022-01-04,1668.7669677734375,1675.3571539606305,1650.1826212731244,1668.1518193720126,3921999
2022-01-05,1620.878173828125,1672.061949815919,1616.7922372110065,1669.5137232070176,6995719
2022-01-06,1597.2852783203125,1606.2478877431283,1581.6445284122708,1606.2478877431283,6449205
2022-01-07,1594.2098388671875,1613.2773992100788,1587.619653412898,1595.2202481604722,4834389
2022-01-10,1626.2381591796875,1643.065121465988,1593.0675577969869,1594.8249406516995,7857560
2022-01-11,1630.4998779296875,1643.1530566094832,1625.7110523005758,1629.9726844976424,5142287
2022-01-12,1649.6990966796875,1659.848025074008,1634.3659749272922,1642.1863497006073,5362535
2022-01-13,1666.701904296875,1680.497316486841,1639.9456865869017,1673.9071309319909,14277630
2022-01-14,1695.3033447265625,1698.5105900038816,1652.8186341424216,1653.697325601296,7688506
2022-01-17,1704.2218017578125,1716.8749781188799,1696.3135799399108,1703.3870879152166,5262464
2022-01-18,1687.74658203125,1709.0548494342218,1679.574708740925,1688.9327940218743,3690315
2022-01-19,1640.560791015625,1683.5726913474412,1636.8702228464153,1683.5726913474412,5747770
2022-01-20,1602.469482421875,1623.8217266018507,1595.2642557606387,1620.3069609598556,5533463
2022-01-21,1569.0792236328125,1588.6740851767383,1560.5559597753802,1577.2510967324367,8252758
2022-01-24,1526.111083984375,1554.0973802762983,1518.378557683914,1550.8901355972848,7116712
2022-01-25,1513.238525390625,1528.9231465624146,1494.2148337525207,1517.1486594985286,9137653
2022-01-27,1474.97119140625,1502.2984693222904,1463.0210112055836,1495.5325892323744,11231734
2022-01-28,1481.6492919921875,1517.983264646861,1475.7621029294125,1477.0801399370898,10998502
2022-01-31,1525.5841064453125,1537.270746047761,1507.2634105184352,1509.591964395572,8788872
2022-02-01,1557.085205078125,1564.0707591029711,1524.265994070383,1551.856926666537,5119935
2022-02-02,1570.309326171875,1575.3179313391013,1557.041107934789,1571.978861227617,4253717
2022-02-03,1527.6490478515625,1563.1920737397209,1523.6509588896436,1563.1920737397209,3832922
2022-02-04,1529.8895263671875,1541.180689045186,1502.694071308099,1521.8934563342548,4700077
2022-02-07,1506.955810546875,1521.8935649371356,1489.733479878767,1513.2823459720125,4310209
2022-02-08,1508.976806640625,1515.7426876167267,1490.2606366365032,1502.5623164200595,6053401
2022-02-09,1526.550537109375,1531.5590349384013,1515.7425905156294,1524.5295040838362,3867244
2022-02-10,1554.9322509765625,1558.7106668309207,1536.611557080806,1542.6745490801131,4334630
2022-02-11,1512.535400390625,1534.1511870988509,1505.1983487478708,1528.9230162412698,7551371
2022-02-14,1478.134765625,1510.0752867515978,1474.6639771818056,1484.9886020779093,7459637
2022-02-15,1527.38525390625,1534.8541304534688,1485.383764065274,1492.896618085269,4669915
2022-02-16,1523.03564453125,1542.4985706502596,1517.368021395642,1527.385123479544,5350642
2022-02-17,1515.56689453125,1536.8311824527893,1511.612783427169,1532.4377256704772,3937950
2022-02-18,1499.8822021484375,1513.5458959572875,1496.850759804493,1502.5622537515017,5602215
2022-02-21,1520.7510986328125,1526.550547436766,1486.3064401172699,1494.6540080635389,5120890
2022-02-22,1523.9581298828125,1538.588360473951,1485.9108635670243,1493.6872595847296,8878515
2022-02-23,1531.42724609375,1544.9591147620647,1523.123655479762,1537.7099108964103,5478811
2022-02-24,1474.5760498046875,1506.9118301831932,1467.8540388895212,1485.0763695246333,13592379
2022-02-25,1489.0302734375,1518.5104098119332,1473.5653278239133,1506.9555976255285,9737281
2022-02-28,1507.4830322265625,1518.4228051512885,1463.0212662482625,1478.1347163040493,15076542
2022-03-02,1496.2357177734375,1506.4285162813565,1485.8671166330619,1502.5622527750063,6771489
2022-03-03,1512.095947265625,1523.5629119775879,1498.6520343318016,1511.5247764511598,7344147
2022-03-04,1514.2489013671875,1525.408239012716,1477.0802130071288,1489.6015651994855,9074499
2022-03-07,1528.7911376953125,1538.5885677889987,1490.2605431011661,1491.1392344591268,9742588
2022-03-08,1562.489013671875,1581.644529208251,1509.9872022162124,1509.9872022162124,10984500
2022-03-09,1593.3751220703125,1609.411241059636,1573.7363895823908,1573.7363895823908,10193515
2022-03-10,1604.4024658203125,1620.9657753697693,1590.6069480556373,1620.9657753697693,6547182
2022-03-11,1600.9757080078125,1609.2354285026502,1591.310102745416,1593.9461769078878,4758657
2022-03-14,1661.341796875,1665.1202128221414,1609.367286068122,1609.367286068122,10289724
2022-03-15,1616.177001953125,1659.2767472197927,1608.0051297006162,1659.2767472197927,7140443
2022-03-16,1660.1995849609375,1664.1975665515567,1624.7004302568198,1638.7594929307566,5233979
2022-03-17,1629.6209716796875,1689.9871323532464,1610.6852372652634,1689.9871323532464,17731459
2022-03-21,1628.259033203125,1658.002713659227,1617.7586073153645,1635.2445864629065,8362085
2022-03-22,1658.442138671875,1660.7267148165508,1615.9134542580089,1625.579059476518,5709382
2022-03-23,1645.2618408203125,1669.5137026271,1631.7299714623814,1666.877628359794,6192824
2022-03-24,1657.8271484375,1664.7688324815458,1630.9831884689734,1630.9831884689734,3784303
2022-03-25,1648.908447265625,1664.2415698272353,1632.6086783204876,1662.4841869657494,3438588
2022-03-28,1646.579833984375,1652.7306737771728,1627.9076417562392,1639.6381504800765,4008555
2022-03-29,1657.2119140625,1660.1994861553353,1634.849261732521,1646.5797700005269,3917785
2022-03-30,1672.984375,1686.208722896825,1665.1201302185948,1678.3005006424887,7795839
2022-03-31,1675.53271484375,1680.9366885358509,1664.417246914596,1669.5137000617442,5399145
2022-04-01,1672.6329345703125,1678.564101084847,1650.4459783492766,1657.9587249104113,6171518
2022-04-04,1654.5318603515625,1663.362751461479,1645.788924187718,1660.5070045294929,7364074
2022-04-05,1635.3326416015625,1660.3753480101589,1631.8618532673324,1655.2790019404306,5472024
2022-04-06,1606.994873046875,1632.1694051083773,1601.1076831042346,1629.9726764339382,5407453
2022-04-07,1591.31005859375,1606.379636923527,1588.2786162958694,1600.1409496978658,5797544
2022-04-08,1594.4735107421875,1615.034912473109,1588.6741685263228,1601.854540499716,5131446
2022-04-11,1552.25244140625,1593.9463082740529,1548.737675566616,1593.9463082740529,8248407
2022-04-12,1531.075927734375,1544.3002774245751,1518.1592058721535,1544.3002774245751,6456184
2022-04-13,1536.4359130859375,1544.3001583273306,1521.8935272961232,1542.0594523193558,6257693
2022-04-18,1424.71044921875,1449.841005189607,1397.119514091803,1410.7392326254023,30523965
2022-04-19,1372.5159912109375,1438.110326839995,1361.9716942234015,1438.110326839995,17044923
2022-04-20,1395.098388671875,1402.6552210404843,1373.3947525064125,1383.9390500304542,10678747
2022-04-21,1422.42578125,1429.8067037193202,1396.4604056492583,1401.5128815545488,7766514
2022-04-22,1393.1212158203125,1415.3081733294175,1390.4412714487692,1409.728504477574,8134245
2022-04-25,1371.72509765625,1382.0058512029284,1365.5742579702844,1382.0058512029284,7000570
2022-04-26,1389.2110595703125,1398.8766646653621,1376.5140121457584,1385.8719894508067,5345435
2022-04-27,1364.4320068359375,1381.961856821622,1362.2791486149092,1381.961856821622,8819356
2022-04-28,1390.6170654296875,1407.4880056040677,1368.517954039761,1379.545574627146,9245177
2022-04-29,1377.3927001953125,1403.5337684574995,1371.4615334467492,1397.1192785504973,9831395
2022-05-02,1354.0633544921875,1364.387977733773,1345.2764410950936,1362.7624202077359,7072627
2022-05-04,1349.274658203125,1379.545534836563,1344.5297030639988,1359.5553049527848,6220959
2022-05-05,1392.857666015625,1396.5921043901596,1368.5178503702025,1370.8025337737408,6144870
2022-05-06,1355.68896484375,1372.3841009487683,1348.8352364842315,1361.9716296199067,6171472
2022-05-09,1379.8529052734375,1394.3074419742286,1337.5000261747937,1353.1846449249074,6832202
2022-05-10,1364.607666015625,1378.7985527649935,1358.5008040403675,1369.0011227639045,6212545
2022-05-11,1341.5421142578125,1361.9277121263535,1328.2299179037932,1361.9277121263535,7846080
2022-05-12,1325.7696533203125,1342.201139918884,1321.8155419424827,1330.3388057853947,7034979
2022-05-13,1321.9034423828125,1343.7389035215306,1316.3676433280884,1334.9959664754047,6723761
2022-05-16,1308.45947265625,1328.4497039979815,1299.2771895162246,1326.8241461984453,6145331
2022-05-17,1334.2489013671875,1340.0043728900273,1301.2541039526504,1313.555783441477,6516378
2022-05-18,1326.12109375,1361.7080974834491,1322.6942829038983,1337.3683872175263,6594126
2022-05-19,1254.0244140625,1304.5930382065774,1245.676846021442,1301.3419230322806,16561140
2022-05-20,1278.6278076171875,1288.8206063685275,1271.2028009563014,1276.7385996614764,10488908
2022-05-23,1290.2703857421875,1307.4927145622214,1274.1464210976928,1278.5837480095965,5887569
2022-05-24,1266.1944580078125,1291.2811433666081,1261.1419818568445,1290.4463220800299,5693167
2022-05-25,1239.3502197265625,1267.5123214901744,1229.5089191300704,1260.9221361098096,9630092
2022-05-26,1251.2125244140625,1256.528650069207,1236.3627261774936,1245.9843537049899,13040065
2022-05-27,1284.0755615234375,1289.0401890208304,1263.030946945637,1268.7863108351823,8284860
2022-05-30,1341.5860595703125,1344.3978291185176,1304.8567164973847,1306.6140992805463,10904213
2022-05-31,1335.192626953125,1347.9798088750379,1321.4731129690717,1341.4973856707466,16033857
2022-06-01,1312.9481201171875,1345.0935709100895,1307.2204739379727,1343.5395760270444,8738508
2022-06-02,1339.0997314453125,1344.2944932066457,1310.3286014773466,1317.78779937987,7205840
2022-06-03,1351.2652587890625,1380.8356080966064,1347.9797125984878,1354.1069147899177,9395707
2022-06-06,1358.679931640625,1364.4962472875359,1325.779597532186,1346.2035297111815,6624883
2022-06-07,1337.9451904296875,1349.622374002398,1334.304423990545,1349.622374002398,4904592
2022-06-08,1331.99560546875,1349.9331029298305,1324.89162890625,1349.9331029298305,4697608
2022-06-09,1345.315673828125,1347.0472249005495,1315.5677694893513,1318.675759494895,4361061
2022-06-10,1311.3941650390625,1326.6232286366903,1308.5525092706785,1319.6524730579197,6516436
2022-06-13,1264.951904296875,1281.9126277011962,1253.5854977400272,1281.9126277011962,6987685
2022-06-14,1279.204345703125,1286.6191002718645,1245.9932304081092,1252.0759892436106,6090247
2022-06-15,1262.909423828125,1284.3990185434857,1259.9346552426048,1278.8933715213977,4651958
2022-06-16,1240.7095947265625,1282.0459060881565,1236.0920528309707,1276.9399223929138,6641772
2022-06-17,1231.9183349609375,1240.4874196646322,1214.0251729542306,1235.2483238555576,9692047
2022-06-20,1255.76123046875,1263.0427639663321,1227.2120995273342,1234.3605201667415,4595194
2022-06-21,1287.5072021484375,1292.9239635578995,1263.3980557362647,1264.5080522709127,6270787
2022-06-22,1276.273681640625,1296.1203928082316,1274.2756884009718,1275.2081286053715,6253366
2022-06-23,1289.7716064453125,1294.700034710345,1272.5001027022802,1278.538527567716,6254281
2022-06-24,1279.692626953125,1303.1357725824364,1268.8591054568187,1294.6997999490238,6114340
2022-06-27,1309.4404296875,1317.7876236462766,1301.0489009150212,1303.6241140424631,4511097
2022-06-28,1314.369140625,1321.5618966121417,1290.2599938030853,1304.4679496880472,4412178
2022-06-29,1299.36181640625,1311.5717770934775,1293.8118342756918,1300.649368901304,5060038
2022-06-30,1298.1630859375,1316.01180739461,1292.035883778109,1300.9602987057103,9165177
2022-07-01,1313.7030029296875,1318.675765280758,1280.802665224558,1291.1478536823045,4651635
2022-07-04,1321.3397216796875,1325.1137094600226,1298.2517964352844,1314.4577439626057,4800224
2022-07-05,1310.639404296875,1340.8313086434368,1307.1318587687915,1330.9302267306132,7379669
2022-07-06,1324.5810546875,1331.9958096817759,1305.3558934881405,1316.189416047647,5209162
2022-07-07,1330.84130859375,1344.3832653678094,1328.1773170972135,1334.7041829822008,3323472
2022-07-08,1344.8272705078125,1347.0472634324174,1331.9513115451052,1345.3157123104625,3652582
2022-07-11,1308.153076171875,1331.9070008962192,1302.1590951666665,1327.5557930054122,4702638
2022-07-12,1277.4727783203125,1304.1126949058805,1275.164007229183,1298.0743788520106,4710356
2022-07-13,1282.6673583984375,1296.475756562151,1277.4725970808702,1287.5957856267937,5264025
2022-07-14,1268.8145751953125,1290.215282622801,1255.627840557895,1288.4837317181796,6157606
2022-07-15,1270.146728515625,1284.0439058847987,1252.6532276522264,1284.0439058847987,5620018
2022-07-18,1323.0269775390625,1326.3125236399783,1285.8643184329112,1287.5958695188904,5835171
2022-07-19,1317.9207763671875,1320.3183249209435,1305.4443750903895,1306.7320357862059,3418540
2022-07-20,1345.5819091796875,1354.9058777609023,1331.995511602117,1333.1055078617853,5079392
2022-07-21,1361.210693359375,1363.4750207876066,1334.7483380319422,1347.0915186497457,5008061
2022-07-22,1337.590087890625,1367.5155470877928,1325.0249071257533,1362.1875644368015,7020642
2022-07-25,1335.192626953125,1347.225032901467,1314.3246918354944,1314.3246918354944,7859626
2022-07-26,1288.6170654296875,1329.0209351127858,1283.1558613643324,1329.0209351127858,7268273
2022-07-27,1306.2882080078125,1308.019759034265,1283.1558396500427,1288.483822375233,4517285
2022-07-28,1347.44677734375,1353.7070916560501,1322.9824146761307,1328.7988388509684,6636841
2022-07-29,1376.1290283203125,1381.4570107879367,1356.8595350883038,1361.1219644216355,7009465
2022-08-01,1377.328125,1388.8276455859902,1365.6509399319816,1388.8276455859902,2983249
2022-08-02,1370.712158203125,1373.7313697062698,1357.1702038475848,1373.3318144123843,4374635
2022-08-03,1390.692138671875,1394.1553487975477,1367.4266596498978,1375.5074110110838,6011955
2022-08-04,1420.7066650390625,1424.214210429917,1398.5510710597634,1409.6954786756162,7402209
2022-08-05,1435.5804443359375,1443.6167525535413,1422.8377084210715,1428.254468715417,5361971
2022-08-08,1438.0225830078125,1440.3313538806547,1417.2434283560572,1435.8913682028474,3763409
2022-08-10,1422.970947265625,1439.6208933320956,1410.2282102223699,1439.6208933320956,4423829
2022-08-11,1438.5108642578125,1448.6340529159374,1435.0033190587033,1447.4352785059941,3462090
2022-08-12,1415.55615234375,1433.2273162748345,1412.0486071656317,1432.6057616654232,3562286
2022-08-16,1417.642822265625,1428.7872284070231,1412.8920598110092,1428.7872284070231,3004430
2022-08-17,1426.34521484375,1431.4511977140078,1407.4752781493191,1417.6428006795595,4067324
2022-08-18,1405.6549072265625,1419.1968624345182,1397.707376873584,1415.5560961565852,4635706
2022-08-19,1418.22021484375,1425.1466359156411,1407.5642491319722,1407.741913599355,4739884
2022-08-22,1399.1728515625,1419.9075651208868,1397.7076344592094,1408.3636011768147,3950555
2022-08-23,1369.646728515625,1380.3914715875098,1361.2995342191398,1374.619490522654,5551574
2022-08-24,1365.295654296875,1372.8436302718494,1359.5236726689532,1363.0756613630588,2888426
2022-08-25,1348.11279296875,1375.2410388101719,1344.2055841247086,1374.6194842114278,4331088
2022-08-26,1351.1322021484375,1371.9112502041487,1347.491326858414,1363.2089425597997,3079136
2022-08-29,1298.02978515625,1304.068208908207,1287.5958190364718,1304.068208908207,8079050
2022-08-30,1325.7352294921875,1328.5324420418817,1301.8037509629814,1308.1085087048089,6725875
2022-09-01,1300.2054443359375,1303.6686550621423,1288.5283679870784,1296.520342709969,8140604
2022-09-02,1290.259765625,1312.4596927692705,1285.819780196146,1312.4596927692705,5175653
2022-09-05,1297.6302490234375,1302.6917893036236,1284.3546268952266,1288.4838352280558,3669352
2022-09-06,1292.1246337890625,1305.3558130293177,1283.5554395953404,1297.6302811685841,3428442
2022-09-07,1294.388916015625,1301.5816704099107,1276.9841955904926,1278.715746471275,3600574
2022-09-08,1310.594970703125,1315.212512366536,1299.6725627710948,1309.7957516157421,4061475
2022-09-09,1342.341064453125,1349.7558198099607,1314.2359298149615,1321.3399078139614,4816910
2022-09-12,1364.14111328125,1372.7547502634757,1350.7768218512558,1354.9060300810474,5494819
2022-09-13,1371.9111328125,1379.0595531212691,1368.6700299824238,1378.0827779506399,4947158
2022-09-14,1310.1510009765625,1331.0632685678052,1307.1317890233854,1329.33171750544,14332197
2022-09-15,1272.3223876953125,1309.9733809599834,1268.9923983100107,1309.7958248853374,12784100
2022-09-16,1222.81640625,1265.395822315344,1215.0907667170163,1265.395822315344,20464045
2022-09-19,1234.5823974609375,1248.5239084132897,1225.9687606499624,1236.0919491545515,6595241
2022-09-20,1233.0284423828125,1255.2283703476603,1229.964787284812,1250.2554997650657,7219797
2022-09-21,1222.9940185546875,1233.250428524418,1215.1352658184694,1225.3472325735095,7917054
2022-09-22,1214.735595703125,1228.9435493746757,1207.6760620818068,1213.3148220155867,9168498
2022-09-23,1212.515625,1238.5784272088517,1209.4520782930736,1214.3360624565184,10426200
2022-09-26,1225.657958984375,1242.7074594125004,1203.2360329098556,1207.6760182711466,9414587
2022-09-27,1237.4683837890625,1248.967902705002,1223.6599857287542,1237.3794973619085,8561254
2022-09-28,1238.4896240234375,1248.390814263547,1222.7721172911329,1224.5481116517592,7022098
2022-09-29,1241.9971923828125,1251.9427167580907,1236.9799869799815,1247.547174377518,6119965
2022-09-30,1255.1395263671875,1260.3343964051253,1221.884076510353,1233.3835962258331,8120130
2022-10-03,1237.6461181640625,1253.8520673346413,1230.764139749159,1253.8520673346413,4943169
2022-10-04,1269.3031005859375,1271.8338706895042,1255.6279233059583,1260.689463513092,6631341
2022-10-06,1292.1693115234375,1296.298520707972,1282.3568978568205,1283.1561171180383,6180672
2022-10-07,1288.661376953125,1294.5665794796807,1278.8490738177404,1284.3546126015165,3994466
2022-10-10,1298.8289794921875,1300.9157509967636,1266.5946414154234,1266.5946414154234,5274677
2022-10-11,1264.3302001953125,1313.9248120732866,1261.0445461830916,1298.8288627361512,12824774
2022-10-12,1268.681396484375,1279.6925820570834,1255.2283273173289,1276.0518156752744,5481467
2022-10-13,1260.8673095703125,1276.8955948000812,1256.516101391175,1270.7240573079657,4821514
2022-10-14,1309.1297607421875,1326.6677039503666,1302.913780870934,1318.6757298301836,14990688
2022-10-17,1323.0711669921875,1327.5555954732513,1310.2396529236003,1311.4828704785755,4286396
2022-10-18,1335.28125,1341.7192292357881,1329.5537118322238,1340.875675315851,4692004
2022-10-19,1319.0753173828125,1336.3912617326525,1315.3902159447794,1335.54770780305,3553171
2022-10-20,1332.7947998046875,1335.5475689920102,1309.0852134280171,1309.7956544303293,4583939
2022-10-21,1332.4398193359375,1337.323804011944,1324.314623149871,1332.2622632524126,3594485
2022-10-24,1347.846435546875,1351.3540892842454,1341.7636768252662,1348.423655366755,982837
2022-10-25,1355.35009765625,1361.2108571850185,1350.6881126041244,1356.9484274924105,3914341
2022-10-27,1368.052490234375,1377.8823898027329,1357.7738493894442,1374.201834673,6760137
2022-10-28,1358.447021484375,1371.6431919026134,1352.8363861734367,1369.892717518689,3053981
2022-10-31,1380.35107421875,1388.2059642832278,1373.70805956196,1373.70805956196,4542336
2022-11-01,1412.084716796875,1413.8801201240165,1388.8342217938466,1394.1756124417263,4542692
2022-11-02,1394.400146484375,1411.8604013679294,1386.949178263202,1411.1871250678016,2938906
2022-11-03,1374.1568603515625,1385.9616594777258,1365.9877968987141,1381.3384738631173,3174027
2022-11-04,1359.120361328125,1364.9104934069014,1347.5849165055247,1364.9104934069014,4509682
2022-11-07,1353.2403564453125,1371.598421588422,1338.5629558638961,1365.7633606565107,4898592
2022-11-09,1356.606689453125,1372.5858226539308,1347.5399247059643,1372.5858226539308,3334755
2022-11-10,1348.3031005859375,1357.3250470132657,1333.0870997451718,1333.0870997451718,3435763
2022-11-11,1409.4814453125,1412.5336530698069,1388.4303838615199,1388.4303838615199,7214098
2022-11-14,1423.12646484375,1428.602422973989,1408.0001044253945,1414.014771210018,4908813
2022-11-15,1430.9364013671875,1434.3925307337452,1411.8602416877316,1416.438498094257,3497614
2022-11-16,1438.8363037109375,1444.4020103215976,1430.4876342122222,1433.7642672771042,4497697
2022-11-17,1425.0115966796875,1438.8362237690626,1421.0167586560885,1433.8090069491304,3469515
2022-11-18,1430.39794921875,1434.527355233414,1414.3290664394517,1428.8717905380126,3126064
2022-11-21,1407.775634765625,1425.4154934915452,1404.0502607137878,1420.2537091834579,3071764
2022-11-22,1422.9022216796875,1425.550398044472,1402.210152232661,1408.4940645666102,3399329
2022-11-23,1421.1964111328125,1429.1410489418556,1417.7402816433105,1426.3581957002846,3245067
2022-11-24,1463.0743408203125,1468.6400477795382,1422.6328335688406,1426.4480659668009,5282215
2022-11-25,1468.32568359375,1475.8214702395546,1448.710925020796,1464.5104516907584,4563255
2022-11-28,1457.3289794921875,1484.3497790755966,1454.276771758371,1461.4583854460668,3825766
2022-11-29,1462.4010009765625,1471.1086636498967,1449.8331771528563,1455.3539549520883,3131710
2022-11-30,1467.697509765625,1477.3927330102415,1448.127676332754,1454.2319828051793,11868134
2022-12-01,1487.5814208984375,1501.49579683449,1483.272518616262,1486.7734674759286,5407928
2022-12-02,1470.3455810546875,1491.8006727944214,1466.799593723397,1486.5939592971272,4283343
2022-12-05,1472.00634765625,1476.5846043633042,1457.2391986740056,1470.4353696971718,3824966
2022-12-06,1447.903076171875,1459.6629463817758,1443.100394052047,1458.765244692734,4822398
2022-12-07,1441.260009765625,1457.6879939155688,1433.3601913539392,1443.5042639072717,4898087
2022-12-08,1454.411376953125,1457.777758202631,1434.976113956099,1441.2600256218434,4206837
2022-12-09,1408.7633056640625,1461.4583510232733,1401.4020860579217,1461.4583510232733,8880658
2022-12-12,1388.923828125,1405.7557325970877,1373.528333834033,1391.4374363592497,8037679
2022-12-13,1411.321533203125,1416.1242146452848,1383.492784769525,1388.9238134722627,6135067
2022-12-14,1417.830078125,1425.9991416279158,1412.0847653639985,1420.164080614015,4976020
2022-12-15,1382.909423828125,1409.3916231159728,1378.1964900565588,1408.7632757795202,6443866
2022-12-16,1366.4813232421875,1390.9886206038207,1357.369739724668,1368.9949315397396,9630453
2022-12-19,1353.1507568359375,1361.7238526722738,1342.1090906861166,1353.6893559876567,6222740
2022-12-20,1353.105712890625,1360.9156732509964,1330.7977396833635,1347.4501487795155,7396259
2022-12-21,1355.125732421875,1365.4043737163634,1348.662214015589,1360.018163169159,6236361
2022-12-22,1366.3468017578125,1373.4385569270282,1357.1004311899765,1365.8530220311222,6302640
2022-12-23,1343.9490966796875,1355.4397214479377,1340.268541890437,1354.3624137356346,6283822
2022-12-26,1348.70703125,1355.4397938764648,1343.2758922315616,1347.0013761347504,4115459
2022-12-27,1359.8834228515625,1365.8082322618604,1344.3083199922382,1355.484662525693,4860076
2022-12-28,1355.6641845703125,1368.9501033965662,1345.2059383085596,1351.1307473515324,5029860
2022-12-29,1362.3072509765625,1365.673632332556,1347.4502440923538,1350.1433491771486,4624745
2022-12-30,1353.9136962890625,1373.8427403112848,1350.1883218006867,1371.688234257162,5060544
2023-01-02,1368.097412109375,1370.3416663943312,1350.188306748515,1359.1203949695496,3801140
2023-01-03,1366.7957763671875,1375.862541681665,1360.1078329075388,1364.3719160112378,4551130
2023-01-04,1341.884521484375,1365.4042617792377,1338.5629595029297,1365.4042617792377,7059590
2023-01-05,1324.28955078125,1351.8490596942972,1318.948269310685,1351.8490596942972,9868404
2023-01-06,1300.32080078125,1324.109893788294,1298.5253975354353,1319.6213856737572,6443714
2023-01-09,1332.5931396484375,1336.9918995481128,1300.051455589557,1300.051455589557,11498717
2023-01-10,1319.39697265625,1332.0994726561996,1305.3031008773605,1330.3938176401173,7158624
2023-01-11,1320.7437744140625,1341.1664903820624,1314.2354363583263,1319.6216471630735,6173092
2023-01-12,1329.1370849609375,1333.0869942679058,1306.1559438786553,1330.348960311909,6591385
2023-01-13,1349.8292236328125,1363.9680258321482,1317.8261351507858,1331.7405119183861,11610426
2023-01-16,1369.4439697265625,1371.6882240197885,1348.617333718516,1355.5295931085607,6073063
2023-01-17,1382.01171875,1384.435469422026,1368.097342887301,1370.7904478929847,5922644
2023-01-18,1387.30810546875,1393.0982370846807,1382.1013922396473,1386.7245774992048,5843098
2023-01-19,1381.4730224609375,1391.0335664749514,1370.0273269921345,1382.3707240663339,6165284
2023-01-20,1369.48876953125,1386.9490224533192,1368.097288167546,1380.665111024728,6496429
2023-01-23,1389.64208984375,1394.3999522014951,1371.7778059195255,1377.9719689342094,4855020
2023-01-24,1393.143310546875,1408.3144914155778,1391.2132299470666,1400.414672506807,5200802
2023-01-25,1385.153564453125,1396.8236852165019,1381.3383326650978,1388.7443708418564,4158617
2023-01-27,1363.7435302734375,1392.2903779726057,1353.1955355242728,1387.8467984858346,6209955
2023-01-30,1381.38330078125,1386.0513053859913,1364.5064664421677,1372.4062845546568,6964719
2023-01-31,1376.85009765625,1390.4503014665167,1358.222785821618,1390.4503014665167,9448126
2023-02-01,1392.4251708984375,1395.9711585819437,1371.733211185899,1384.43560335875,6194199
2023-02-02,1421.735107421875,1424.6077091096986,1393.233077644041,1393.233077644041,6916834
2023-02-03,1435.7840576171875,1440.4969913344742,1412.084711865144,1434.0784025458154,7040194
2023-02-06,1409.2568359375,1434.527157913661,1401.8507977317506,1434.527157913661,4570612
2023-02-07,1402.5692138671875,1414.822864476851,1396.0159473630506,1408.494023406654,4336238
2023-02-08,1427.7945556640625,1439.0158269283195,1405.3520131355485,1405.3520131355485,7983338
2023-02-09,1451.5836181640625,1454.0522977867906,1423.79979497045,1432.9113793663391,6904911
2023-02-10,1443.9981689453125,1450.9553573880837,1433.1358902910588,1447.9479689111524,4786762
2023-02-13,1407.1025390625,1433.6296691341104,1405.8009153813505,1433.6296691341104,4001199
2023-02-14,1430.26318359375,1432.731863182567,1416.7079103135172,1422.5877904936112,5043736
2023-02-15,1433.6744384765625,1435.424912829853,1414.7777752469344,1421.9593883192538,3465747
2023-02-16,1437.9384765625,1449.2943142141119,1434.3924894685822,1436.3225698383455,4290289
2023-02-17,1421.7801513671875,1431.8343676707138,1414.3291826114166,1430.936665872801,2857734
2023-02-20,1429.544921875,1439.0157179378093,1420.6128344582553,1422.8121596263827,2417716
2023-02-21,1417.919677734375,1437.8037900984118,1414.777722133191,1435.155504627785,2723288
2023-02-22,1402.030517578125,1413.8801358358503,1396.1954567000723,1403.1077157532914,3656244
2023-02-23,1392.06591796875,1409.256926645148,1389.7768444892642,1409.256926645148,4766854
2023-02-24,1392.021240234375,1408.4940454265454,1386.949203431493,1400.4147296784008,2790986
2023-02-27,1354.9013671875,1382.4607685455396,1348.3481002307794,1382.4607685455396,4920268
2023-02-28,1335.376220703125,1368.0974041544362,1329.7655850233577,1360.5566878842833,9679811
2023-03-01,1343.0067138671875,1347.3156164114991,1329.94510989306,1339.7300806437838,5125043
2023-03-02,1321.551513671875,1336.3186620674148,1317.197682560526,1333.0869580251103,4644499
2023-03-03,1327.97021484375,1337.39608302168,1322.3146501038996,1334.6580489083317,4615015
2023-03-06,1353.2403564453125,1364.8656589746784,1340.4032881447426,1341.6600924158531,6561742
2023-03-08,1339.999267578125,1342.961726985448,1329.585949900398,1338.0692966126087,4137080
2023-03-09,1328.9576416015625,1345.071343562409,1323.7509278183406,1342.064064731897,5104656
2023-03-10,1321.012939453125,1323.481619051477,1308.5348642940003,1310.6444413069564,3699580
2023-03-13,1288.2916259765625,1327.0724033065608,1281.9179661287412,1314.4147222773474,8798403
2023-03-14,1274.736328125,1300.1861476889799,1266.657013369278,1293.5880625550176,7402784
2023-03-15,1274.4222412109375,1295.2488768323813,1271.9086326160925,1290.8950455008883,7556182
2023-03-16,1260.4630126953125,1272.7615924925153,1255.6154013001644,1272.7615924925153,7323117
2023-03-17,1275.3646240234375,1295.2936653670802,1267.016064862061,1283.7132927675293,9090018
2023-03-20,1260.0589599609375,1274.4670058884406,1243.1821248798633,1274.4670058884406,8221829
2023-03-21,1248.4337158203125,1261.2708940195814,1247.8053684606537,1255.8846837960104,8536755
2023-03-22,1247.132080078125,1263.2907105920037,1240.7584199586402,1259.475478387338,8356487
2023-03-23,1233.935791015625,1242.3740984776875,1229.851204859829,1242.3740984776875,7607718
2023-03-24,1239.4119873046875,1255.839864166571,1236.5842047746808,1246.010073486212,7559127
2023-03-27,1246.86279296875,1252.967208658463,1233.5319439925304,1244.4390420940674,4170193
2023-03-28,1236.673828125,1254.9869645456447,1235.1028501650894,1249.6905026499728,6633366
2023-03-29,1242.0152587890625,1247.7156427956638,1224.9589261056296,1237.9306721291487,8813966
2023-03-31,1281.8729248046875,1283.6683279611534,1251.3062518154823,1260.3730158390927,8711975
2023-04-03,1266.5224609375,1288.201979583624,1261.405604921375,1288.201979583624,5242764
2023-04-05,1277.9232177734375,1281.469095430332,1256.7823002469104,1256.7823002469104,7506334
2023-04-06,1276.4420166015625,1282.277077411361,1266.073518560293,1271.1455548730469,6948465
2023-04-10,1281.558837890625,1287.304150296638,1270.247819156027,1278.2822049918059,4993788
2023-04-11,1262.3033447265625,1286.7207886297933,1246.9077377115614,1282.7260596530837,6942255
2023-04-12,1282.1873779296875,1285.059979527605,1256.7823760661174,1268.4974270475386,5831169
2023-04-13,1247.087158203125,1266.7020280205386,1241.5214514944475,1265.534971977077,11267238
2023-04-17,1129.578125,1132.1365530010617,1064.0458990402255,1122.396511196189,53171705
2023-04-18,1130.5206298828125,1140.0362461201344,1124.909994178881,1140.0362461201344,12430884
2023-04-19,1106.1478271484375,1126.0319387762609,1103.634328510182,1126.0319387762609,11307230
2023-04-20,1098.2481689453125,1111.2199133454824,1096.452765729637,1104.801324932899,8621249
2023-04-21,1101.794189453125,1107.0906515432816,1095.1961036957662,1102.4674657463806,8691352
2023-04-24,1100.8515625,1104.1730147274745,1093.4005950715969,1102.3776114514949,8313774
2023-04-25,1099.5946044921875,1109.1102186074058,1090.7073376025885,1100.5371253306166,6808576
2023-04-26,1101.973876953125,1106.8663078791062,1095.6899644185316,1102.3777989258251,5680192
2023-04-27,1118.7606201171875,1120.152101431663,1100.0435636550399,1104.1729691026203,8020704
2023-04-28,1124.595703125,1130.2063382433646,1117.5935866641942,1127.2438790677813,10118277
2023-05-02,1146.7689208984375,1148.833678512012,1126.2116409241175,1126.2116409241175,8886401
2023-05-03,1139.318115234375,1142.3253939620522,1132.9892745231455,1136.4903330105763,5549783
2023-05-04,1143.26806640625,1145.2878952710685,1133.3484185926052,1139.13855083866,4505401
2023-05-05,1130.2962646484375,1148.160551597661,1125.9424330268698,1148.160551597661,5373791
2023-05-08,1136.1312255859375,1140.3504892363796,1126.7951061867552,1133.3034433741707,5260842
2023-05-09,1140.70947265625,1141.8765286648618,1131.7324559214633,1136.4903186239899,4969897
2023-05-10,1134.021728515625,1145.8265283700148,1130.3411732804484,1145.8265283700148,6515734
2023-05-11,1127.60302734375,1145.3775639523772,1124.8651030446258,1140.305527683217,6888461
2023-05-12,1117.818115234375,1127.5133374467855,1112.2973374345554,1125.1344060204995,8292212
2023-05-15,1129.6229248046875,1139.0937216777986,1118.2221569213568,1122.0373891886634,5534710
2023-05-16,1134.96435546875,1143.6270896069495,1133.5728739365072,1135.5927028546282,5236469
2023-05-17,1119.3443603515625,1131.9570044864442,1115.349521720346,1131.6428307830922,10465667
2023-05-18,1118.536376953125,1130.7900277183155,1115.3494919176374,1129.8473970507112,6948732
2023-05-19,1139.09375,1143.0436595385552,1124.6407740269224,1127.5583046568154,11094136
2023-05-22,1160.548828125,1163.0623271928262,1140.3056104941186,1142.7293613064382,7625947
2023-05-23,1167.0572509765625,1179.7148242453716,1164.364145617976,1166.2941167921063,7436031
2023-05-24,1165.8001708984375,1171.5005539763395,1159.2020862466075,1163.6905941162486,4824077
2023-05-25,1170.9171142578125,1173.2960455245018,1157.361841386736,1162.0747750049484,4334121
2023-05-26,1182.677001953125,1188.063211884976,1172.398361832931,1172.398361832931,5521606
2023-05-29,1179.9390869140625,1196.3669615854992,1175.8545005172648,1196.3669615854992,4419365
2023-05-30,1188.42236328125,1190.7115464294097,1175.2261922392356,1180.477725221967,6274719
2023-05-31,1183.440185546875,1194.9307014660071,1179.7147016049091,1184.8315574211917,17800782
2023-06-01,1184.5172119140625,1193.4942275405426,1183.2604078098132,1187.255245513223,4277841
2023-06-02,1181.7880859375,1194.4338775054596,1179.104315999841,1190.8857617337856,10909311
2023-06-05,1186.7918701171875,1191.2951754512299,1180.241587621195,1186.3369863034209,5002553
2023-06-06,1163.5927734375,1172.3265202842344,1158.134167776339,1172.3265202842344,10008100
2023-06-07,1172.644775390625,1177.2391456905614,1166.7768194344242,1174.0549594386935,5397578
2023-06-08,1167.0498046875,1175.4196213460507,1165.5031332892086,1170.1429253728747,5034942
2023-06-09,1151.72021484375,1166.7769126021076,1149.9462124982956,1166.7769126021076,5339073
2023-06-12,1175.3741455078125,1178.785773831074,1158.1340948031748,1158.5889785796096,4785588
2023-06-13,1187.110107421875,1188.6112460171735,1180.0139875118512,1182.606802691583,4846587
2023-06-14,1183.0618896484375,1188.7933592845616,1176.5114958499232,1188.4749628140476,3457981
2023-06-15,1170.6890869140625,1177.1938369363772,1166.9135288571645,1177.1938369363772,6161155
2023-06-16,1175.101318359375,1184.0625068222432,1165.4578042106698,1170.8708768960637,8536287
2023-06-19,1177.2392578125,1182.2429795419966,1170.9164175038359,1177.2392578125,4451787
2023-06-20,1185.791015625,1187.24662145551,1174.6008306327171,1177.239178669295,4009180
2023-06-21,1182.1065673828125,1186.1551000366512,1178.1491003379751,1182.6524057587176,4041529
2023-06-22,1165.9127197265625,1173.0543732215287,1158.5890460770524,1173.0543732215287,6676607
2023-06-23,1150.8560791015625,1163.9112226889422,1149.354940265523,1161.2728742885731,7239467
2023-06-26,1155.7232666015625,1159.0439406048426,1148.3541711369407,1155.6323120512568,3403244
2023-06-27,1163.7293701171875,1166.3221858386987,1159.2259533902843,1164.502650447375,3240024
2023-06-28,1176.6480712890625,1179.6957709731894,1165.7763913386955,1173.6003716049356,5662358
2023-06-30,1214.9945068359375,1218.0877385740087,1186.7461812925758,1190.1578094473005,12821692
2023-07-03,1213.3568115234375,1224.546995653356,1208.580532379916,1209.9907163588139,7732412
2023-07-04,1223.7738037109375,1224.5470838930623,1211.2645002907818,1223.0005235288127,5797775
2023-07-05,1225.7298583984375,1235.4187939129251,1219.9982784398992,1235.3278393695025,5414936
2023-07-06,1222.6365966796875,1225.8662047537898,1216.495665897886,1221.4084327344483,5963897
2023-07-07,1210.1728515625,1224.365315371182,1205.7605007879629,1213.6300129632032,6295647
2023-07-10,1209.217529296875,1220.8170652524432,1200.256341377616,1215.9498311998555,3940315
2023-07-11,1226.91259765625,1229.0051076173486,1207.2616391546826,1213.129595917475,6126128
2023-07-12,1212.9931640625,1229.9148189122855,1207.26158386156,1229.0960058756348,8102770
2023-07-13,1241.9237060546875,1252.5680534152623,1210.7641663190607,1214.4487694545699,9977644
2023-07-14,1297.282958984375,1300.9675618860852,1256.0705566992494,1256.0705566992494,12833381
2023-07-17,1294.5537109375,1327.3053432456984,1286.68431035238,1297.2830136298498,11569884
2023-07-18,1342.089111328125,1344.5909722136412,1300.0578928736984,1304.6067308473641,16743977
2023-07-19,1341.8616943359375,1363.559740717556,1328.8975058703597,1351.9146708665796,13687062
2023-07-20,1318.7081298828125,1338.2681331891117,1310.7021306189188,1338.2681331891117,8347221
2023-07-21,1211.4464111328125,1228.186155763225,1187.2466172377842,1201.075039161913,45548305
2023-07-24,1215.995361328125,1228.0953149237007,1213.8574296627578,1219.998361010124,8859789
2023-07-25,1214.17578125,1221.681363730559,1204.759709076421,1216.359245637285,6801982
2023-07-26,1227.14013671875,1228.1863917821343,1218.542876398526,1221.8180178988196,5528885
2023-07-27,1231.052001953125,1240.7410487249037,1225.5024420215238,1236.0101907567564,9191861
2023-07-28,1219.5433349609375,1240.7863838959101,1215.4493812068724,1231.6887088868766,6122735
2023-07-31,1233.371826171875,1235.0094521881804,1212.9475890459607,1227.0489861059361,7902180
2023-08-01,1242.0146484375,1245.471809643269,1234.55459874793,1239.1034366209878,6064652
2023-08-02,1234.41796875,1248.1554353279967,1226.7758997952656,1245.7446403783597,7419145
2023-08-03,1241.1959228515625,1243.2428998554956,1227.2764348025732,1228.186202359877,6503741
2023-08-04,1253.9781494140625,1260.8469392172133,1239.1034713632262,1245.380890015176,5712345
2023-08-07,1267.3062744140625,1269.1258096249944,1252.7499927266074,1262.6664818373094,3729093
2023-08-08,1264.7587890625,1267.8065991644844,1259.482203966465,1267.1696952534337,4161877
2023-08-09,1268.5799560546875,1270.0355619948482,1257.7536994683937,1259.1183508602219,4090828
2023-08-10,1263.758056640625,1269.8535657391153,1260.5738702782457,1266.0324754708959,3873025
2023-08-11,1248.064697265625,1270.8088879474917,1243.6978792880777,1266.3965371663332,5783517
2023-08-14,1267.806640625,1269.1257591782453,1242.378570429603,1248.0646177377491,4304135
2023-08-16,1290.50537109375,1291.824489722674,1278.5874374632606,1283.5002048304689,7735313
2023-08-17,1284.182373046875,1291.8698640834398,1279.133118944589,1291.8698640834398,5618346
2023-08-18,1263.4853515625,1281.589638878783,1261.0744450887594,1277.0408006474313,5134103
2023-08-21,1278.58740234375,1280.04300828704,1261.9841437074754,1264.3495172472738,3032722
2023-08-22,1277.0863037109375,1279.178813670877,1270.6269757839684,1277.9505385325194,2890714
2023-08-23,1280.9073486328125,1288.7768612022073,1278.8149496217914,1288.2310228104463,2559125
2023-08-24,1295.14501953125,1296.4642490688886,1286.820624510391,1293.2345299499723,5171963
2023-08-25,1291.9609375,1294.14440193583,1284.0460038576823,1285.5016097963642,4307172
2023-08-28,1287.91259765625,1296.2369938760085,1284.0460851385783,1291.9610192819164,3133464
2023-08-29,1289.7320556640625,1295.8729869417455,1287.594124022955,1295.509057691945,3074444
2023-08-30,1305.6529541015625,1307.0176054605395,1295.5090234553786,1298.2383261733323,3070887
2023-08-31,1305.9256591796875,1314.5230283307505,1299.7393070701485,1305.6527955743893,9792735
2023-09-01,1313.5679931640625,1315.524015813637,1299.3301072963106,1301.8319683222358,3582133
2023-09-04,1332.9005126953125,1337.3583962271932,1305.243554943164,1312.794670582204,4609014
2023-09-05,1345.4552001953125,1346.5014550487228,1325.0763856474239,1332.8094095252152,5496840
2023-09-06,1344.135986328125,1349.0942859762029,1331.2628646848657,1348.1845184505673,5075786
2023-09-07,1333.9013671875,1340.451761309344,1330.1259200490667,1337.9043673082444,4411743
2023-09-08,1336.994384765625,1341.679709913553,1328.442547485381,1331.4448248574233,3125838
2023-09-11,1343.226318359375,1344.6820353527714,1332.3546400444875,1336.994432557999,4182226
2023-09-12,1365.652099609375,1368.2904478169532,1343.8176775697427,1348.7304447397828,6793161
2023-09-13,1363.1502685546875,1369.2002453382354,1354.3255672096375,1369.2002453382354,4804686
2023-09-14,1370.9742431640625,1376.0690305788348,1363.8781225031132,1369.200240762729,6444213
2023-09-15,1375.20458984375,1381.391053531654,1372.8392164532954,1381.0271243049056,8657816
2023-09-18,1357.19140625,1369.1093400919283,1353.7342448047293,1369.1093400919283,3991916
2023-09-20,1355.78125,1360.193600922578,1342.9989700048607,1342.9989700048607,4169337
2023-09-21,1366.243408203125,1368.790801746706,1342.8168939622524,1352.4149859666784,6779195
2023-09-22,1361.148681640625,1370.9741041105199,1351.186660777571,1357.2821697249913,5455613
2023-09-25,1341.1339111328125,1355.417217832278,1338.7685376167728,1355.417217832278,4217863
2023-09-26,1328.8519287109375,1346.3649531864253,1327.3507901162034,1345.6826275575102,3996528
2023-09-27,1334.62890625,1336.9942795100794,1319.2083917349964,1324.6214638718475,3863586
2023-09-28,1309.56494140625,1339.7237598799838,1305.51651996519,1335.4478965364908,5814602
2023-09-29,1305.9256591796875,1316.251608720033,1288.230726462314,1302.8779603924677,6068968
2023-10-03,1304.606689453125,1307.3359921507258,1292.142918222993,1306.4717573853966,4181867
2023-10-04,1314.022705078125,1319.1173810169118,1290.2322620419864,1296.41872564626,4510406
2023-10-05,1331.3992919921875,1342.4985228636597,1319.3448718155562,1320.982497846701,7384621
2023-10-06,1345.2734375,1350.5501345192267,1331.2631039318392,1336.9036191822188,3598672
2023-10-09,1342.3165283203125,1356.4634585781648,1330.2621079137662,1332.7185470073355,3567552
2023-10-10,1360.2391357421875,1361.9221836979577,1336.539643834747,1350.0042495921527,5688951
2023-10-11,1359.556640625,1381.254574348816,1347.7750842911132,1361.9220140294271,7220129
2023-10-12,1333.2642822265625,1368.6542604790434,1320.9824208754478,1357.2821666354187,11081662
2023-10-13,1302.013916015625,1308.2458018313064,1273.6746332154582,1278.2234711912276,17973439
2023-10-16,1304.7431640625,1313.340423053773,1300.9676064898863,1302.8780961484347,4850745
2023-10-17,1312.294189453125,1322.2106781963569,1308.2913009819003,1310.2927452175127,3923764
2023-10-18,1310.5657958984375,1322.8021260257406,1308.5642404911625,1311.8849145317179,4264837
2023-10-19,1304.2882080078125,1309.7468130472434,1297.4194189109537,1297.4194189109537,6795691
2023-10-20,1298.4659423828125,1308.700828949151,1296.6464069932413,1300.967803543473,3928622
2023-10-23,1281.5440673828125,1303.1055136577397,1278.4508355358098,1296.964582762976,2636516
2023-10-25,1262.560302734375,1292.5104566531788,1254.4967997562355,1289.2389333048216,6940777
2023-10-26,1252.7918701171875,1266.2003688015045,1246.9400932403355,1248.7371699932087,6357656
2023-10-27,1272.0521240234375,1276.3373223697179,1256.6623976967833,1256.6623976967833,4634358
2023-10-30,1269.010986328125,1272.0520110993787,1256.1553924305153,1272.0520110993787,2667696
2023-10-31,1261.0396728515625,1272.7893480503349,1256.0633173275878,1271.6834287710847,3451595
2023-11-01,1247.9075927734375,1269.3794791877367,1245.603735057758,1265.324779602583,3090672
2023-11-02,1262.6524658203125,1268.3199791238953,1254.819348447591,1262.5142118386507,3758060
2023-11-03,1280.0697021484375,1282.788209750896,1269.6562183795236,1271.775812861255,3349045
2023-11-06,1293.20166015625,1296.8417109189295,1281.6823697767961,1284.5391312922866,2736381
2023-11-07,1294.1231689453125,1295.5976155760281,1285.4145181543718,1290.1604881630135,2272209
2023-11-08,1281.8665771484375,1294.7681818070128,1277.6735106371746,1294.7681818070128,3550635
2023-11-09,1266.9376220703125,1287.8566074771882,1262.5602919196745,1286.3821608724284,5498051
2023-11-10,1261.4544677734375,1265.4171487849635,1254.2203756878132,1262.4681428598753,2943649
2023-11-13,1265.7857666015625,1273.9874114709824,1263.2975323492624,1271.5914215374528,3462092
2023-11-15,1299.836669921875,1303.062071087934,1283.7096640915788,1289.2389232333946,8551860
2023-11-16,1331.537841796875,1339.3709592887674,1299.9288638617754,1304.9973516506468,6673907
2023-11-17,1324.764404296875,1337.1591147047359,1322.4605464148888,1327.9898053316556,4901251
2023-11-20,1323.8890380859375,1338.0808269307881,1321.170530438921,1328.8653942384274,3584210
2023-11-21,1326.1007080078125,1336.2376835381015,1324.0272357402534,1328.8653376978914,3793135
2023-11-22,1343.425537109375,1344.4852216491154,1323.5201167337966,1323.5201167337966,3108786
2023-11-23,1335.5465087890625,1352.733312304696,1334.1180718038254,1352.733312304696,3186928
2023-11-24,1324.626220703125,1338.6797545299087,1321.3546973396635,1332.1368202960523,2973195
2023-11-28,1329.51025390625,1331.6298481427323,1315.0881936422663,1330.7083049952287,3755373
2023-11-29,1345.08447265625,1346.0981477081089,1336.0534165206054,1337.251355220777,3875778
2023-11-30,1340.9837646484375,1346.0522528330398,1335.823144631822,1339.2328098678681,10120867
2023-12-01,1338.357177734375,1345.3608832594507,1332.6896647955414,1345.3608832594507,3489187
2023-12-04,1349.4617919921875,1356.4194883018783,1335.592634024112,1345.8677509348179,5511948
2023-12-05,1339.877685546875,1351.8117374373267,1328.8652893459846,1350.798062419795,5123039
2023-12-06,1358.6312255859375,1361.1193473034825,1337.2053455420607,1342.4580969426866,5269178
2023-12-07,1350.8902587890625,1357.2949393135057,1347.1119540015106,1357.2949393135057,4424453
2023-12-08,1374.1591796875,1377.4305905862009,1351.2127312666094,1355.0371580856024,6323433
2023-12-11,1371.717041015625,1380.471701337861,1365.727010268832,1373.0993558033465,3862018
2023-12-12,1360.2437744140625,1373.0992560083268,1352.5027896668134,1361.5799669478545,6103494
2023-12-13,1335.316162109375,1360.2439518858023,1320.7097241735976,1360.19782972632,8549258
2023-12-14,1383.6510009765625,1392.4517835867966,1346.697140932601,1348.5863495012065,12489858
2023-12-15,1454.5638427734375,1463.917528966799,1401.6672393803897,1403.5564479809898,18395389
2023-12-18,1441.6162109375,1468.0184484698,1437.884028140626,1444.9337442546357,6467243
2023-12-19,1436.0408935546875,1450.4629554436433,1422.1716226248461,1446.915036424613,4221721
2023-12-20,1415.85888671875,1459.2635456213156,1409.9609881911038,1442.2611198785871,6592367
2023-12-21,1415.4903564453125,1425.3048140325604,1401.897594233354,1401.897594233354,5319038
2023-12-22,1440.2799072265625,1443.1366686825568,1403.5103106025122,1414.522706978693,6741060
2023-12-26,1422.816650390625,1426.5489455360587,1403.5103643743007,1414.5688833319446,6878067
2023-12-27,1444.150390625,1446.8228885227966,1422.8627642542663,1422.8627642542663,4225849
2023-12-28,1440.0494384765625,1445.855092876647,1432.9996108186176,1445.855092876647,5702253
2023-12-29,1421.84912109375,1437.1005945803086,1419.1766231359832,1420.1442885580782,4388990
2024-01-01,1429.6361083984375,1434.8428502960069,1414.7992844681723,1418.255071679868,2808451
2024-01-02,1414.015869140625,1427.6086309615123,1403.5102544550214,1424.7057474638627,5396313
2024-01-03,1373.0994873046875,1400.6996635455614,1371.2564007445471,1400.6996635455614,7550363
2024-01-04,1394.0184326171875,1400.5153575424802,1375.771943719321,1386.8764724125788,7056038
2024-01-05,1412.3111572265625,1418.9001014903272,1388.0745246781073,1388.5352963045564,8895403
2024-01-08,1403.3260498046875,1415.4903752195028,1394.52526712299,1408.9934505703893,4440136
2024-01-09,1409.3160400390625,1431.1565685607613,1406.1366485499625,1420.9274616897512,4412074
2024-01-10,1400.6534423828125,1414.983370728282,1386.9224270844938,1405.3071677486228,4096845
2024-01-11,1376.9698486328125,1405.3534251009314,1369.9661425866611,1405.261293276588,11296088
2024-01-12,1486.2188720703125,1491.056974118596,1433.3683893367258,1439.450552270239,26754401
2024-01-15,1522.4814453125,1534.3232525223632,1507.6446228067189,1515.8923891628679,13228305
2024-01-16,1503.5438232421875,1519.1639351762556,1497.5076704042556,1515.7542704008683,6500917
2024-01-17,1511.51513671875,1518.2424471875822,1493.1303945709744,1493.1303945709744,9209876
2024-01-18,1513.726806640625,1519.6247054977496,1500.5026844916376,1513.7729287969016,6375464
2024-01-19,1529.0244140625,1534.830181149936,1515.1552565650597,1522.0207083253042,4522736
2024-01-23,1513.3121337890625,1543.3082963711743,1509.2111992011553,1520.638356967558,9401255
2024-01-24,1543.9534912109375,1548.1925674088009,1515.938555587784,1529.6695716902016,8999681
2024-01-25,1538.1478271484375,1548.6995649327355,1527.9187194984197,1541.695746187862,8865304
2024-01-29,1526.6285400390625,1547.5936491768944,1518.3346507098104,1534.5077798990815,4253785
2024-01-30,1521.8824462890625,1557.4079810311105,1518.9335530973535,1532.0194213135253,4995943
2024-01-31,1530.591064453125,1536.442841049227,1509.5798353047996,1518.93352092331,6763779
2024-02-01,1527.043212890625,1545.4279548337279,1520.8688059210901,1529.3470709031976,5760011
2024-02-02,1560.4951171875,1583.6719506012253,1534.3693906028748,1535.3370559365164,7858483
2024-02-05,1554.8277587890625,1567.3147150838886,1549.8975247974827,1561.785455468717,3634135
2024-02-06,1593.7628173828125,1597.034340689009,1542.6171705805966,1554.4129683538292,7694265
2024-02-07,1560.86376953125,1593.3481668011993,1554.5050990563916,1593.3481668011993,4613877
2024-02-08,1559.3433837890625,1572.4753757160167,1550.7730986588967,1564.7805117170838,5919715
2024-02-09,1538.3782958984375,1560.080685759389,1529.5776248189763,1552.523963151758,4600004
2024-02-12,1548.2847900390625,1560.126598289278,1539.2997433619348,1539.2997433619348,3555808
2024-02-13,1552.3856201171875,1556.5785741207376,1532.9870910403704,1550.9571831806093,2696481
2024-02-14,1535.475341796875,1538.470357405494,1507.1840085834583,1529.9460822117326,3768579
2024-02-15,1544.8289794921875,1555.3345948697918,1531.2362167759502,1545.428005093551,4834391
2024-02-16,1568.14404296875,1574.917363137815,1555.5188333576436,1556.486498735968,4880654
2024-02-19,1566.3929443359375,1577.2210761764713,1555.2883045575709,1571.2310457966014,3690993
2024-02-20,1553.03076171875,1561.324650966914,1537.8252980971156,1552.800375906301,3706389
2024-02-21,1525.6610107421875,1542.663439133254,1516.2151921931338,1542.663439133254,4300508
2024-02-22,1549.4365234375,1552.4315386183323,1515.3855496864917,1534.3693157186938,5841277
2024-02-23,1545.2896728515625,1565.194983220865,1540.728079066558,1563.8587905950133,5373072
2024-02-26,1529.900146484375,1543.5389199577103,1515.9387428585212,1543.5389199577103,2782438
2024-02-27,1533.0792236328125,1539.9907975363865,1523.1266247075048,1530.683233844853,5159088
2024-02-28,1540.129150390625,1555.380736114235,1531.6509975218291,1538.9772213327412,3188916
2024-02-29,1542.5711669921875,1550.2660301238518,1523.5873997921522,1534.369410109207,7814722
2024-03-01,1524.8775634765625,1540.7741844629486,1521.4678984651173,1538.0556768856939,6387291
2024-03-04,1508.7506103515625,1533.862664687169,1505.4791992091916,1527.7805015485362,4445156
2024-03-05,1480.4591064453125,1508.8886908149464,1476.3121621695554,1505.8015436860508,4596579
2024-03-06,1490.6422119140625,1493.0382016771937,1452.352047887815,1477.049450044554,6420684
2024-03-07,1489.6285400390625,1500.6870590284748,1478.3396352373709,1489.7667940250446,6348359
2024-03-11,1475.02197265625,1487.186409973432,1463.4105512344881,1481.9796685740168,6752895
2024-03-12,1486.4031982421875,1497.5078398363585,1472.3036534614205,1474.46925768503,4614222
2024-03-13,1484.9747314453125,1497.046924837975,1473.1329238521018,1486.3570462420234,5688997
2024-03-14,1523.58740234375,1527.6882245455754,1481.8414508033693,1487.7393497230903,8803799
2024-03-15,1505.801513671875,1516.6757678865583,1491.3793408128192,1512.3444475668186,11809997
2024-03-18,1476.911376953125,1504.5576756669025,1473.4094674521489,1502.11556344857,4958904
2024-03-19,1438.943603515625,1473.5475961267095,1435.764324431153,1467.4193112677192,6870411
2024-03-20,1432.9534912109375,1451.3843544053573,1430.5575014942751,1440.371958643916,4759059
2024-03-21,1432.72314453125,1453.2274803947662,1422.3097740379771,1441.2935411478331,11062497
2024-03-22,1390.470458984375,1408.9474454626866,1380.6560012352104,1401.6672315575609,14673890
2024-03-26,1375.54150390625,1389.1802760076575,1371.164173630106,1374.9424783172167,8351081
2024-03-27,1367.431884765625,1381.3932870499673,1365.3124028550521,1378.628657389427,6857402
2024-03-28,1380.517822265625,1393.189041141791,1370.4729789851785,1370.4729789851785,12499530
2024-04-01,1378.121826171875,1409.9150687111335,1375.6798265220143,1405.353474561426,6580002
2024-04-02,1366.5103759765625,1376.0023163808078,1364.6672894897633,1368.353462463362,7279400
2024-04-03,1364.48291015625,1377.7991638971826,1359.2761687738598,1362.9623414349414,8736248
2024-04-04,1370.0582275390625,1378.3061066574217,1352.8254147328123,1373.6062588459959,11186915
2024-04-05,1363.0545654296875,1370.0582714607572,1360.24392608138,1363.93009899174,5072482
2024-04-08,1360.8427734375,1373.9747637962018,1358.4467836601393,1366.6485404880466,6610887
2024-04-09,1377.56884765625,1395.0321590156452,1370.6112639030227,1373.0993855776476,9423230
2024-04-10,1388.581298828125,1391.3919380114644,1368.076963217734,1382.6372778632074,6744595
2024-04-12,1368.261474609375,1388.5815502616929,1363.42337207245,1386.001183911433,12275616
2024-04-15,1352.9637451171875,1374.8964069734686,1346.420810540168,1363.884010132131,8531224
2024-04-16,1303.4766845703125,1340.9835588768526,1302.1866141339272,1337.1591322439795,16173541
2024-04-18,1307.9002685546875,1331.3534994670702,1297.072135276183,1309.6051010829012,22107945
2024-04-19,1300.5279541015625,1314.9040067731753,1270.5777974969205,1276.3374429978132,20603621
2024-04-22,1320.3409423828125,1324.1192467826613,1302.1865874045059,1308.4991354557612,5859087
2024-04-23,1329.2340087890625,1333.334831262017,1320.571479724218,1329.786912241484,4856174
2024-04-24,1318.4979248046875,1330.9848800805114,1315.0882599841418,1330.9848800805114,4268213
2024-04-25,1325.5938720703125,1331.5378936591642,1308.5914437317322,1308.5914437317322,9089398
2024-04-26,1318.0372314453125,1331.9986341616486,1315.0422158870554,1326.7457701482465,8062444
2024-04-29,1322.18408203125,1326.8379201034072,1316.1940513407444,1317.7606297548816,5055957
2024-04-30,1309.098388671875,1323.8430815716633,1306.3337587531646,1322.1381364606618,6936588
2024-05-02,1303.4766845703125,1312.2774667921617,1301.0806948402314,1302.1404919784582,10076354
2024-05-03,1305.181640625,1313.0147575937467,1293.1093350669514,1310.526523531366,8842345
2024-05-06,1314.0284423828125,1332.2749298443393,1305.9188174045357,1308.5913151241766,6445422
2024-05-07,1327.897705078125,1330.1094313833817,1304.536606119083,1313.1530130338447,6080661
2024-05-08,1315.318603515625,1326.791770914921,1313.751912640343,1322.6448266752147,6234983
2024-05-09,1326.607421875,1336.1913801730982,1313.060670734901,1315.5489046143746,6088406
2024-05-10,1313.10693359375,1323.289918499904,1302.1405469699123,1322.460619610937,8777481
2024-05-13,1311.7706298828125,1313.1990668474873,1300.481725623948,1313.1990668474873,3735954
2024-05-14,1312.922607421875,1321.2626187308836,1306.7944348778417,1314.489298423798,3463230
2024-05-15,1308.5452880859375,1319.4656655532185,1307.2552175350827,1314.1206697254095,4327544
2024-05-16,1339.3248291015625,1341.5365553493355,1315.0421875208667,1321.4468679639122,9249145
2024-05-17,1330.9849853515625,1342.6885398437046,1326.33114685659,1342.6885398437046,7542860
2024-05-21,1321.6312255859375,1331.3534390178734,1316.332352094495,1317.8067987413262,6752663
2024-05-22,1340.6612548828125,1345.40711294369,1315.9638491315707,1316.6550066153582,7173285
2024-05-23,1356.8802490234375,1362.17912249703,1336.2376585581328,1340.5688666610595,8641428
2024-05-24,1350.1529541015625,1359.737026123514,1345.4531061608475,1353.0558377538796,5277938
2024-05-27,1355.91259765625,1363.5153292403581,1345.6834903871545,1356.373369267408,5821844
2024-05-28,1351.949951171875,1360.1977175377685,1345.7295347806962,1359.7369459532367,6186922
2024-05-29,1337.113037109375,1350.5215354265988,1336.237616082271,1350.4294036068611,7401634
2024-05-30,1315.456787109375,1336.0993771509409,1310.0197722599248,1329.6025651299135,9663150
2024-05-31,1322.4598388671875,1350.5182603744363,1315.9739443356261,1325.1858078435043,37113815
2024-06-03,1321.519775390625,1353.5731158092904,1319.7337879140582,1353.5731158092904,10589244
2024-06-04,1310.0050048828125,1330.0735833506835,1276.8236180013437,1324.4336953647442,13736134
2024-06-05,1344.2672119140625,1351.6930870098186,1316.1148183429186,1316.1148183429186,9233424
2024-06-06,1383.887451171875,1385.814458709679,1351.2231014159079,1358.2259161135482,12660930
2024-06-07,1441.555419921875,1447.289283385155,1388.5874921626576,1392.1124223339962,24075302
2024-06-10,1409.7369384765625,1437.9834221145236,1407.434030215548,1433.753506313127,6810606
2024-06-11,1405.97705078125,1416.0348049461413,1404.2850385180848,1410.0190163300265,4853054
2024-06-12,1396.060302734375,1418.1969101793593,1393.7573942458623,1416.5519427607585,9564320
2024-06-13,1404.28515625,1414.6719965407349,1399.961264790733,1405.2721826102318,7307565
2024-06-14,1399.5382080078125,1413.4498626747718,1396.8592841989566,1413.4498626747718,4237727
2024-06-18,1408.2799072265625,1416.5517883847267,1405.6480284899164,1407.151975588544,5420939
2024-06-19,1420.6407470703125,1424.6827126496337,1406.8699977638037,1414.6718886285164,5493456
2024-06-20,1424.4476318359375,1426.4215695435462,1409.125891319924,1425.2936379231433,7927010
2024-06-21,1440.70947265625,1464.256053061363,1432.2496398990345,1452.2712899886412,17301941
2024-06-24,1435.492431640625,1437.3253492351942,1424.4476516241698,1433.0485032665965,5564989
2024-06-25,1449.4041748046875,1451.237207255743,1429.1006009006553,1434.4115183965616,4551525
2024-06-26,1448.229248046875,1455.89011914625,1442.8714001458156,1448.5112883548547,4851004
2024-06-27,1478.9195556640625,1483.6665071274144,1440.0983968135813,1446.1141853395814,14757754
2024-06-28,1472.7156982421875,1493.1602914681441,1470.3657449978248,1478.1676356666337,8197544
2024-07-01,1495.322265625,1503.876072321398,1465.900805673246,1465.900805673246,6801771
2024-07-02,1523.7569580078125,1535.7417213583608,1491.280553383894,1500.3983274471718,10493173
2024-07-03,1529.7257080078125,1537.8095248596555,1509.6100836947476,1527.469729765856,7269965
2024-07-04,1551.580322265625,1560.3691254148293,1530.2897205875556,1530.4776709701966,8008311
2024-07-05,1548.572265625,1565.8679458210338,1535.3185512266714,1552.332191113537,7065022
2024-07-08,1561.9200439453125,1566.008939897241,1541.5694246287367,1544.483343885064,5880533
2024-07-09,1557.6900634765625,1566.7138611771477,1551.9091554243114,1560.2750121000736,5191182
2024-07-10,1549.32421875,1573.5287378659184,1539.2664644712022,1557.5490553427878,9852770
2024-07-11,1553.5072021484375,1565.0690191786375,1543.4964921091096,1556.6091866425368,8857679
2024-07-12,1609.0130615234375,1616.5329122564228,1566.6199259649964,1579.1686539269024,17078316
2024-07-15,1604.59521484375,1624.2877782953476,1600.4592739409936,1622.5957659620963,6942230
2024-07-16,1622.454833984375,1633.593589888385,1597.9682742375035,1615.4519041715741,6886281
2024-07-18,1652.5341796875,1659.4430193327232,1615.827863817848,1615.827863817848,11248896
2024-07-19,1685.3394775390625,1733.3255702708213,1679.2295989019908,1733.3255702708213,29819116
2024-07-22,1702.1650390625,1713.5858343024156,1685.33935158603,1692.1072854937383,8462126
2024-07-23,1726.65185546875,1729.5187298905632,1676.2218304432815,1701.36633287668,7113056
2024-07-24,1723.878662109375,1731.7745279912915,1710.3899533806657,1727.2156416274588,6002845
2024-07-25,1715.324951171875,1721.0118842620095,1703.246213719811,1710.7660645530111,5815599
2024-07-26,1766.1309814453125,1769.9848820315087,1715.7949342558115,1715.7949342558115,11369047
2024-07-29,1758.799072265625,1788.78450012986,1752.1252276626687,1779.9486525351583,4635931
2024-07-30,1764.4859619140625,1767.1178407699306,1748.365259289592,1758.7990290172347,2721265
2024-07-31,1756.1201171875,1772.0058245898792,1753.1122228334534,1764.344953812893,5004209
2024-08-01,1741.409423828125,1755.7911843622094,1734.3595637121655,1744.699358548906,7475014
2024-08-02,1711.89404296875,1747.8953757120823,1707.1472058471231,1732.3856829456133,7400938
2024-08-05,1646.7532958984375,1689.6164211011132,1615.4049418548652,1677.8196096487513,10736703
2024-08-06,1646.0013427734375,1689.0994653436978,1640.126459251215,1654.5551502330297,7690163
2024-08-07,1684.11767578125,1689.9925594528395,1656.341179884447,1688.2065718679119,5094329
2024-08-08,1638.528564453125,1673.1198103688212,1623.4418174161967,1673.1198103688212,6227910
2024-08-09,1664.471923828125,1673.8717370362467,1650.6071993461458,1664.9419144885312,4258524
2024-08-12,1689.5225830078125,1695.2564465708763,1661.9810822256,1666.634058979033,4315329
2024-08-13,1689.5693359375,1701.366147109179,1681.673584839887,1701.366147109179,4176918
2024-08-14,1713.821044921875,1715.4660123309595,1689.5694795075585,1693.8464406687062,7450718
2024-08-16,1747.378173828125,1750.1041425189478,1719.6957707243737,1738.9653871768742,7335657
2024-08-19,1752.8773193359375,1755.46226812506,1738.2135180462226,1748.3653628246682,2585989
2024-08-20,1759.8331298828125,1772.5228787734409,1756.073204285589,1767.165030694927,3870333
2024-08-21,1760.3028564453125,1766.2247842698705,1755.0389843478197,1762.5588344138969,1966902
2024-08-22,1767.39990234375,1779.9956751616294,1757.4830533776285,1770.9248323444356,4300287
2024-08-23,1750.33935546875,1769.6089743171249,1745.545473240602,1765.4730331765138,5015935
2024-08-26,1763.5460205078125,1775.3897624868237,1752.125224235838,1757.7651122966831,3728589
2024-08-27,1786.0584716796875,1788.5494451104064,1761.431007151832,1763.54596510821,3830679
2024-08-28,1822.7177734375,1833.903574209478,1783.5205978872887,1792.450420519267,6514531
2024-08-29,1817.3128662109375,1833.4335688344042,1805.610144647818,1816.9838956969513,7228284
2024-08-30,1827.041748046875,1832.9636765918535,1812.284086394407,1821.6839001205192,13466759
2024-09-02,1846.5933837890625,1857.1681741009113,1826.195834151735,1826.712755054023,5573739
2024-09-03,1824.7388916015625,1848.943412636329,1820.226934986873,1848.943412636329,4694322
2024-09-04,1807.0670166015625,1811.5319278069883,1786.0115271331308,1805.7980647866775,4778310
2024-09-05,1817.1248779296875,1823.5637269032381,1794.9882723576418,1810.638983993486,4081810
2024-09-06,1787.7034912109375,1820.2738676395406,1783.00358450389,1806.6441381891027,5848106
2024-09-09,1780.935791015625,1805.5632579164233,1775.624873131343,1776.5648545358595,4772612
2024-09-10,1797.5263671875,1818.8638977650467,1782.2046254069915,1790.5704823041315,6909600
2024-09-11,1795.50537109375,1810.4040523138208,1790.6644442667855,1799.7822173243185,5312946
2024-09-12,1833.38671875,1838.9796770575238,1796.1165471605727,1809.4642374562259,8555092
2024-09-13,1827.4176025390625,1841.0473312410704,1819.47480653783,1833.38646078049,3843127
2024-09-16,1833.1986083984375,1834.8435757434945,1817.0309752474043,1828.9686923682912,1570181
2024-09-17,1835.3607177734375,1840.9065162060651,1825.5848883216336,1830.848761182198,2793127
2024-09-18,1778.585693359375,1822.388800311061,1768.3869188956942,1822.388800311061,6385468
2024-09-19,1780.5125732421875,1809.370068657787,1766.036952686509,1795.9282898631557,7976570
2024-09-20,1791.369384765625,1800.0642118988178,1755.3211244108263,1790.6643987818527,15242974
2024-09-23,1782.6275634765625,1803.73021337189,1765.7078993837924,1794.4243751721033,3636672
2024-09-24,1784.6485595703125,1796.210376017183,1759.0811128709156,1774.6847802570394,7277616
2024-09-25,1781.5467529296875,1787.4685667691454,1764.1570974239128,1773.1338507441149,4268341
2024-09-26,1786.199462890625,1802.8370859804254,1779.3845984749128,1783.896554606288,8952803
2024-09-27,1792.3094482421875,1856.0871602157958,1789.0665584656958,1816.137952637302,14908931
2024-09-30,1763.029052734375,1787.1395980713203,1758.2351706468926,1767.1649937536263,6986955
2024-10-01,1790.053466796875,1794.3773580722982,1762.4650370326212,1762.4650370326212,4029072
2024-10-03,1779.7606201171875,1797.1032292411892,1768.1048290238766,1776.0946700907043,7503887
2024-10-04,1803.0252685546875,1836.8175525476968,1772.8048448832324,1776.1418246086153,10001483
2024-10-07,1818.2060546875,1825.4438655173053,1801.0513942623245,1807.7721694283628,6112575
2024-10-08,1831.6005859375,1840.4363182559603,1791.933306709296,1821.5897622643915,5637391
2024-10-09,1835.5484619140625,1858.3430081700687,1828.3575821051584,1835.3605115538048,4857163
2024-10-10,1803.8240966796875,1846.1232547571165,1799.2181654069389,1840.3893918331603,4782119
2024-10-11,1818.9578857421875,1830.1436867455332,1795.4583520140732,1802.8842276209207,4709431
2024-10-14,1841.3294677734375,1851.2932470173037,1815.1979406537325,1816.1849669571325,3751378
2024-10-15,1841.7054443359375,1871.925751948734,1834.6085394794932,1842.3633853617557,5353705
2024-10-16,1804.858154296875,1841.9404871358424,1801.3332242595482,1837.6635261263593,3111512
2024-10-17,1849.977294921875,1859.2831333510103,1814.3050481446446,1819.0518851747047,8162822
2024-10-18,1766.7889404296875,1820.6028732629586,1757.0601563072833,1780.1367445813487,10526196
2024-10-21,1741.550537109375,1784.8367264336412,1727.6858114732324,1777.5988008145812,4654601
2024-10-22,1740.4693603515625,1765.0969393741664,1736.098424337156,1746.6732140121014,4125240
2024-10-23,1760.9610595703125,1772.804801466981,1733.3255853155424,1734.500561986716,4311910
2024-10-24,1751.5140380859375,1770.924673834423,1748.3651238492712,1749.6811205471658,2906475
2024-10-25,1750.292236328125,1763.7339001545147,1735.581505943881,1751.60811836117,4689120
2024-10-28,1753.3941650390625,1768.9509020729429,1745.5453438193326,1748.0832475331754,7018940
2024-10-29,1748.59326171875,1760.2866061853301,1738.8011693476826,1754.9627985871089,4621252
2024-10-30,1713.227783203125,1748.308049494395,1707.7613496606602,1741.6532608340028,5919715
2024-10-31,1670.5897216796875,1699.7282140714156,1660.369867072741,1699.7282140714156,7395236
2024-11-01,1674.011962890625,1678.9080088899161,1665.6460129974564,1677.4819828348002,371966
2024-11-04,1676.6739501953125,1679.8587185569368,1633.275200045737,1639.4546463788554,7336722
2024-11-05,1667.68994140625,1681.2371893406507,1658.9436944231081,1673.2039554066878,3160880
2024-11-06,1733.7625732421875,1737.089967643031,1675.7233776805178,1677.0067780250674,10421494
2024-11-07,1714.1309814453125,1735.6638830746192,1698.8724555004114,1723.5426610222241,4550965
2024-11-08,1739.704345703125,1749.829154713953,1723.7329222391422,1728.3437169759088,4210960
2024-11-11,1768.367431640625,1775.8778590726738,1732.669314114394,1738.8011800020988,3804234
2024-11-12,1776.6383056640625,1788.2366040442323,1769.2229240437619,1778.8248092339409,5012450
2024-11-13,1776.2581787109375,1780.8213927172376,1764.7549244206982,1769.3181384269985,4257495
2024-11-14,1772.5980224609375,1783.4833086013102,1764.469627272938,1773.5961711004963,4311431
2024-11-18,1722.11669921875,1758.005024675079,1706.477991896976,1758.005024675079,4839244
2024-11-19,1734.7607421875,1767.987103735295,1730.7679155470983,1735.4737552340218,4669769
2024-11-21,1743.6021728515625,1774.9271666789355,1730.8154024223286,1751.16006482196,5436504
2024-11-22,1808.438720703125,1819.6568388300636,1743.5545347717343,1762.6632608249854,6301486
2024-11-25,1796.5076904296875,1824.6480325215346,1789.1874693080074,1821.5107285834974,12764638
2024-11-26,1829.2586669921875,1842.9960045611826,1803.7328244508496,1811.0054643107326,6850495
2024-11-27,1829.591552734375,1845.6581372544963,1817.4703304442407,1834.9153604909611,4447143
2024-11-28,1765.0875244140625,1820.4648690644453,1760.3341042723987,1820.4648690644453,8468790
2024-11-29,1766.2283935546875,1784.4340168837268,1754.0121263454853,1759.811276019277,5244346
2024-12-02,1787.0960693359375,1789.9481217185034,1744.6954644082105,1767.321793063357,2868263
2024-12-03,1798.789306640625,1806.0620629902432,1778.8725217831325,1793.9408410909798,4715792
2024-12-04,1796.079833984375,1819.5616835014869,1782.53258632828,1791.0887427426558,4705573
2024-12-05,1839.4310302734375,1853.7388717964993,1795.7946087095554,1806.2997139926326,9050038
2024-12-06,1827.5950927734375,1842.3781605401093,1818.088252003757,1837.4822303839658,3573331
2024-12-09,1828.783447265625,1835.0103583375276,1803.6377838079438,1829.3062538776032,4274645
2024-12-10,1852.4554443359375,1868.6645376907804,1836.7215769538172,1843.3763652761136,6174921
2024-12-11,1876.79296875,1880.4530791874988,1855.7352935156714,1858.5873457085745,5025612
2024-12-12,1889.00927734375,1900.2273959695365,1873.3705705619063,1877.7911587179638,6462130
2024-12-13,1901.0828857421875,1907.500003205855,1857.4465798294907,1872.6099443049989,5362693
2024-12-16,1882.402099609375,1900.9879041439099,1880.0728539329739,1897.042541916786,3119221
2024-12-17,1879.1221923828125,1884.2559097971648,1861.439491111427,1870.9463322304846,5811050
2024-12-18,1881.54638671875,1887.060284654621,1864.8618349910091,1869.8054617493733,3064095
2024-12-19,1850.2213134765625,1863.1031292043601,1825.3134369549032,1838.623014099366,5323592
2024-12-20,1827.357421875,1882.3068918972044,1816.9949422253026,1877.7436779576376,11056720
2024-12-23,1829.4013671875,1844.3270603797318,1814.8558547757257,1834.8678004850174,2781793
2024-12-24,1814.9034423828125,1846.2284355881454,1749.2586619372746,1832.015755380025,2360544
2024-12-26,1813.3348388671875,1825.0757640546135,1808.4863732653307,1814.9034908105154,3623321
2024-12-27,1822.2237548828125,1829.25884045684,1810.007487366256,1815.236249934069,3937500
2024-12-30,1812.0037841796875,1821.5106246003575,1793.4654453593812,1821.2253729676181,7789055
2024-12-31,1787.2860107421875,1803.4476395627287,1754.0596496753712,1798.9794709559926,3613063
