Price,Close,High,Low,Open,Volume
Ticker,MARUTI.NS,MARUTI.NS,MARUTI.NS,MARUTI.NS,MARUTI.NS
Date,,,,,
2015-01-01,3032.034912109375,3049.5060404662127,3013.429294898197,3013.429294898197,299232
2015-01-02,3049.1435546875,3070.3811006268334,3040.8843859444887,3049.506502543943,233924
2015-01-05,3129.192626953125,3148.7512593994493,3064.07296577666,3069.4730884850783,536747
2015-01-06,3081.498291015625,3121.205396598994,3069.9265059599,3121.205396598994,422743
2015-01-07,3120.0712890625,3139.312175974257,3069.518509350901,3085.8097252018033,369241
2015-01-08,3154.3330078125,3185.236530452748,3125.74388689577,3144.8033008402567,422022
2015-01-09,3147.707275390625,3183.557122322293,3112.9919172859086,3176.5687154642414,194054
2015-01-12,3142.89697265625,3161.729487029096,3126.7872314457427,3149.3409577723914,152803
2015-01-13,3147.752685546875,3190.182567490021,3142.171089174529,3161.86577080864,237771
2015-01-14,3191.090576171875,3204.7044438176595,3141.4453831395567,3151.0205143664,429069
2015-01-15,3290.744140625,3302.4065543254187,3212.8727731628733,3222.266430496021,670686
2015-01-16,3282.393798828125,3290.017474827513,3260.1123947860838,3281.1684623090114,379075
2015-01-19,3291.15185546875,3305.9002091816396,3281.122930628018,3292.467818099472,192537
2015-01-20,3272.365234375,3300.0013398939477,3253.2603968233925,3283.664699597443,333315
2015-01-21,3298.821533203125,3349.0113684885896,3260.0674351249363,3288.2027609848674,402419
2015-01-22,3264.832275390625,3310.8925264090626,3260.1582695842494,3310.8925264090626,318883
2015-01-23,3273.408447265625,3303.4043744237392,3244.6378566013786,3298.185726122912,337571
2015-01-27,3347.104736328125,3362.3523093350345,3253.849761745125,3308.1237474729005,1278436
2015-01-28,3381.5029296875,3411.181114034272,3350.826306509121,3350.826306509121,672705
2015-01-29,3347.92236328125,3398.9289428879183,3337.2127431238655,3398.9289428879183,603103
2015-01-30,3310.302490234375,3395.298308194908,3291.4245510211954,3358.0870730609886,284786
2015-02-02,3330.360107421875,3380.7768371890825,3285.4797719797257,3310.302477120963,319679
2015-02-03,3274.452392578125,3365.347545777254,3267.3277143468486,3365.347545777254,220676
2015-02-04,3228.80078125,3298.1860769401014,3222.4022196411197,3285.479801464823,203545
2015-02-05,3197.171142578125,3264.60520602324,3183.829597645128,3248.268566126543,379633
2015-02-06,3178.9287109375,3206.973187608257,3167.4929743180464,3203.569720945308,198214
2015-02-09,3096.0654296875,3174.027413169832,3085.8096063856015,3167.49280184875,286868
2015-02-10,3080.227783203125,3156.6014767059846,3049.505739428438,3079.456242226396,547537
2015-02-11,3135.5,3150.066879832285,3091.254938852305,3091.254938852305,341769
2015-02-12,3223.6728515625,3230.7975305772065,3147.526044256409,3147.526044256409,436882
2015-02-13,3282.711181640625,3291.8325153912983,3204.9761021051286,3235.5618741025582,321186
2015-02-16,3242.006103515625,3312.7073582277803,3232.3855496789697,3285.479626516319,260901
2015-02-18,3235.51708984375,3252.806745909046,3219.2712965695137,3244.6384253975557,161803
2015-02-19,3262.926025390625,3280.9417971966627,3232.9755193581245,3244.6381535209043,214789
2015-02-20,3219.543212890625,3280.034067986213,3214.687512121518,3276.4037037715075,240749
2015-02-23,3218.2275390625,3244.6385315456355,3206.383651197267,3231.9322547787438,163132
2015-02-24,3256.70947265625,3267.3282451369696,3224.8529336342135,3243.5948244327174,143983
2015-02-25,3249.085205078125,3280.9417404848987,3234.745443337951,3262.7899189607774,173339
2015-02-26,3173.7099609375,3250.900405129953,3161.2757858611326,3237.649708292298,429598
2015-02-27,3271.321533203125,3284.436402908352,3173.7102798743163,3173.846329918227,378654
2015-03-02,3368.47900390625,3385.3148634277413,3296.5978318191455,3310.983239642868,386182
2015-03-03,3365.937744140625,3389.2630133658117,3348.6028865647804,3374.423809809073,206296
2015-03-04,3338.48291015625,3439.4978407720046,3310.211536899257,3403.466519534503,340907
2015-03-05,3338.80078125,3368.2974921954637,3304.8569625170103,3337.212496814475,152837
2015-03-09,3332.039306640625,3349.827959556452,3288.2026114461405,3296.6432531362366,218786
2015-03-10,3309.7578125,3348.1035361109207,3303.858470406012,3348.1035361109207,182667
2015-03-11,3318.561279296875,3332.6743645629954,3281.2594197656067,3305.4920566952337,198508
2015-03-12,3344.654541015625,3376.1933304545355,3323.6893204084604,3328.499375778429,308505
2015-03-13,3313.3427734375,3373.697581386826,3290.1085743026665,3362.625014319613,363024
2015-03-16,3310.030029296875,3337.2123373068066,3301.6348119675067,3313.6149696783114,182829
2015-03-17,3323.190185546875,3348.058092673485,3288.7017242758902,3326.321330477875,185250
2015-03-18,3326.230224609375,3338.1197555462736,3305.7188006036763,3324.505890311583,177261
2015-03-19,3317.245361328125,3353.549004133358,3310.8922238372093,3331.766818450218,252139
2015-03-20,3288.973876953125,3333.400414018373,3276.403652424766,3303.631383608351,206403
2015-03-23,3262.245361328125,3302.9054869255933,3251.944335290661,3290.063161492064,192986
2015-03-24,3255.8017578125,3299.0938111002347,3237.4230371316803,3290.017899652916,227226
2015-03-25,3280.714599609375,3293.5569237541117,3243.0949966042804,3258.251722137812,201854
2015-03-26,3232.340576171875,3288.1574339573285,3211.012183359547,3271.86621652942,489101
2015-03-27,3276.44921875,3285.2528078994965,3217.9550180299534,3240.1001517235177,204071
2015-03-30,3322.6455078125,3334.4896156789905,3267.7362476740736,3293.648017228921,152167
2015-03-31,3355.681884765625,3383.227140410264,3321.647220112559,3321.647220112559,294635
2015-04-01,3307.8974609375,3410.3192121117313,3267.3281803474933,3358.0418725942222,694487
2015-04-06,3293.6025390625,3331.6759397851024,3284.5720523144937,3309.0770109805594,262771
2015-04-07,3267.237060546875,3312.70746256915,3247.360904403402,3303.631551712796,306684
2015-04-08,3293.3759765625,3326.230732024904,3272.7737016804303,3280.94202206732,256031
2015-04-09,3321.0576171875,3328.1368727408303,3290.0180430012297,3302.7243195810966,238584
2015-04-10,3327.773681640625,3347.513788455641,3297.6414792613996,3321.78349163033,201302
2015-04-13,3326.502685546875,3339.935077456965,3306.1273107082498,3322.690847437486,218690
2015-04-15,3340.162353515625,3384.4074223924367,3313.0706688637206,3317.2456768153274,232802
2015-04-16,3338.029296875,3375.059058945312,3323.825584456568,3336.531860156586,206305
2015-04-17,3309.80322265625,3342.5671279714948,3300.31894010657,3327.3649772538242,99056
2015-04-20,3274.634033203125,3311.2552002514985,3253.3510667405853,3291.832839814778,175033
2015-04-21,3167.62890625,3273.9079099144396,3149.34103469488,3271.8658299928074,482786
2015-04-22,3142.9423828125,3183.9202516748305,3073.194143556125,3168.445779953747,422446
2015-04-23,3171.531982421875,3208.8340688786425,3158.417334071949,3167.493245951466,234616
2015-04-24,3214.14306640625,3235.5623052214273,3116.758717625185,3163.862607574164,332449
2015-04-27,3311.255126953125,3343.565457245745,3194.901997648328,3233.9284131373524,1804129
2015-04-28,3469.357666015625,3484.0605968353266,3321.783271392322,3325.413635623352,1129937
2015-04-29,3418.169677734375,3515.100454968137,3400.426226784106,3484.24235647371,703698
2015-04-30,3381.5478515625,3442.492495617283,3367.117022416263,3412.5419940735524,592304
2015-05-04,3410.500244140625,3485.149607477879,3382.36492178859,3446.1231926024757,478823
2015-05-05,3442.538330078125,3453.3839989783946,3391.2594349553183,3406.18926364413,458196
2015-05-06,3298.685302734375,3437.9551138074617,3288.701800555948,3437.9551138074617,430929
2015-05-07,3216.14013671875,3290.92555998497,3194.72089662082,3290.92555998497,469950
2015-05-08,3276.90283203125,3285.4795229339907,3232.340023903165,3232.340023903165,495595
2015-05-11,3314.250244140625,3334.852516977752,3281.98533749899,3298.0950788852224,288810
2015-05-12,3246.86181640625,3315.3849461451778,3226.486440025018,3312.7075966501593,332314
2015-05-13,3271.049072265625,3296.3707745505235,3216.865707986142,3285.479681683066,337505
2015-05-14,3309.53076171875,3315.883899064707,3223.763407548334,3271.8203092992803,287801
2015-05-15,3331.9482421875,3343.5654520262533,3290.9251707511385,3303.6314455416837,208258
2015-05-18,3355.90869140625,3363.895315230762,3314.5224516799526,3335.3970454336873,183483
2015-05-19,3364.213134765625,3385.2237790047525,3344.473029368403,3353.5489398958616,175567
2015-05-20,3368.88720703125,3403.421091590757,3364.4400994163225,3364.530947155342,218115
2015-05-21,3356.363037109375,3385.2242594186537,3350.3274228041632,3368.8876181508153,198709
2015-05-22,3360.401611328125,3384.225878693608,3353.1863060991236,3360.8099830241313,135158
2015-05-25,3351.507080078125,3373.516164552269,3340.8428845081794,3354.6382250997117,81113
2015-05-26,3382.0927734375,3385.3147661233743,3332.674482896791,3354.456669059515,252919
2015-05-27,3377.962890625,3403.466286631426,3357.1791451332388,3358.086736143007,283565
2015-05-28,3366.16455078125,3393.437707722088,3354.5021380642893,3381.684447262951,317937
2015-05-29,3435.86767578125,3438.8173469359417,3351.7794467263725,3376.2389832162266,432656
2015-06-01,3524.0400390625,3538.652122193484,3425.6116112547693,3436.048908453979,571376
2015-06-02,3477.34423828125,3528.0787106023486,3462.5052576557814,3521.4532516634044,329350
2015-06-03,3428.153076171875,3466.9980197669106,3405.2818246506413,3453.3841531971457,277700
2015-06-04,3423.478759765625,3460.6445678104856,3400.7435603424838,3447.9382934990913,193996
2015-06-05,3412.04345703125,3448.7554742214793,3404.3743562365335,3420.710996709009,253728
2015-06-08,3379.415283203125,3452.9755823072273,3372.6083503109476,3436.1397239712724,303682
2015-06-09,3351.0986328125,3382.5465755137116,3336.1233797967125,3367.1629508225556,209963
2015-06-10,3396.704833984375,3402.467904043617,3352.7772954386965,3360.764140772442,239272
2015-06-11,3359.357421875,3429.7411520773403,3350.236309091707,3405.327041478545,226654
2015-06-12,3391.486328125,3408.0044411536364,3354.0027729116546,3359.085371495781,173412
2015-06-15,3419.25830078125,3439.6790986157766,3386.2220764719946,3392.1214180686356,175936
2015-06-16,3439.4072265625,3458.421215268391,3398.656254345779,3419.2585274329704,228783
2015-06-17,3456.78759765625,3471.4451052703585,3442.4930378497293,3453.38413103565,291820
2015-06-18,3504.2998046875,3532.2988549361758,3459.736996608171,3460.644587635613,232645
2015-06-19,3573.503662109375,3584.5308045891625,3505.116588763982,3520.545636410017,309290
2015-06-22,3612.802490234375,3625.735663647975,3589.5682905936505,3589.5682905936505,230791
2015-06-23,3645.928955078125,3656.23020115902,3589.794586861397,3614.0272213020276,330957
2015-06-24,3638.80517578125,3662.7200692005536,3618.611273061298,3652.1467211274467,306048
2015-06-25,3658.953369140625,3670.025935789188,3615.479845870832,3615.8427936639587,240888
2015-06-26,3693.850341796875,3700.61185115516,3635.9459854785446,3653.9617573902187,291925
2015-06-29,3624.283447265625,3653.7347330339753,3595.059059263718,3648.516084405783,344044
2015-06-30,3651.556640625,3684.8197648953783,3616.9773320318486,3616.9773320318486,340789
2015-07-01,3659.135009765625,3711.9115654123634,3653.9617847886766,3662.0392569825203,380963
2015-07-02,3624.3740234375,3674.8361746304295,3613.2560330351234,3658.953331198463,322025
2015-07-03,3629.36572265625,3648.5159822397445,3609.5804152403175,3624.3739719342802,279389
2015-07-06,3619.427978515625,3634.902451495267,3607.7201416483726,3616.659781271547,332811
2015-07-07,3605.087646484375,3633.813035733385,3590.15781825206,3620.380644079143,287981
2015-07-08,3584.077392578125,3602.2292152804703,3545.958564903199,3584.9849837132424,252360
2015-07-09,3571.961181640625,3601.2309975455682,3565.471993257993,3584.9852038612885,128065
2015-07-10,3570.826171875,3595.87577372115,3556.758510468468,3584.7123593858037,184572
2015-07-13,3662.35693359375,3666.6679912567374,3575.908882562264,3592.8807915721595,335198
2015-07-14,3676.333984375,3683.8670351975734,3648.65245444111,3675.471817102869,251002
2015-07-15,3768.454345703125,3793.685644503482,3694.8034156227664,3694.8034156227664,551469
2015-07-16,3792.051513671875,3802.8065564072576,3771.9484602454804,3781.0243708812973,321651
2015-07-17,3805.529296875,3838.157372594079,3779.3000039949698,3799.176159484558,241023
2015-07-20,3790.1455078125,3829.1267215041125,3776.5772872218345,3819.1432197414806,207897
2015-07-21,3769.090087890625,3807.2997648700452,3758.7436371600775,3790.9631237713643,146004
2015-07-22,3803.849853515625,3810.974531352395,3751.9811175543705,3757.2449679832534,305466
2015-07-23,3842.78564453125,3853.177739146018,3805.574412095733,3810.883908282494,229845
2015-07-24,3842.922119140625,3868.0621247931563,3816.783231562785,3846.325585505472,226189
2015-07-27,3792.006103515625,3849.592487447342,3781.5688068565787,3849.592487447342,220316
2015-07-28,3809.114990234375,3850.0017957375576,3767.955641480618,3819.0528477857924,940179
2015-07-29,3878.77197265625,3911.2635543541774,3785.743891829866,3834.4812643767564,819323
2015-07-30,3899.420166015625,3918.9785779957792,3885.44290780531,3911.717848810053,294361
2015-07-31,3931.185546875,3956.1895037769946,3888.301868496137,3899.9188570153124,297226
2015-08-03,4017.951171875,4028.7970632424644,3975.2491860783944,3975.2491860783944,341893
2015-08-04,4028.61572265625,4042.366084141759,4003.793457362763,4037.873330347119,313075
2015-08-05,4058.428955078125,4069.6377918656153,4013.594051087805,4045.1328363838193,198485
2015-08-06,4040.686767578125,4064.51103597334,4020.6741162302915,4048.7642404211233,184121
2015-08-07,4041.457763671875,4055.298527253932,4020.719219443214,4039.4156837991122,144268
2015-08-10,4081.573974609375,4091.3762261812944,4035.150769970086,4056.9329603612878,241899
2015-08-11,4088.0625,4115.018133497875,4052.4395485796667,4093.23594664213,216773
2015-08-12,4088.0625,4088.0625,4088.0625,4088.0625,0
2015-08-13,4077.67041015625,4104.762090783801,4020.7642758362617,4063.2850038315,261773
2015-08-14,4149.9599609375,4164.935212846843,4075.537496903192,4092.781726374556,181419
2015-08-17,4129.35693359375,4163.119492615897,4116.378560880619,4161.259108519409,157066
2015-08-18,4205.7763671875,4218.482640200151,4116.832456098943,4134.076683758969,172443
2015-08-19,4240.12890625,4253.878820633346,4180.091853003351,4199.423363147107,255128
2015-08-20,4205.91259765625,4258.779771566522,4176.052943427272,4202.146183769251,279387
2015-08-21,4145.2861328125,4187.489117268344,4110.479926892784,4184.902394105239,310480
2015-08-24,3849.820068359375,4041.0949084661943,3818.7350706195957,3948.0216107457336,930804
2015-08-25,3810.975341796875,3965.265841464765,3686.7261986374488,3901.7344592485747,915511
2015-08-26,3841.150634765625,3886.2086130968632,3753.819678356789,3831.974890373046,612412
2015-08-27,3838.13720703125,3901.272934191077,3821.93097796796,3884.9298402421573,795947
2015-08-28,3840.05419921875,3918.7113759074186,3811.887230758032,3880.3642468794337,372560
2015-08-31,3804.766845703125,3864.843852709016,3782.078032292783,3833.800930197297,298281
2015-09-01,3708.2138671875,3834.211829774697,3694.29020392574,3807.32300337966,605386
2015-09-02,3679.499267578125,3734.2351984536235,3661.2387253072657,3727.889704595902,392078
2015-09-03,3782.89892578125,3800.2919109230315,3688.6745887441984,3705.976404934796,514445
2015-09-04,3709.903076171875,3779.6584806599362,3698.8553590509478,3777.1931291535916,316141
2015-09-07,3715.655029296875,3769.4322342106184,3693.194474356776,3714.102704962276,300049
2015-09-08,3779.29296875,3794.4038350314704,3722.4115576612608,3748.8893440660136,292997
2015-09-09,3930.718994140625,3943.364510130321,3823.4382972338612,3843.8445444891527,589734
2015-09-10,3927.340576171875,3942.4055232395995,3857.67634133393,3884.930289282888,321362
2015-09-11,3942.222412109375,3980.7978036701697,3933.8683040465776,3952.493966075267,281728
2015-09-14,3943.8203125,3968.928556184165,3912.3208795144114,3953.4070964521356,207396
2015-09-15,3948.841552734375,4034.7574777612795,3944.2764179913297,3994.949413639135,734807
2015-09-16,3976.780517578125,3996.3192063490465,3953.498328918792,3996.3192063490465,418079
2015-09-18,4018.095458984375,4088.8091413903426,3976.7809821254896,3998.4194572128913,621252
2015-09-21,4099.71923828125,4116.838493493716,4005.5405981018603,4015.4470296142613,642858
2015-09-22,4084.015380859375,4126.790786405358,4054.2965293392303,4115.925853904121,924289
2015-09-23,4106.4755859375,4129.620908358499,4029.4162002682174,4071.1871833673554,880695
2015-09-24,4169.47509765625,4203.576748845416,4094.6982676769067,4108.165417339259,1098076
2015-09-28,4141.71826171875,4213.619129861016,4123.91423722638,4172.532919494007,684352
2015-09-29,4275.06640625,4327.748245710085,4078.491859406529,4117.706549789773,1222175
2015-09-30,4278.080078125,4349.159330498646,4252.469399229205,4300.357851291602,835777
2015-10-01,4181.9833984375,4311.22219473783,4172.533479621732,4309.487532563365,1087189
2015-10-05,4030.14697265625,4172.533722995221,4007.27582280657,4172.533722995221,1949365
2015-10-06,3975.31982421875,4062.0573950273815,3960.7568642679134,4062.0573950273815,1159174
2015-10-07,3984.90673828125,4051.9228375913185,3967.1481830374264,3973.7221564175898,801302
2015-10-08,3975.09228515625,4023.7109849402455,3955.4167267617845,3999.0592498385013,726218
2015-10-09,3904.42333984375,4014.7627487172344,3892.0060827201296,4008.1887755888497,816648
2015-10-12,3863.793701171875,3946.6963809273566,3849.7786464634296,3935.9683128386705,837794
2015-10-13,3902.140625,3915.059868191428,3861.3281388133655,3863.0173279659357,605082
2015-10-14,3880.136474609375,3921.998851521056,3873.060515393369,3899.4469064038126,656029
2015-10-15,3996.6845703125,4007.4126382863737,3890.408309504329,3898.5341611898257,982419
2015-10-16,4060.231201171875,4073.0135795879773,4000.016890236145,4026.4492010721765,929525
2015-10-19,4071.1416015625,4088.53458622657,4024.7140930809064,4076.665236154898,594941
2015-10-20,4116.61083984375,4123.869583442821,4055.3466337187056,4079.313594527333,675597
2015-10-21,4085.52197265625,4131.173321286668,4062.970028107243,4098.578080038969,316565
2015-10-23,3999.880126953125,4115.925954541437,3990.932640160153,4109.351981434852,621558
2015-10-26,4003.76123046875,4064.7971893777235,3995.224336786465,4017.3197738683702,535165
2015-10-27,4105.8828125,4125.056381337558,3995.9544403274667,4025.5364287997554,1290318
2015-10-28,4104.2392578125,4162.4902036351705,4083.056852523905,4136.012419931416,989227
2015-10-29,4053.428955078125,4120.079927978187,4034.8946847753423,4109.991157666166,907407
2015-10-30,4062.05712890625,4079.313250068548,4017.4101977041264,4059.3180479022676,738321
2015-11-02,4104.7412109375,4131.492724205186,4040.3273332253557,4081.23076525399,603730
2015-11-03,4092.689453125,4127.978307228681,4076.7114788580348,4126.791104509012,320901
2015-11-04,4127.38427734375,4141.992710231499,4067.626924050701,4097.437168249463,660804
2015-11-05,4132.90869140625,4158.8385727077475,4105.335093784091,4125.924123032017,406256
2015-11-06,4129.43896484375,4140.897722923568,4091.3200818006526,4138.706546953357,361975
2015-11-09,4225.67236328125,4235.5328780107175,4053.8404781995227,4053.8404781995227,729714
2015-11-10,4302.82275390625,4318.572470507936,4227.086981835155,4245.119266060274,909977
2015-11-13,4218.001953125,4325.237152520518,4202.115372499655,4322.680855248012,983107
2015-11-16,4242.74609375,4258.35894835382,4175.182079560853,4199.925206352395,644299
2015-11-17,4229.3701171875,4269.451920872557,4216.359479987452,4241.376335335612,638262
2015-11-18,4138.97998046875,4247.401945434429,4131.447507113239,4231.423971650013,725994
2015-11-19,4245.89599609375,4256.076159893036,4173.492673906293,4182.486080708263,1030684
2015-11-20,4325.83056640625,4351.486714460428,4228.228068540966,4260.184013779345,917455
2015-11-23,4324.32470703125,4373.399914843956,4293.373176754972,4318.618287518145,1034126
2015-11-24,4236.35302734375,4313.184144619481,4219.09690971285,4313.184144619481,1287988
2015-11-26,4205.9052734375,4254.661282610518,4179.79305214638,4254.661282610518,1436728
2015-11-27,4181.708984375,4272.966208106617,4160.115985755371,4272.966208106617,1231876
2015-11-30,4158.8388671875,4291.227810270308,4101.409545868183,4187.1427101914105,10567769
2015-12-01,4159.93408203125,4214.532922063406,4137.24527035691,4208.141732623535,1506622
2015-12-02,4217.08984375,4224.896493781251,4159.9346978070835,4199.9251107534155,1123497
2015-12-03,4224.62158203125,4240.736865919078,4200.380892473965,4208.141622304642,567288
2015-12-04,4200.244140625,4230.967412148171,4180.887788553709,4209.054762624745,581041
2015-12-07,4167.23828125,4236.445554000532,4161.577335158281,4220.011066937599,493623
2015-12-08,4147.4716796875,4181.481944122892,4126.883093905263,4145.143638568561,577670
2015-12-09,4089.5390625,4146.968367952852,4081.230428170244,4144.046503414717,607147
2015-12-10,4106.88671875,4126.699136586998,4022.8423183491764,4104.0562459693,506406
2015-12-11,4091.046142578125,4134.18667267617,4028.2755300016042,4126.654199166987,532721
2015-12-14,4178.74267578125,4190.794813046354,4082.6010907487516,4089.3574028095873,484617
2015-12-15,4218.18505859375,4230.967437559186,4166.233907532744,4204.489652559355,581111
2015-12-16,4217.63720703125,4252.103979324475,4203.576679152576,4250.1410602639535,357572
2015-12-17,4260.869140625,4272.053722394467,4176.049013756503,4245.575936981036,443534
2015-12-18,4218.59619140625,4293.053372183489,4210.4244206346575,4277.258181870476,682206
2015-12-21,4235.6240234375,4254.706200280248,4214.76126546002,4224.484914716315,274072
2015-12-22,4215.62890625,4240.965408285844,4201.796189027868,4227.315474809397,207127
2015-12-23,4231.83544921875,4251.054492773043,4218.185514736138,4231.880922251516,227939
2015-12-24,4198.46337890625,4231.2868787517355,4187.278797859833,4230.282459862323,162732
2015-12-28,4236.4462890625,4241.8789793320775,4188.968873754041,4198.464267652918,272134
2015-12-29,4233.615234375,4250.962749125634,4211.611192291656,4238.226288678706,253128
2015-12-30,4188.23779296875,4239.093131326111,4177.098684816979,4233.706360982805,265170
2015-12-31,4219.96533203125,4233.706210091663,4169.155022696963,4188.054859972063,422019
2016-01-01,4235.076171875,4262.010471124825,4202.070331618102,4219.098197743748,243597
2016-01-04,4182.25732421875,4251.967029595772,4174.131472526191,4231.880434222977,405501
2016-01-05,4169.74951171875,4200.609650994311,4160.8929700578865,4199.879407601555,509285
2016-01-06,4091.091552734375,4193.533369210514,4079.4049844616975,4192.620342132524,593742
2016-01-07,3896.707763671875,4062.6963363326618,3882.053858950058,4062.6963363326618,1200069
2016-01-08,3848.180908203125,3948.8421443688276,3830.878866609132,3913.507817838121,994652
2016-01-11,3900.817138671875,3926.016777382534,3758.9328075543935,3825.5837900541437,865799
2016-01-12,3897.712158203125,3948.6588851077463,3889.4949154240603,3935.146264196643,481142
2016-01-13,3918.02783203125,3935.1470914196766,3854.2073221940045,3924.1907654110832,431206
2016-01-14,3878.7666015625,3915.9724484438448,3846.30867297686,3870.3211025771643,402026
2016-01-15,3901.68408203125,3962.537243391975,3884.016920135821,3894.060217296492,592183
2016-01-18,3867.7646484375,3916.200546109161,3809.924306410928,3906.842020586606,396124
2016-01-19,3833.0244140625,3875.754347415844,3802.757656570958,3872.1477122490833,499001
2016-01-20,3705.93115234375,3825.537920489589,3678.1295228600907,3807.185987362662,679992
2016-01-21,3553.2275390625,3729.6700270598235,3533.414895470334,3729.6700270598235,1212801
2016-01-22,3747.930419921875,3761.579906294529,3588.3330303659804,3600.019820728065,1063413
2016-01-25,3726.383056640625,3809.148869937029,3719.5808267615694,3767.1041524187617,608634
2016-01-27,3754.322021484375,3815.540311180945,3736.1069522259936,3771.715009688558,886550
2016-01-28,3746.423828125,3779.8407083184566,3680.4121487588945,3725.150475548571,1677354
2016-01-29,3739.622314453125,3765.323939376997,3581.805483553821,3583.631537840619,2147231
2016-02-01,3604.859130859375,3760.7585031367735,3591.528846468171,3744.2326239990343,1904034
2016-02-02,3537.93408203125,3638.4127523068437,3516.5693384703377,3608.8307653906586,902619
2016-02-03,3495.3876953125,3533.4151882140604,3455.4882292026527,3533.4151882140604,1101308
2016-02-04,3464.617919921875,3544.279528052437,3445.764000971248,3527.936433426842,597800
2016-02-05,3399.56494140625,3460.3726341130964,3372.0829600351994,3455.533546006419,1245857
2016-02-08,3407.919189453125,3459.459522288775,3391.9412159403105,3422.938439973771,559505
2016-02-09,3339.031494140625,3368.156969446607,3305.158099592496,3364.504861049267,657011
2016-02-10,3358.61572265625,3394.6345954471994,3286.89740279987,3323.2816201575506,795377
2016-02-11,3233.439208984375,3345.604657618722,3212.48528531284,3333.552746603659,1066224
2016-02-12,3240.9267578125,3275.9414384368615,3159.9869895289794,3259.506949615272,1211696
2016-02-15,3388.471435546875,3400.934164867131,3290.9144119581656,3292.3296483819595,1182286
2016-02-16,3382.947998046875,3422.892934046278,3333.644534184755,3401.25423615486,753873
2016-02-17,3423.0751953125,3428.416492592917,3343.048465413839,3359.848073578263,652019
2016-02-18,3335.515869140625,3466.62663477193,3307.075167412093,3452.3833244886027,1243826
2016-02-19,3267.860595703125,3323.418379478913,3249.463190265234,3323.418379478913,718677
2016-02-22,3214.585693359375,3236.680903464532,3187.8796520543433,3231.2027411455515,1291463
2016-02-23,3184.09033203125,3258.091216389495,3177.3340212637713,3222.9853721439977,796836
2016-02-24,3186.1904296875,3222.985464128496,3177.334111945373,3195.5489568850403,605914
2016-02-25,3117.211181640625,3204.7249126488323,3105.2049652189967,3204.405264021811,840542
2016-02-26,3112.691650390625,3158.251832116485,3081.557562968987,3151.7692511566997,831491
2016-02-29,2955.01220703125,3136.2023903149347,2915.5237849845635,3127.11781525785,2218323
2016-03-01,3190.48193359375,3204.7252460724335,2922.508469285414,2922.508469285414,1924803
2016-03-02,3298.447509765625,3312.188613227318,3232.161871103931,3234.8095607286855,1236996
2016-03-03,3294.794921875,3329.80959784264,3266.810732404981,3310.4534692750763,742263
2016-03-04,3245.902587890625,3304.244927820878,3219.333411300474,3304.244927820878,610234
2016-03-08,3161.4931640625,3285.9388010123494,3150.4913659534755,3243.9395548718608,1100041
2016-03-09,3265.350341796875,3286.897872568748,3141.817941745122,3154.372065563961,752948
2016-03-10,3311.731201171875,3318.578903075037,3262.6103082717996,3286.8969135178,1016572
2016-03-11,3324.51416015625,3369.069926255611,3301.551618249856,3317.6664570541043,1002559
2016-03-14,3330.859619140625,3363.591728791255,3311.5948816911505,3341.679079092289,483295
2016-03-15,3336.702880859375,3359.847981658329,3301.0491317844962,3350.8091034847466,688839
2016-03-16,3348.389892578125,3355.3744604554577,3321.135945552851,3332.5487838537197,459188
2016-03-17,3319.263916015625,3423.851201980175,3305.157693644863,3365.7371234080238,710449
2016-03-18,3306.43603515625,3332.2747449826447,3247.6828788468943,3323.418427271589,1073782
2016-03-21,3350.398193359375,3358.843692910055,3291.4622573189126,3314.379323640845,474712
2016-03-22,3377.7890625,3411.023155941102,3334.3745843247802,3349.8960432331924,713115
2016-03-23,3411.068603515625,3418.372818940712,3347.567536082382,3389.0190923639298,586282
2016-03-28,3322.459716796875,3449.233611004362,3314.2424734018286,3432.068657997755,743468
2016-03-29,3405.545166015625,3441.1989165378036,3327.983563486414,3331.635671649362,686482
2016-03-30,3403.262939453125,3423.760353990309,3363.5919551390903,3419.2866102051826,872340
2016-03-31,3393.08251953125,3422.710203150513,3345.3311595447763,3414.2647028159636,1223191
2016-04-01,3399.382568359375,3437.5014510651863,3361.765895156839,3378.6112011364476,769731
2016-04-04,3362.906982421875,3425.221080446797,3356.2875361115352,3410.156133671541,299849
2016-04-05,3245.674560546875,3375.369885170787,3228.920423660566,3356.2877074441512,826024
2016-04-06,3262.291259765625,3293.562435405501,3237.59383413142,3257.680428703019,664480
2016-04-07,3169.11669921875,3247.18050728075,3149.943132326329,3247.18050728075,1221608
2016-04-08,3132.276123046875,3171.8559343612437,3121.182933682761,3159.0735558117167,1631533
2016-04-11,3176.101318359375,3184.63821006348,3125.2914544286964,3138.073832565419,970375
2016-04-12,3262.884765625,3295.8908276477227,3163.684464539898,3168.3864647445785,1404427
2016-04-13,3407.052001953125,3419.606124528124,3292.923614907678,3298.7668991616024,1107727
2016-04-18,3395.501953125,3423.8514880272655,3359.93959358409,3397.191142355226,999621
2016-04-20,3350.85498046875,3400.4323940284144,3333.4617705275728,3400.4323940284144,1830988
2016-04-21,3383.0390625,3412.2102312137467,3354.461272186583,3373.6348396106214,1928958
2016-04-22,3484.156982421875,3499.6327466208622,3360.0309972868367,3380.939227951227,1165761
2016-04-25,3403.719482421875,3507.850272333748,3392.0326904469603,3475.072687166315,838216
2016-04-26,3534.829833984375,3555.327246176646,3370.8043946994435,3381.897806831168,2782566
2016-04-27,3523.736572265625,3590.707196774793,3497.12192243256,3507.028355269635,1388262
2016-04-28,3421.97998046875,3518.8065519932998,3410.2477156158866,3486.850602507113,1821236
2016-04-29,3464.617919921875,3487.7632442263293,3401.0256766343136,3416.547136098148,962848
2016-05-02,3497.669677734375,3506.023785873857,3425.312285799348,3469.4113129054517,762337
2016-05-03,3487.717529296875,3541.6318195457584,3465.5766240058247,3506.754231874862,795697
2016-05-04,3480.0478515625,3509.675530961256,3465.895934098947,3469.502345903427,557609
2016-05-05,3503.147705078125,3515.1539208658223,3471.3286252290536,3492.3282460550054,485772
2016-05-06,3486.804443359375,3501.4585714012646,3471.3286801740833,3496.8477404351024,411877
2016-05-09,3511.958740234375,3540.719093885066,3492.3286575839034,3496.893793084013,771389
2016-05-10,3510.40673828125,3558.112405610062,3501.550419741323,3515.6109483175355,1094666
2016-05-11,3551.720703125,3558.9792231469946,3460.372307780172,3469.502577721544,679706
2016-05-12,3518.98876953125,3569.7531620682003,3507.393370716034,3546.9731820239667,857976
2016-05-13,3511.730224609375,3540.62744103225,3495.0674812621874,3520.6322381784207,435056
2016-05-16,3544.006103515625,3556.2405775721973,3506.0240867464026,3533.414899924109,878812
2016-05-17,3607.095703125,3623.8041417082254,3548.2511579021393,3552.633732057786,865028
2016-05-18,3574.409423828125,3596.4134643723305,3474.1135385163907,3587.100633265331,1921044
2016-05-19,3585.092529296875,3597.327004056492,3543.458401711484,3560.8059177208934,679821
2016-05-20,3601.846435546875,3614.6745116738757,3543.5497853632323,3546.0149141037577,485214
2016-05-23,3573.451171875,3623.1654524347464,3560.805657492641,3619.239391359187,348354
2016-05-24,3582.90087890625,3595.4550014529996,3554.551343046552,3573.4054862882376,283533
2016-05-25,3707.757080078125,3717.846073360563,3597.326505167146,3604.6307214212925,842663
2016-05-26,3759.845703125,3766.236893004037,3676.9427955412298,3710.5422383438563,1074664
2016-05-27,3785.95849609375,3800.0190251402546,3735.2397929716103,3756.833018965839,880888
2016-05-30,3717.617919921875,3793.810206166053,3701.4116896575874,3772.627800114739,555311
2016-05-31,3799.653076171875,3816.4526830300797,3702.37000925152,3706.889448110556,775477
2016-06-01,3803.077392578125,3834.6682183412513,3789.0623379004405,3807.9621765620736,647041
2016-06-02,3822.524658203125,3830.10305030264,3765.3236019579067,3789.0623055589995,411143
2016-06-03,3851.102294921875,3866.669226469092,3816.4527430084545,3827.545931555605,591630
2016-06-06,3781.75830078125,3850.2353342333486,3759.8456500765783,3849.322307120654,443085
2016-06-07,3775.960205078125,3824.624814008138,3759.8453669155074,3811.88790841968,471388
2016-06-08,3798.283935546875,3807.140030480039,3765.9628670062534,3771.714759119401,417715
2016-06-09,3806.546630859375,3825.3550772250696,3779.9319815530253,3790.9337791640755,305434
2016-06-10,3753.910888671875,3831.974705036084,3743.411077114116,3802.849229964754,464892
2016-06-13,3775.138671875,3789.0623346710804,3708.7159526346813,3719.6722774578266,385639
2016-06-14,3747.519287109375,3794.4487853159144,3739.7585576805945,3784.496880270035,403193
2016-06-15,3843.478515625,3848.408772220212,3754.4583838832514,3766.2363429201364,510807
2016-06-16,3728.894287109375,3801.845067517814,3708.716297852392,3798.192958903484,1118517
2016-06-17,3756.64990234375,3796.3665801301036,3737.4306378220567,3757.106415881524,951658
2016-06-20,3773.7236328125,3784.3143900856353,3712.0940831906405,3722.00051598094,667114
2016-06-21,3795.818359375,3805.5879265973376,3751.6279417524875,3785.409940741254,512383
2016-06-22,3790.29443359375,3816.909079430461,3766.281557855417,3784.496623427643,417540
2016-06-23,3806.044677734375,3811.8879617344746,3762.0825141169303,3790.79694756184,341093
2016-06-24,3716.065673828125,3736.197964235714,3530.31037086582,3700.498518528516,1559787
2016-06-27,3675.025390625,3707.8029736498447,3655.851821935848,3707.8029736498447,836629
2016-06-28,3723.963134765625,3726.9304724793274,3688.629034879242,3689.6334537297485,626447
2016-06-29,3771.943115234375,3780.8451292430973,3733.55028203074,3743.4110190525716,646945
2016-06-30,3823.02734375,3834.7139125865588,3784.99940746563,3816.361978270661,770542
2016-07-01,3803.123046875,3847.679037472512,3772.6280304672314,3824.3054542196883,804652
2016-07-04,3810.792236328125,3826.0399668423115,3794.3122759109738,3808.235938837676,343648
2016-07-05,3810.38134765625,3836.5394822359744,3789.0620778865523,3816.452888088142,282439
2016-07-07,3780.936279296875,3825.4918195191453,3766.236455121364,3817.4573600738095,325843
2016-07-08,3799.8359375,3812.481451768329,3767.1497462387515,3781.758179573657,261295
2016-07-11,3900.496826171875,3913.1423393143245,3825.5376659472527,3825.583138971773,518428
2016-07-12,3990.29296875,4000.884170733536,3917.798716708718,3926.0159594144693,688921
2016-07-13,3945.555419921875,3980.7983569235003,3926.9297553045817,3971.6680854626666,416940
2016-07-14,4043.1572265625,4052.926793645011,3949.7547441559627,3949.7547441559627,637580
2016-07-15,4083.102294921875,4102.732375796378,4021.427498220829,4062.9702275133814,654076
2016-07-18,4067.30712890625,4167.420452771025,4046.9008857884505,4087.6219801589946,684924
2016-07-19,4095.565673828125,4107.708755437472,4053.8401587335798,4067.718348413401,378788
2016-07-20,4080.454833984375,4117.752078895038,4064.8419819503765,4082.9201853949003,357560
2016-07-21,4029.827392578125,4102.275727376522,4022.1121362090785,4098.578146403167,252227
2016-07-22,4030.73974609375,4062.0563882032084,4021.883207470248,4036.491636827688,339886
2016-07-25,4154.775390625,4167.968810860123,4036.4929053258716,4041.9710680564654,499616
2016-07-26,4082.41796875,4185.316303132107,4064.020561510511,4177.235923986162,1828186
2016-07-27,4161.71435546875,4225.489387087925,4117.752190096487,4118.025919898827,1212744
2016-07-28,4349.20458984375,4367.92164538942,4173.035832613904,4180.751089932724,1879461
2016-07-29,4343.8173828125,4404.442286986334,4309.98946467469,4337.791315396366,799265
2016-08-01,4443.0185546875,4460.1378144666705,4357.1939989945895,4381.572003245752,1206974
2016-08-02,4552.39794921875,4600.742905645929,4455.571617295521,4473.832156710667,1611134
2016-08-03,4449.95703125,4583.3958470773105,4431.057192758167,4578.73931990254,1019631
2016-08-04,4464.3828125,4514.918950992925,4445.848540935784,4514.918950992925,727097
2016-08-05,4511.85986328125,4533.179133262105,4473.832377237526,4491.179890537018,598288
2016-08-08,4557.6025390625,4574.265281855687,4528.659404761898,4546.874471784695,474502
2016-08-09,4529.39013671875,4584.993392526305,4487.8928807428765,4574.173933283074,508711
2016-08-10,4438.77294921875,4546.875276262668,4428.181744954607,4542.310140443127,512317
2016-08-11,4454.33984375,4495.289200843719,4387.095482899172,4439.229422649605,623156
2016-08-12,4472.55419921875,4510.353428260405,4425.53330821563,4457.397861693786,686072
2016-08-16,4441.146484375,4517.65797506937,4430.00737571475,4517.65797506937,793106
2016-08-17,4464.5654296875,4484.149592509698,4427.359577232643,4437.31148295961,498247
2016-08-18,4488.3046875,4519.484476086352,4474.7461449089315,4492.86982333443,479572
2016-08-19,4473.923828125,4504.145111908242,4463.834611979334,4488.440868704352,426426
2016-08-22,4416.99658203125,4471.093434387273,4408.0945683524105,4470.1804073432895,292890
2016-08-23,4413.390625,4432.929763394627,4382.530484497287,4414.531908980338,270869
2016-08-24,4518.16015625,4550.344362086819,4461.46152900146,4464.702596937432,952400
2016-08-25,4504.6015625,4549.430832287999,4479.538792611165,4541.213589152509,914319
2016-08-26,4492.91455078125,4533.087739457617,4483.054037340821,4505.605537132126,337715
2016-08-29,4498.8486328125,4524.048264274775,4492.913957995591,4496.657457427501,299611
2016-08-30,4626.90087890625,4659.998105449618,4520.3963756198245,4524.048483376334,996156
2016-08-31,4646.20849609375,4692.36139122373,4630.257218760285,4655.632108335443,804288
2016-09-01,4652.73583984375,4688.821376911154,4614.6274943813205,4664.917581656314,870402
2016-09-02,4744.39794921875,4770.324104330015,4665.837026032393,4668.595156294087,956049
2016-09-06,4890.80859375,4904.874878221117,4781.678395806566,4781.678395806566,970024
2016-09-07,4905.83984375,4929.697848599453,4863.594753877615,4890.164650634183,734051
2016-09-08,5046.8271484375,5055.653255906648,4890.165424289409,4892.004177974045,942300
2016-09-09,4967.392578125,5047.332566069074,4943.534571906935,5047.102721881673,547599
2016-09-12,4899.3583984375,4918.6653089961765,4827.647016362415,4877.2933577990125,795632
2016-09-14,4931.44580078125,4950.614899460341,4900.3248020709625,4900.3248020709625,539702
2016-09-15,5012.81005859375,5020.7167889892235,4918.252063345276,4924.182223370497,704384
2016-09-16,5123.9619140625,5166.804957492784,5031.748611850692,5031.748611850692,1669960
2016-09-19,5049.1259765625,5120.010026307387,5042.782365648414,5120.010026307387,632835
2016-09-20,5070.224609375,5111.734376987985,5055.054894047608,5079.556192960184,423083
2016-09-21,5057.72119140625,5095.645481185029,5021.727682526364,5080.475765273518,549370
2016-09-22,5145.84423828125,5179.861181608051,5116.286362443695,5116.654023399468,526494
2016-09-23,5150.16455078125,5176.091154959788,5116.883381442602,5176.091154959788,559592
2016-09-26,5119.91748046875,5171.494609826984,5107.643710145201,5135.638913865517,418297
2016-09-27,5067.0537109375,5148.464804043101,5056.572904155423,5147.545427151436,427991
2016-09-28,5076.61474609375,5107.138236089449,5062.088771900721,5066.317995056433,449876
2016-09-29,5000.1220703125,5127.36371224464,4960.0371575326935,5125.524958896157,693217
2016-09-30,5035.7021484375,5054.273738556953,4948.637438606289,4983.022039650511,646631
2016-10-03,5222.9794921875,5258.835186641876,5177.745975002355,5204.591956569871,840940
2016-10-04,5222.0595703125,5256.950095070752,5194.478269765075,5254.375571004354,464913
2016-10-05,5230.51904296875,5302.046383541596,5215.624958181285,5246.883771609483,644731
2016-10-06,5250.0556640625,5282.371670258041,5240.447996503121,5240.447996503121,416860
2016-10-07,5225.5537109375,5256.307044667281,5210.383993636873,5249.136085145494,309473
2016-10-10,5251.80126953125,5272.0733449942445,5236.723582331295,5263.339266863946,205840
2016-10-13,5257.501953125,5288.990608124022,5196.8693232857695,5231.253925385025,441169
2016-10-14,5231.66796875,5302.000294993547,5212.03918399587,5295.794501501469,352350
2016-10-17,5147.6826171875,5239.528267699966,5125.1578860840345,5239.528267699966,400595
2016-10-18,5173.0576171875,5190.20390471487,5130.214568548944,5167.816989864696,487798
2016-10-19,5152.73876953125,5192.547601283531,5142.119699242112,5179.492721423948,384608
2016-10-20,5189.4228515625,5225.278550244569,5162.301233328628,5162.301233328628,311728
2016-10-21,5194.6630859375,5212.866567400733,5163.220219139775,5194.93871941761,224567
2016-10-24,5253.2265625,5284.577398505751,5209.1885072953355,5209.1885072953355,412403
2016-10-25,5315.33154296875,5331.466427344999,5264.030044676129,5271.70693126336,339506
2016-10-26,5395.9150390625,5422.48494161815,5318.595352197523,5329.260213991744,590811
2016-10-27,5387.685546875,5468.452883772788,5322.364008654615,5421.564669739094,1864862
2016-10-28,5402.3955078125,5450.570758909954,5392.834079558065,5444.54902086568,935542
2016-11-01,5404.1884765625,5492.356615678777,5383.13483911086,5441.790895246516,1163831
2016-11-02,5327.4208984375,5392.05290795266,5318.594791369018,5336.982327380666,522312
2016-11-03,5337.48828125,5387.456504602558,5313.998381465202,5332.293891646173,585730
2016-11-04,5244.90625,5322.271709422142,5210.38338561097,5322.271709422142,679821
2016-11-07,5255.1123046875,5318.45728010302,5247.803079137276,5298.368806073602,532212
2016-11-08,5211.94677734375,5268.948135642447,5131.501312002847,5266.005950487066,684050
2016-11-09,4958.1533203125,5105.299398393556,4877.293950743348,4877.293950743348,1299603
2016-11-10,4898.89990234375,5072.43229543137,4877.294544793768,5061.629616656379,942971
2016-11-11,4720.310546875,4866.215831137495,4691.580020587841,4863.503489890198,1058491
2016-11-15,4455.85107421875,4706.334979489344,4418.891952389485,4690.567759326471,2793900
2016-11-16,4588.4248046875,4605.525300158263,4506.370438685135,4527.010624040838,1952224
2016-11-17,4528.43603515625,4641.013899344596,4519.9318000990115,4624.465117611593,668715
2016-11-18,4551.7421875,4587.597880164774,4493.8214531953645,4537.124187196477,699355
2016-11-21,4401.470703125,4587.690297039236,4381.106147584731,4587.690297039236,864696
2016-11-22,4536.7109375,4556.431750854298,4436.498859040937,4440.590265663087,845997
2016-11-23,4487.34033203125,4546.318263810225,4468.171236019756,4546.318263810225,757744
2016-11-24,4440.7275390625,4490.144039595701,4416.685926725513,4470.009778463665,550368
2016-11-25,4480.6748046875,4509.543146053659,4406.067468109073,4458.058045915228,669501
2016-11-28,4499.19970703125,4516.89770843311,4443.347572737069,4473.687003711686,1387068
2016-11-29,4677.9267578125,4706.289620557724,4501.268603682481,4503.107357197056,874897
2016-11-30,4841.4384765625,4856.148506115292,4688.913947419888,4698.5211661228695,1270618
2016-12-01,4828.65869140625,4879.5920732880195,4784.6664243823225,4841.437938376771,1221883
2016-12-02,4659.494140625,4814.041486765619,4639.175821422078,4799.147401471116,772281
2016-12-05,4783.47119140625,4799.05435715706,4647.449228774765,4655.631591639974,578935
2016-12-06,4721.18359375,4836.84100756022,4705.4159235978095,4799.146561388396,646660
2016-12-07,4704.12939453125,4789.7234676801445,4629.108154988252,4735.664289330563,590462
2016-12-08,4812.5693359375,4845.023153695175,4753.177511676037,4755.0162650654665,845955
2016-12-09,4812.9375,4884.189201289399,4781.862744035694,4863.5032234957025,562518
2016-12-12,4729.64208984375,4806.502082864492,4707.255174177583,4806.502082864492,357439
2016-12-13,4746.88037109375,4787.195134711306,4720.126415664592,4761.222739367424,484291
2016-12-14,4726.5625,4794.320758068055,4716.587619623473,4762.326621054776,371699
2016-12-15,4736.6748046875,4778.000969160674,4670.433889423942,4688.775635149951,457317
2016-12-16,4770.32373046875,4787.194382363473,4735.893343082317,4757.314640203532,1170505
2016-12-19,4702.65771484375,4776.575962306876,4692.544570917786,4757.774528806022,369118
2016-12-20,4696.17724609375,4732.49263395998,4663.07967740554,4721.827772044211,377676
2016-12-21,4723.62060546875,4743.984713632938,4664.50440257614,4706.657922421067,413072
2016-12-22,4674.47900390625,4729.273947356012,4645.610664072693,4729.273947356012,399573
2016-12-23,4778.13916015625,4793.630749388162,4634.578559199411,4642.852950596513,589006
2016-12-26,4750.7421875,4833.899556542069,4735.802313272803,4761.452838316907,510998
2016-12-27,4802.82421875,4815.143777613983,4704.6349598466895,4766.96852492702,486703
2016-12-28,4809.48974609375,4852.47061025239,4798.641279732853,4826.728060595878,595514
2016-12-29,4886.30322265625,4917.746086115294,4796.572413718077,4796.572413718077,655325
2016-12-30,4890.6708984375,4944.316626930717,4875.455391273969,4915.9079723066025,559886
2017-01-02,5025.31396484375,5032.853034733679,4843.093289882414,4891.1307312770505,651321
2017-01-03,5064.294921875,5078.821344223481,4994.606342112537,5025.313436519137,631753
2017-01-04,5058.54931640625,5106.862839900182,5051.056484756536,5084.15405182083,679443
2017-01-05,5180.642578125,5194.386992200038,5079.648944924379,5079.648944924379,744210
2017-01-06,5162.80615234375,5201.190133317515,5145.75189245891,5194.478862317821,544695
2017-01-09,5202.29345703125,5222.060057601396,5158.255399497393,5189.697815706823,345094
2017-01-10,5217.32568359375,5234.65602658921,5186.204688174497,5222.060384476359,410444
2017-01-11,5297.77099609375,5307.470241773151,5232.173371595808,5232.173371595808,539326
2017-01-12,5311.5615234375,5327.788433802431,5279.061464520028,5304.804014329599,421634
2017-01-13,5239.98876953125,5326.869888703231,5225.4165555274385,5325.031134858321,1086873
2017-01-16,5219.20947265625,5263.615636395458,5204.591472981366,5238.562621444258,290142
2017-01-17,5212.314453125,5257.823602219074,5200.96006048733,5231.253703945015,343048
2017-01-18,5226.1513671875,5257.9156544623775,5208.269309762086,5226.656844836268,308483
2017-01-19,5257.31884765625,5266.190744725062,5217.463770306343,5217.463770306343,239027
2017-01-20,5211.900390625,5285.496311200422,5187.123010574496,5256.0762586767805,444280
2017-01-23,5240.44775390625,5252.169808092619,5188.778598240551,5211.901283865226,297515
2017-01-24,5274.64892578125,5282.5094181077,5230.2889937578075,5244.125435476017,301613
2017-01-25,5334.72998046875,5363.644562070385,5247.848867833225,5299.196154872143,1148793
2017-01-27,5438.94140625,5449.7903224069805,5355.41592981172,5370.999546953832,576906
2017-01-30,5419.68017578125,5460.178542230846,5410.532197512801,5439.032876887974,323448
2017-01-31,5419.03662109375,5456.409197663232,5401.798306355572,5414.20989296706,374637
2017-02-01,5681.01318359375,5703.3538598018395,5411.451731892259,5424.323006823705,1212008
2017-02-02,5648.97265625,5717.006536142677,5635.779510028467,5672.554580240724,745214
2017-02-03,5622.40234375,5660.280393930487,5605.025765222839,5652.235847913986,304078
2017-02-06,5653.89208984375,5688.184667364215,5631.183301698047,5660.603361396715,322223
2017-02-07,5712.27197265625,5729.096388116153,5648.6509200971905,5668.877209199101,456427
2017-02-08,5695.2177734375,5731.303315176162,5668.09615607978,5718.2484331187625,410369
2017-02-09,5660.6953125,5703.813997131266,5618.863665680291,5695.999293879232,511610
2017-02-10,5619.4609375,5676.002611622664,5604.888725199316,5672.554948566403,284471
2017-02-13,5536.4873046875,5644.881743835635,5518.099767973161,5600.843683187687,404675
2017-02-14,5460.9609375,5557.633328190084,5450.158258987803,5557.633328190084,439745
2017-02-15,5390.03076171875,5481.140647131728,5371.183536560694,5470.292180021172,609791
2017-02-16,5538.83154296875,5551.151551714317,5387.548264028416,5387.548264028416,576390
2017-02-17,5506.83740234375,5567.608300974246,5474.934846575061,5551.197334671992,326378
2017-02-20,5601.9013671875,5627.276259857642,5435.631962109045,5506.837883834874,504439
2017-02-21,5574.3193359375,5599.602197850419,5555.793983264198,5581.628561038106,287864
2017-02-22,5589.4892578125,5623.046512126026,5553.036056265768,5583.3754916725175,431264
2017-02-23,5544.76123046875,5600.935240195534,5530.096991605021,5599.004459219813,461009
2017-02-27,5471.67041015625,5563.102602204585,5461.0975781446905,5520.857063427418,394395
2017-02-28,5445.00927734375,5516.260981690587,5437.929896184793,5466.890266338669,558820
2017-03-01,5442.3427734375,5515.15714368365,5410.670064401508,5479.4855048620675,559896
2017-03-02,5441.56103515625,5515.156963022669,5424.552565606025,5471.210934777587,473769
2017-03-03,5413.06103515625,5450.939540848054,5401.338980347835,5446.388445886056,362057
2017-03-06,5456.36328125,5493.092113647653,5435.355432395691,5447.767018717976,361209
2017-03-07,5413.75048828125,5473.969670922402,5406.85516202463,5452.824003735433,373103
2017-03-08,5391.36328125,5428.8278852198155,5332.385350304948,5419.726144835804,639968
2017-03-09,5483.53125,5493.276734491786,5391.363719852251,5409.613440292831,598391
2017-03-10,5475.4404296875,5523.983344007639,5457.466344326152,5513.502538519705,443986
2017-03-14,5637.98681640625,5649.019339215309,5525.455173536755,5571.424018574498,875005
2017-03-15,5642.53759765625,5671.451730227385,5601.303456168935,5621.989435284864,384040
2017-03-16,5659.17822265625,5687.540638403745,5637.343023195057,5662.993546673945,252721
2017-03-17,5693.3330078125,5724.775425832069,5654.167465342842,5667.958117697337,1048024
2017-03-20,5662.349609375,5718.523620900173,5655.178649994956,5718.523620900173,207710
2017-03-21,5586.4091796875,5700.6417493248155,5563.930685835917,5667.728238805966,532134
2017-03-22,5521.5927734375,5565.355197058169,5495.4825631995245,5558.919559729084,462793
2017-03-23,5548.255859375,5579.698730750279,5530.879724736884,5530.879724736884,447530
2017-03-24,5520.5361328125,5559.4718323356665,5508.9981328684835,5559.4718323356665,573292
2017-03-27,5503.20556640625,5534.648433083573,5484.680213344187,5495.115229990119,340512
2017-03-28,5492.5869140625,5561.310330696583,5481.8300258061645,5489.78299435425,505962
2017-03-29,5464.9130859375,5524.442729053488,5451.306489933899,5524.442729053488,494597
2017-03-30,5476.359375,5517.0875834970775,5456.546537643359,5484.082049545061,898999
2017-03-31,5530.69580078125,5553.95585680179,5461.190817309521,5472.131312644306,501939
2017-04-03,5582.45556640625,5603.601231430516,5543.8417433184595,5603.601231430516,378716
2017-04-05,5831.05615234375,5846.317899168042,5581.583132549957,5617.393043547214,1076674
2017-04-06,5784.39697265625,5825.1714236510925,5755.298786624975,5824.252046848118,505863
2017-04-07,5754.7021484375,5825.17230121906,5733.2803963522965,5746.105884251755,467235
2017-04-10,5763.43505859375,5799.244513841339,5741.553622482815,5775.524773135399,318486
2017-04-11,5744.08203125,5796.670562308888,5727.717304232256,5768.905204157588,373105
2017-04-12,5658.30419921875,5758.883925731994,5632.745705173622,5758.883925731994,415372
2017-04-13,5587.92626953125,5677.15160630423,5577.76688678183,5658.764070737253,386820
2017-04-17,5622.49462890625,5642.67512930106,5535.567731734694,5581.1689109535655,342286
2017-04-18,5642.353515625,5731.717124542468,5626.586292513026,5626.586292513026,453391
2017-04-19,5697.33251953125,5720.68460161276,5620.885975733322,5637.526786411718,366504
2017-04-20,5767.7099609375,5794.969391413131,5689.103249905356,5700.135770751973,466934
2017-04-21,5687.08056640625,5787.522477153032,5678.990230506836,5777.271516090824,294827
2017-04-24,5808.94482421875,5824.252359025875,5700.136483971653,5721.466206509726,426893
2017-04-25,5826.2744140625,5838.042256683432,5775.984327183254,5817.540335095809,384281
2017-04-26,5889.80322265625,5906.76590363017,5802.186796032531,5824.25183851467,540500
2017-04-27,5860.15380859375,5929.980659647953,5810.783541287692,5919.8675143369255,1087684
2017-04-28,5998.79541015625,6058.508660054513,5875.32284465885,5893.204901812804,949573
2017-05-02,6164.880859375,6187.405589977444,6084.435392937701,6137.75924497614,888539
2017-05-03,6108.33935546875,6173.569317886801,6096.479484733043,6173.431052237587,370021
2017-05-04,6104.4775390625,6147.826511771757,6091.790319532353,6124.887882391267,372533
2017-05-05,6117.6708984375,6138.127031750982,6069.7254892407,6091.376632799979,337498
2017-05-08,6095.97412109375,6163.180660021622,6079.425337446561,6148.792501800158,208481
2017-05-09,6094.82421875,6128.5655256471955,6081.677310554485,6128.5655256471955,215203
2017-05-10,6194.53076171875,6209.470634061584,6100.892148974778,6109.258567269651,295859
2017-05-11,6217.28564453125,6242.016790805717,6170.0297665316775,6204.874057662315,259056
2017-05-12,6187.58935546875,6249.922917266722,6151.549608624836,6249.922917266722,256491
2017-05-15,6273.73486328125,6287.709569332838,6190.577506271861,6214.435063390772,336356
2017-05-16,6393.30029296875,6414.9972256895,6279.343362339722,6297.730897807774,707624
2017-05-17,6397.2080078125,6416.330866220261,6330.691004693737,6389.668938276373,445461
2017-05-18,6280.30908203125,6387.830384725078,6265.047785378948,6360.524712582094,406814
2017-05-19,6243.07421875,6338.091904908142,6152.0559116271215,6302.144180695908,552223
2017-05-22,6161.38720703125,6292.168546789366,6149.940787184368,6255.393477613095,327493
2017-05-23,6324.2548828125,6352.893378956458,6199.954965933425,6219.583749441453,956457
2017-05-24,6315.79638671875,6355.237559422588,6263.7137837307055,6346.457691045511,433647
2017-05-25,6422.49072265625,6452.186413875332,6283.940458654587,6325.266625581967,435721
2017-05-26,6495.212890625,6513.830270405229,6376.981395942358,6409.113345029199,373937
2017-05-29,6559.248046875,6617.490208525561,6459.127553360269,6481.606495879848,427378
2017-05-30,6571.2451171875,6625.580371213235,6513.002512095232,6559.247430537205,403698
2017-05-31,6629.62646484375,6663.643408291152,6559.70803497238,6562.511954798875,650259
2017-06-01,6570.41748046875,6660.884056127268,6536.860231600752,6658.125926083323,649217
2017-06-02,6541.08984375,6608.204345483797,6527.574826163864,6602.9637185223755,310268
2017-06-05,6551.20361328125,6584.484784955979,6519.393085393111,6564.166467365978,296147
2017-06-06,6538.69970703125,6577.497137918503,6513.830295706716,6558.8339687925945,324579
2017-06-07,6624.75390625,6642.497699778428,6534.5629480452,6559.7537837950285,518152
2017-06-08,6665.021484375,6688.419801298836,6617.673583630767,6618.592960344247,426525
2017-06-09,6863.00927734375,6877.765093874406,6647.093568667165,6684.78801352406,1122640
2017-06-12,6779.162109375,6849.356612224099,6762.475511572397,6844.7597285917345,454342
2017-06-13,6756.45458984375,6853.954323899632,6743.629103394205,6798.424052694795,607567
2017-06-14,6758.384765625,6796.447324949861,6740.733000101425,6750.983961819867,277472
2017-06-15,6722.75830078125,6796.952182651902,6685.845414758172,6755.902101333013,388150
2017-06-16,6678.26171875,6766.659717169091,6665.482469728868,6740.871374903732,547028
2017-06-19,6664.7919921875,6731.814468357017,6651.690873328491,6724.321637529313,372747
2017-06-20,6626.177734375,6696.4180246131045,6610.594119712959,6679.271738906569,757716
2017-06-21,6682.21484375,6697.20050648715,6576.578087035151,6637.900701055285,460423
2017-06-22,6726.2529296875,6759.258468170017,6700.418350928058,6703.176481423775,436033
2017-06-23,6637.11962890625,6740.549529705171,6624.1105356108865,6730.988099769771,355854
2017-06-27,6604.20458984375,6681.294414545588,6578.232198532353,6655.827500844407,365667
2017-06-28,6642.54248046875,6733.514984961042,6624.109157105994,6632.337758178502,637214
2017-06-29,6641.900390625,6702.257392448999,6624.1103583806635,6669.987174480236,543979
2017-06-30,6635.69384765625,6650.403875937946,6580.11734248869,6633.119323358291,367886
2017-07-03,6761.09716796875,6771.2103130391415,6629.8103369843675,6655.276805676583,556846
2017-07-04,6781.4609375,6817.22460441421,6748.225556727616,6790.516888554519,428293
2017-07-05,6782.84033203125,6797.87223287819,6740.870869821867,6780.1742290260245,273869
2017-07-06,6871.46826171875,6893.487516507311,6781.507597445387,6782.840424508939,416512
2017-07-07,6833.54443359375,6871.4687306679125,6821.776588855326,6867.745433793704,339803
2017-07-10,6831.38330078125,6895.325775574301,6159.824359513042,6857.44727308137,47033
2017-07-11,6855.79296875,6890.72928802216,6803.388489841759,6871.3303472749885,423681
2017-07-12,6873.85888671875,6881.535773256047,6835.658957883903,6881.535773256047,233096
2017-07-13,6957.4296875,6963.819535792925,6863.285593446968,6886.132196592384,472029
2017-07-14,6947.9599609375,6977.104383549581,6913.713176916207,6964.233109018089,267450
2017-07-17,6915.82861328125,6967.038085717791,6899.279829229664,6961.4760350884735,289180
2017-07-18,6940.6962890625,6979.447925560646,6909.115610958078,6918.309377572793,387214
2017-07-19,6951.86767578125,6972.553653788931,6927.504190572204,6954.395961982189,223986
2017-07-20,6887.005859375,6973.01337994687,6876.984293065451,6968.876184322932,290547
2017-07-21,6934.859375,6941.202985294994,6844.76044635755,6895.326171616068,434483
2017-07-24,6945.4775390625,6958.762712841586,6890.728832441233,6944.972061409082,357195
2017-07-25,6899.78466796875,6962.440103479957,6889.395441381308,6962.440103479957,323585
2017-07-26,6955.3154296875,6982.666889855135,6899.003599930604,6931.181788363116,377790
2017-07-27,6986.89599609375,7063.939592114691,6928.423542023085,7001.054308984314,1148259
2017-07-28,7015.2587890625,7054.929807667685,6972.553557709327,7002.892991702524,459181
2017-07-31,7125.2158203125,7138.960682712346,7034.151729997702,7046.103628114284,505371
2017-08-01,7222.7158203125,7281.4639052194525,7102.185437856095,7134.27159684747,1096934
2017-08-02,7167.00244140625,7244.689787477551,7148.155215436289,7243.678383130411,414448
2017-08-03,7113.58544921875,7197.800447804662,7089.313993233076,7165.62226212665,287116
2017-08-04,7143.83349609375,7175.644023720461,7115.976558125786,7125.1703262887395,325021
2017-08-07,7206.67333984375,7256.044056832562,7144.4775849959715,7152.292288312464,327318
2017-08-08,7130.59423828125,7249.285869697356,7113.126079559087,7216.188305802733,319951
2017-08-09,7043.89697265625,7166.541740889354,7023.210995854452,7133.444178006478,285089
2017-08-10,6967.72705078125,7024.038880813953,6931.089794846468,7021.6026220321655,385730
2017-08-11,6856.15966796875,6926.39995760661,6785.000001636902,6897.071930851249,676390
2017-08-14,6995.03271484375,7030.474511532651,6909.11677182789,6910.036148643836,328598
2017-08-16,7080.2587890625,7097.681159567838,6973.519049248904,7032.405404596435,488766
2017-08-17,6971.12890625,7087.338045812885,6955.085601272161,7080.120848036604,321296
2017-08-18,6986.16064453125,7009.3291207711545,6924.148945202601,6942.2146105644,332924
2017-08-21,6897.07275390625,7040.633352021366,6886.132259725091,7013.925635439616,277519
2017-08-22,6891.74072265625,6957.384138321144,6872.433809289254,6932.101275578649,278131
2017-08-23,6962.48583984375,6978.06945514928,6896.2449253062905,6939.455632077307,258051
2017-08-24,7069.08642578125,7089.6542252232475,6949.0683761925,6997.725506389312,436912
2017-08-28,7037.65478515625,7102.654895323942,7027.486729418104,7102.654895323942,391028
2017-08-29,6984.26123046875,7034.450415524033,6959.70029532823,7024.654152562134,368309
2017-08-30,7017.6435546875,7093.69358571101,6994.475479106723,7059.93986958492,471048
2017-08-31,7150.291015625,7168.955424976592,6994.012349610475,7024.562312872977,586954
2017-09-01,7254.29052734375,7275.276367422034,7177.869152272027,7194.119179460224,627407
2017-09-04,7262.83349609375,7313.440723037061,7202.70839619321,7280.012096065332,362724
2017-09-05,7258.84033203125,7294.822532286897,7243.797269530219,7282.79733174279,182518
2017-09-06,7286.18701171875,7339.4407622829185,7215.011984177414,7242.869173305512,340420
2017-09-07,7353.55517578125,7381.226468663421,7297.190615673858,7324.583518029572,389478
2017-09-08,7401.42333984375,7409.780496956769,7328.298215104836,7373.28775892517,341309
2017-09-11,7560.81298828125,7584.584548654369,7428.584278799578,7428.584278799578,547463
2017-09-12,7572.04833984375,7606.869826476179,7536.298280234457,7606.869826476179,387447
2017-09-13,7542.42578125,7614.297227816991,7521.579139794889,7578.9185122116805,371832
2017-09-14,7493.81640625,7581.7524525072895,7467.630465753452,7558.538127033326,293890
2017-09-15,7521.208984375,7539.176962194158,7468.976754322086,7500.037701822129,400099
2017-09-18,7575.1591796875,7600.369845427235,7549.948513947765,7549.948513947765,219992
2017-09-19,7550.87646484375,7600.322971981914,7544.144311289728,7593.869208937197,245577
2017-09-20,7540.15185546875,7581.241210174898,7529.8913053164715,7581.241210174898,185837
2017-09-21,7563.18017578125,7587.276370979476,7498.3192667269295,7522.369214641117,258168
2017-09-22,7491.91259765625,7591.548295705907,7475.0123882860435,7563.226820197493,366359
2017-09-25,7396.037109375,7511.226399500055,7293.986582069045,7497.297805608041,626129
2017-09-26,7326.34765625,7410.05841733977,7307.033520176175,7410.012170053993,440508
2017-09-27,7187.10791015625,7408.154504915585,7163.939835224835,7381.225891147404,564788
2017-09-28,7333.265625,7354.297711486367,7104.511589719974,7182.6046649383,768225
2017-09-29,7408.34033203125,7435.82572655344,7358.9400734570045,7391.440124254606,486217
2017-10-03,7324.86181640625,7492.7013770335825,7293.940518548844,7479.980199667894,516298
2017-10-04,7286.6982421875,7367.205249412849,7271.283839674335,7330.15527731639,301347
2017-10-05,7271.701171875,7336.655032457309,7249.55506927492,7276.2977894362075,272177
2017-10-06,7338.69775390625,7353.369024822693,7284.700875360573,7303.1798393716535,440453
2017-10-09,7332.66259765625,7388.655368249272,7304.805407628918,7344.083864205541,261839
2017-10-10,7329.87646484375,7368.133398278611,7322.076089352641,7326.904850046684,224485
2017-10-11,7266.22265625,7334.658665225284,7243.79770979577,7328.297849725448,644166
2017-10-12,7339.67333984375,7352.441218949655,7270.726792671862,7284.655388060122,396436
2017-10-13,7311.72216796875,7372.868783764418,7298.629199472806,7335.725867977192,328108
2017-10-16,7281.869140625,7368.226425766306,7255.869097786757,7335.7263722185035,502632
2017-10-17,7278.99072265625,7337.8621595576815,7271.562138734183,7290.226546519334,304861
2017-10-18,7228.0576171875,7310.700604330555,7194.768641831751,7297.654336598515,489207
2017-10-19,7178.890625,7245.654931289404,7140.726185007756,7245.654931289404,115449
2017-10-23,7260.0478515625,7298.583630271951,7163.011975053159,7195.326133428331,471496
2017-10-24,7312.5126953125,7365.62725460101,7281.49844643493,7303.5053554560345,354257
2017-10-25,7308.05517578125,7377.512252631657,7252.4332921093355,7363.583658070364,254379
2017-10-26,7491.7724609375,7508.440525979997,7304.340382383891,7335.725965278503,684763
2017-10-27,7534.85888671875,7651.441038165301,7486.7122890197315,7543.680329663237,1201080
2017-10-30,7609.8876953125,7687.655682193001,7580.21960731379,7614.298416956469,726605
2017-10-31,7624.7451171875,7638.905855569245,7583.841657518865,7609.655805797115,318652
2017-11-01,7649.95556640625,7666.716126380832,7577.155086187706,7661.655222565534,631375
2017-11-02,7638.25439453125,7682.965540136838,7615.225969133653,7660.726038940695,247753
2017-11-03,7632.3125,7654.133963272987,7591.083500283841,7646.797874597852,288916
2017-11-06,7716.62744140625,7772.666458618369,7613.694581398404,7623.119959968953,392588
2017-11-07,7633.1484375,7751.727390759371,7623.584316978251,7751.727390759371,348296
2017-11-08,7644.0126953125,7693.273310049514,7618.848730528668,7631.0126737218325,199176
2017-11-09,7618.75537109375,7682.7344118553265,7566.662789871005,7682.7344118553265,442672
2017-11-10,7598.9765625,7646.705573762017,7531.701272449503,7613.183546948114,351694
2017-11-13,7529.9833984375,7631.986766833404,7502.868888912706,7600.36904155328,181361
2017-11-14,7542.75146484375,7601.297805179455,7529.79769144884,7548.369149560688,237427
2017-11-15,7546.7451171875,7595.7273442546675,7509.370052932457,7521.4415022570665,275441
2017-11-16,7580.59130859375,7646.658731079869,7548.6017885333185,7549.29821825825,321844
2017-11-17,7752.05126953125,7765.144691612565,7631.0121537635505,7631.0121537635505,419255
2017-11-20,7823.83203125,7845.513849658768,7753.585115948717,7778.656588778731,372037
2017-11-21,7823.0400390625,7845.929721584168,7800.940187516047,7842.725964023394,255180
2017-11-22,7905.08056640625,7916.083792296982,7840.869389109174,7844.583680624622,383442
2017-11-23,7858.88525390625,7910.513551053122,7840.406288099194,7904.013539918321,289808
2017-11-24,7881.68115234375,7930.013194255966,7858.884867204607,7858.884867204607,343432
2017-11-27,7900.85595703125,7915.3422400855925,7841.799076267737,7879.870569710837,172254
2017-11-28,8008.15283203125,8039.5846639105075,7870.630632976124,7884.141188142273,456041
2017-11-29,8051.98095703125,8074.870643739452,7963.441886006157,8031.227713627245,382984
2017-11-30,7984.89111328125,8056.298734265193,7962.512868409869,8032.155838104416,582023
2017-12-01,7994.083984375,8073.941252658918,7979.226818182643,8041.441201613137,436589
2017-12-04,7893.61328125,8041.396038874864,7874.809677751753,8041.210142910496,242191
2017-12-05,7893.2421875,7943.895662617964,7871.048930369778,7911.395608047925,213998
2017-12-06,7997.2421875,8021.709722468216,7846.48782215047,7887.298785431344,420876
2017-12-07,8247.9580078125,8346.247107028272,7999.2391606512965,8000.493278413224,834850
2017-12-08,8396.3896484375,8467.657629915293,8263.371559229761,8291.971427763812,1006694
2017-12-11,8481.400390625,8512.229197421022,8440.496928903429,8457.443387161631,564023
2017-12-12,8479.125,8560.05050252917,8450.014598146709,8496.443249784877,491488
2017-12-13,8469.1904296875,8520.586586971145,8426.800705837308,8441.657875125837,446829
2017-12-14,8461.853515625,8493.471244576334,8399.871268535157,8475.085680734068,655484
2017-12-15,8511.2080078125,8576.579005879084,8493.936005146708,8515.014794560597,620495
2017-12-18,8644.177734375,8676.58529173509,8348.010129471677,8459.299230276827,658668
2017-12-19,9101.408203125,9153.87257730003,8659.87174435992,8677.514631250637,1275759
2017-12-20,9038.63671875,9282.38712130775,9007.38987585069,9254.158140535343,1216280
2017-12-21,8943.1318359375,9116.171939720592,8923.63180506202,9088.871533771133,849633
2017-12-22,9007.1572265625,9123.042944362975,8918.942800116785,8974.657174714079,814330
2017-12-26,8987.658203125,9067.5154823345,8929.3439992037,9045.229729996965,542587
2017-12-27,8955.25,9054.236420286328,8941.321405787907,9001.586152802707,402886
2017-12-28,8941.4150390625,9001.1220997716,8928.971798519842,9001.1220997716,659995
2017-12-29,9034.5966796875,9071.229063583785,8960.728883568792,8969.086040040514,471554
2018-01-01,8962.4921875,9089.799155890001,8941.970184496695,9052.656243821802,426354
2018-01-02,8871.6318359375,9024.428327028292,8844.65697424409,9006.228660702722,451227
2018-01-03,8743.9990234375,8912.442506677144,8730.442222106532,8911.513933796681,658281
2018-01-04,8715.8173828125,8810.299675389533,8698.128250429014,8775.013905188775,562919
2018-01-05,8760.017578125,8851.157376062885,8740.23915561467,8782.442977633526,732512
2018-01-08,8774.0390625,8816.799663074344,8751.799560239673,8810.299652790876,294549
2018-01-09,8713.3095703125,8813.50294337944,8692.370433942795,8788.75611424561,427590
2018-01-10,8706.16015625,8779.517417831503,8650.492934459488,8717.256784142268,394826
2018-01-11,8672.6865234375,8756.443995188183,8659.872396513785,8737.872533904645,368996
2018-01-12,8783.5107421875,8816.567574825756,8686.892006138205,8716.513844481358,685141
2018-01-15,8690.001953125,8829.380362093334,8672.86960428999,8821.394999057231,385462
2018-01-16,8656.2041015625,8736.619070683664,8635.729247450627,8701.657933103208,364816
2018-01-17,8648.6357421875,8699.613851762733,8594.871007023483,8650.5853826092,390461
2018-01-18,8699.5224609375,8838.99431354434,8665.443648851953,8682.15796364828,686971
2018-01-19,8657.96875,8724.872255956261,8619.01492973457,8658.943570326963,542339
2018-01-22,8645.1064453125,8688.42473508272,8609.356387621454,8681.228294898161,454188
2018-01-23,8722.458984375,8755.794214824216,8626.444162405412,8679.372829494443,561948
2018-01-24,8761.0400390625,8839.968744344938,8673.289890248494,8746.229118297586,568489
2018-01-25,8615.486328125,8807.515046242574,8589.300387743153,8807.515046242574,705224
2018-01-29,8942.8076171875,9020.157561922793,8785.22860750994,8803.800066356805,1546624
2018-01-30,8887.8818359375,8984.407171083087,8867.8712711326,8932.87137469064,573988
2018-01-31,8830.4521484375,8900.37352434033,8783.280814407006,8875.348296918819,462650
2018-02-01,8730.3037109375,8880.593795307559,8646.87178948125,8863.22929881857,550971
2018-02-02,8348.4296875,8690.516410478218,8301.44424721394,8690.516410478218,984189
2018-02-05,8432.0,8468.586140567964,8067.442586541061,8218.011067981253,651062
2018-02-06,8342.857421875,8462.550855902515,8042.928313798354,8078.585883179007,840339
2018-02-07,8284.5419921875,8515.013980525011,8239.227813434942,8515.013980525011,509440
2018-02-08,8385.6630859375,8412.8700893015,8278.227024958374,8346.848921854264,465683
2018-02-09,8297.8203125,8344.666998832197,8236.44200369682,8269.870629641926,364892
2018-02-12,8466.58984375,8496.443831521232,8320.01494321642,8320.01494321642,408523
2018-02-14,8358.6416015625,8503.406481953403,8344.156226790421,8496.349690512541,357737
2018-02-15,8375.958984375,8440.726938606884,8358.08395757982,8402.655452965204,250781
2018-02-16,8205.751953125,8422.15567247653,8177.801366509963,8394.205992670908,632659
2018-02-19,8101.6591796875,8232.58796304538,8070.831283805446,8223.44188239276,436138
2018-02-20,8099.6171875,8142.609933629987,8032.156000104792,8120.370430163746,517802
2018-02-21,8155.423828125,8166.798846415914,8086.198898173618,8144.513096294939,471756
2018-02-22,8017.34619140625,8142.657309467071,7987.121319122022,8142.657309467071,638857
2018-02-23,8077.47021484375,8114.752781596581,8036.84514818697,8046.084630422816,567960
2018-02-26,8362.1240234375,8408.22803296825,8125.059531489985,8132.44186777868,869374
2018-02-27,8256.126953125,8463.89512448342,8238.854954347662,8443.512769439674,684609
2018-02-28,8218.75390625,8295.871717516206,8145.442881805703,8236.443041679957,680125
2018-03-01,8239.6455078125,8297.773809524275,8181.980585748392,8240.156041553471,609369
2018-03-05,8166.8916015625,8233.656359487293,8148.227647964475,8233.656359487293,388180
2018-03-06,8001.048828125,8250.370665338667,7985.727374441478,8223.024010584053,543686
2018-03-07,8059.17724609375,8091.445156580599,7941.155985137607,8005.970196638494,598715
2018-03-08,8105.8369140625,8148.226626701812,8033.083595167792,8078.769560009301,533856
2018-03-09,8041.9970703125,8147.297586478996,8032.154561550412,8134.2975675354455,323450
2018-03-12,8181.00537109375,8196.32682344106,8061.033574988065,8096.226849467182,438339
2018-03-13,8130.630859375,8216.01332203906,8070.227371365446,8180.72755053844,521943
2018-03-14,8214.4345703125,8240.15622196383,8101.84510198783,8111.084584049364,411769
2018-03-15,8206.310546875,8241.085788833183,8172.325136092221,8208.493237620349,313431
2018-03-16,8056.80908203125,8235.51311950416,8031.5988716694765,8235.51311950416,622932
2018-03-19,8146.83447265625,8171.441654912521,8081.880615866951,8089.26295190573,571830
2018-03-20,8173.6708984375,8213.692029861793,8111.084718878838,8138.431373620363,408924
2018-03-21,8240.759765625,8306.084505749677,8194.702006169262,8208.491857679242,516020
2018-03-22,8075.380859375,8274.049222218717,8064.099242184692,8236.442017965324,471749
2018-03-23,7992.4609375,8023.335993548317,7931.964036383711,7997.38219364351,644482
2018-03-26,8139.2197265625,8169.584241260287,7990.369674476559,7992.226820246339,447858
2018-03-27,8220.005859375,8252.227520986502,8140.9384195052535,8185.3702709008685,423455
2018-03-28,8228.177734375,8435.15701595126,8172.370860566605,8182.585163426079,1194227
2018-04-02,8364.7705078125,8438.87044323873,8313.745246030716,8347.87029981472,552649
2018-04-03,8381.7177734375,8412.871215616864,8315.371052521967,8365.467746255017,339709
2018-04-04,8369.69140625,8495.884819632158,8339.1409966781,8429.584355237976,488280
2018-04-05,8480.28515625,8503.546634632208,8403.585391532864,8403.585391532864,236956
2018-04-06,8548.62890625,8570.728762216446,8396.667572568782,8510.371517412104,429514
2018-04-09,8628.904296875,8643.297178451228,8528.664659632188,8561.443105343878,426170
2018-04-10,8611.0751953125,8650.075260076523,8579.085675114387,8626.442896613558,299119
2018-04-11,8638.0498046875,8682.157019492408,8550.810195306205,8626.442642896734,318010
2018-04-12,8547.0029296875,8626.442159167022,8525.320208592506,8626.442159167022,300797
2018-04-13,8472.2529296875,8605.08510225652,8455.817007923108,8605.08510225652,366224
2018-04-16,8572.5859375,8584.657386502113,8417.514246472867,8450.014301478554,271057
2018-04-17,8506.052734375,8581.87107734826,8484.881452789105,8580.942504411954,342578
2018-04-18,8469.9775390625,8568.360017224662,8446.20643601859,8522.4419068701,452854
2018-04-19,8429.259765625,8527.780983117233,8420.298674823145,8490.870212018399,256088
2018-04-20,8380.37109375,8457.582299293243,8369.181970770669,8433.299753289473,303913
2018-04-23,8417.3740234375,8473.228048309888,8362.681621545622,8394.206854111919,302205
2018-04-24,8417.1884765625,8489.523759460559,8385.941636585801,8445.370300603241,312103
2018-04-25,8296.4267578125,8421.041417671015,8271.727082324574,8411.941584954908,488641
2018-04-26,8307.4306640625,8339.512674315985,8255.012545893453,8309.798343442128,614321
2018-04-27,8155.98046875,8484.370639582396,8092.6053679344695,8371.084745084305,1873816
2018-04-30,8185.3251953125,8268.200340094387,8134.578315363665,8162.157116333679,497504
2018-05-02,8119.9052734375,8355.298490524401,8101.798102892353,8278.22694410147,806846
2018-05-03,8130.5390625,8170.513949386873,8078.585221009864,8138.942466913961,406825
2018-05-04,8058.34228515625,8162.1565638441425,8046.084940353753,8156.585125916604,490244
2018-05-07,8119.1640625,8143.585351462308,8041.442319687981,8072.085229220279,342702
2018-05-08,8148.4140625,8177.199825823374,8069.299460649324,8157.513896640312,404969
2018-05-09,8095.62451171875,8166.799998935883,8083.228424188387,8166.799998935883,314057
2018-05-10,8083.181640625,8132.4422564433025,8069.299293045478,8132.4422564433025,298598
2018-05-11,8125.291015625,8138.941218197099,8080.48737457788,8113.869750668141,264405
2018-05-14,8085.08447265625,8134.298837770615,8067.534081618082,8125.94168143044,276620
2018-05-15,8103.2841796875,8125.337786806225,8021.941553628129,8101.798825721198,506107
2018-05-16,8074.49755859375,8109.644584385299,8055.36932097031,8055.36932097031,288597
2018-05-17,8076.263671875,8140.288961621597,8042.556653318654,8101.799429388832,379606
2018-05-18,7903.0380859375,8101.798943410792,7889.155739050783,8079.327296784643,603507
2018-05-21,7826.4775390625,7915.898937698417,7665.83440988675,7909.584822653423,872463
2018-05-22,7949.18896484375,7973.09972004395,7773.316872608544,7814.87051514093,410467
2018-05-23,7890.45654296875,7953.041818845411,7854.0563001450255,7948.584849824246,399631
2018-05-24,7809.99462890625,7909.862464348903,7800.012470090361,7892.962255968477,292331
2018-05-25,7937.58203125,7961.585281720987,7795.5103554740135,7811.156448546412,519151
2018-05-28,8087.22021484375,8157.513368544736,7944.03408454279,7948.584454723158,446264
2018-05-29,8092.42041015625,8208.584518388383,8060.012852897191,8095.298623451349,665121
2018-05-30,7974.7705078125,8049.799021913811,7960.516368734695,8049.799021913811,508262
2018-05-31,7927.41357421875,8022.034618561547,7907.635150737407,8021.94212398564,679959
2018-06-01,8179.65966796875,8216.385454487228,7976.488082900814,7995.013295068369,1002010
2018-06-04,8124.873046875,8208.584254684734,8102.773193705048,8208.584254684734,380690
2018-06-05,8181.10009765625,8199.299766123357,8060.013813131453,8125.013924527674,400886
2018-06-06,8210.7666015625,8236.44200616573,8180.727629573853,8198.370515494613,328784
2018-06-07,8274.74609375,8296.613806399344,8231.799592772479,8240.156749719456,267961
2018-06-08,8294.4326171875,8310.728893040417,8237.3716212471,8258.728801642623,287823
2018-06-11,8378.189453125,8399.871269723311,8284.263932438262,8320.013992562555,337828
2018-06-12,8372.7109375,8417.514586568053,8315.371552423267,8393.371687588377,343452
2018-06-13,8326.8369140625,8445.323347125126,8304.22652916407,8385.012362557482,369407
2018-06-14,8318.1572265625,8375.682507297668,8271.728574929532,8294.06057500307,269078
2018-06-15,8312.212890625,8352.513317604942,8265.227464146925,8352.513317604942,496572
2018-06-18,8332.50390625,8403.957782860698,8299.539563412682,8308.407254560518,305144
2018-06-19,8229.5693359375,8343.04111899374,8190.058742732323,8329.298422245341,350407
2018-06-20,8309.1484375,8329.298650156023,8229.941352991396,8239.227081698371,325981
2018-06-21,8229.9873046875,8344.155516401212,8220.609081754059,8336.726933702434,313349
2018-06-22,8240.9931640625,8252.228535025371,8180.728411564479,8231.79992832226,319027
2018-06-25,8164.94287109375,8235.514423260602,8152.871421380999,8235.514423260602,254954
2018-06-26,8293.41015625,8343.553098585098,8125.013804298456,8164.9424435652945,387769
2018-06-27,8262.7197265625,8368.298642461434,8239.227014487384,8297.680857582842,501622
2018-06-28,8144.791015625,8258.77333517058,8111.13024916042,8256.869942153091,376404
2018-06-29,8195.212890625,8264.299079360535,8125.2915303379295,8125.2915303379295,458807
2018-07-02,8190.9892578125,8296.800339984866,8171.489223437606,8243.87167525301,298529
2018-07-03,8334.08203125,8352.513841929442,8125.013464911908,8194.656437468297,375718
2018-07-04,8562.185546875,8588.603629500178,8313.049597870135,8370.156836101803,656141
2018-07-05,8679.41796875,8723.943224899986,8566.782246633426,8568.871535857059,887919
2018-07-06,8651.9794921875,8741.540545244783,8598.58654120271,8649.658059535988,508241
2018-07-09,8705.279296875,8747.017927376757,8682.157466673083,8723.943251272045,331872
2018-07-10,8850.2294921875,8864.065592969631,8710.014965556475,8710.014965556475,485745
2018-07-11,8714.37890625,8848.696441863689,8692.371545566448,8848.371804048998,328446
2018-07-12,8679.37109375,8828.871334051031,8659.174632715543,8773.156958783567,336960
2018-07-13,8757.416015625,8816.798425455312,8693.53039059705,8736.012594700745,511150
2018-07-16,8714.9365234375,8820.422966712988,8686.800941195126,8755.51534735744,216426
2018-07-17,8770.7431640625,8802.593034375055,8679.371224523344,8683.225164927877,457123
2018-07-18,8697.755859375,8853.013418924866,8632.849162220575,8805.006021939067,430624
2018-07-19,8718.462890625,8760.156173871006,8682.156055299332,8736.013280027391,199983
2018-07-20,8727.611328125,8788.014820056054,8668.228903764082,8721.157564451232,272916
2018-07-23,9008.0869140625,9053.586992280112,8702.586388887099,8773.157938775641,607813
2018-07-24,9130.1474609375,9219.800999639567,9030.372114160014,9079.586481465976,749626
2018-07-25,9061.8974609375,9170.4470981707,9008.08647540594,9149.22956830994,384750
2018-07-26,8725.1025390625,9129.449763195144,8692.370346485466,9118.399383686508,1261317
2018-07-27,8645.38671875,8767.772462990013,8626.443466175784,8730.44364574647,672141
2018-07-30,8711.7783203125,8732.763704808523,8573.513454888307,8654.299295955705,539464
2018-07-31,8840.525390625,8866.803824856433,8686.800313630783,8728.586098143172,426388
2018-08-01,8674.357421875,8902.926035078306,8635.729146695341,8853.943807929041,700719
2018-08-02,8489.38671875,8660.800943150145,8468.586319452055,8660.800943150145,875157
2018-08-03,8530.7998046875,8570.728442066575,8496.44260508225,8496.44260508225,470958
2018-08-06,8623.1015625,8635.729793883318,8542.87248427167,8586.979706337203,237693
2018-08-07,8739.2646484375,8747.1575188101,8608.800144043358,8650.585928368884,381947
2018-08-08,8549.7431640625,8774.086031871018,8527.131868058468,8774.086031871018,638498
2018-08-09,8492.7744140625,8579.085450782148,8412.870893396066,8579.085450782148,651728
2018-08-10,8494.818359375,8552.157744906814,8454.657575176605,8496.443362203838,427827
2018-08-13,8432.2314453125,8528.942682327486,8368.485455359922,8468.07490584219,348201
2018-08-14,8555.658203125,8580.203231434218,8474.763630343394,8505.444687012592,344056
2018-08-16,8619.31640625,8652.480420812071,8511.066318111296,8547.602541160975,465479
2018-08-17,8573.9267578125,8699.836565902846,8553.223264598395,8659.084625923653,477538
2018-08-20,8501.087890625,8635.475782956039,8489.518453780369,8591.351637849559,449317
2018-08-21,8537.578125,8553.223305696227,8478.652305254764,8534.486781477835,380824
2018-08-23,8640.6298828125,8671.26428598428,8525.212698970714,8567.276566046481,751705
2018-08-24,8584.88671875,8693.652776444113,8564.55740967482,8656.27304960042,401110
2018-08-27,8661.193359375,8688.127115528921,8618.801969254482,8627.233405963536,326945
2018-08-28,8832.349609375,8849.727550156558,8632.852312993457,8691.450601227181,684054
2018-08-29,8776.28125,8870.151419194977,8749.62927622691,8825.83972244571,433440
2018-08-30,8624.232421875,8778.059430732092,8602.545449364088,8778.059430732092,674292
2018-08-31,8521.7451171875,8670.325367477735,8506.661668383053,8626.294541732575,634522
2018-09-03,8339.7666015625,8542.870311455132,8314.3314077028,8525.117274376955,992161
2018-09-04,8308.2431640625,8430.49898330027,8277.281241091478,8348.995103808424,530967
2018-09-05,8334.099609375,8384.594910032332,8235.264440323781,8310.585636524786,491163
2018-09-06,8206.45703125,8401.176915549238,8188.798222447366,8401.176915549238,687535
2018-09-07,8168.37451171875,8233.76479210695,8088.790949624466,8220.649226389633,636918
2018-09-10,8093.6162109375,8197.228817239695,8080.125548421985,8150.387509712611,577299
2018-09-11,7978.9951171875,8150.2943306272555,7943.910794283612,8120.409209972781,552622
2018-09-12,7957.35498046875,7999.558817253318,7870.276803342912,7999.558817253318,634678
2018-09-14,8081.71728515625,8150.3864500894915,8038.294849802375,8050.146065013679,754169
2018-09-17,7998.43359375,8112.633059861976,7978.9477940871175,8044.525620268413,422191
2018-09-18,7868.54443359375,8053.426725027992,7850.7913934757735,7998.341525412248,507455
2018-09-19,7691.669921875,7914.6821102876265,7673.589360842203,7893.228426321675,959340
2018-09-21,7532.22265625,7799.077675778429,7119.550738390493,7738.183976207786,1646047
2018-09-24,7300.73291015625,7560.1870976780565,7111.166502967022,7560.1870976780565,1801469
2018-09-25,7494.09423828125,7511.706387185179,7194.824937309534,7260.402768769387,1159438
2018-09-26,7347.1064453125,7578.830507256322,7328.369920513076,7564.871887767688,754963
2018-09-27,7075.89501953125,7380.316879318332,7035.752382397141,7354.085745449214,1594739
2018-09-28,6883.751953125,7165.034007165635,6831.9451921081845,7138.615326526677,1413254
2018-10-01,6992.423828125,7012.143835898724,6750.769336203902,6889.41960844345,1034603
2018-10-03,6788.2421875,6942.537635210434,6755.453272710806,6932.513412572454,1148091
2018-10-04,6743.97705078125,6827.588782232158,6577.456207471458,6698.306777299662,1104174
2018-10-05,6468.17529296875,6763.884356195556,6372.150618936887,6609.120503464993,1481376
2018-10-08,6454.49853515625,6547.47853872884,6346.295105306031,6478.153397526103,1393849
2018-10-09,6276.2197265625,6501.573059356404,6240.198580457206,6388.9197221247605,1079041
2018-10-10,6544.52734375,6604.624652469581,6298.516694285973,6321.703142534005,1162309
2018-10-11,6441.1484375,6510.941988309941,6281.607121105637,6370.41806050469,869569
2018-10-12,6826.83984375,6863.188516144197,6510.941876494972,6510.941876494972,1053651
2018-10-15,6728.28564453125,6876.304181406207,6675.870036632362,6857.5676577511485,682234
2018-10-16,6699.150390625,6818.22109228358,6673.762309085732,6758.26421540722,637012
2018-10-17,6450.6103515625,6787.305584734447,6420.491481758994,6780.419820915176,1021019
2018-10-19,6329.61962890625,6524.9945520086785,6291.2564126366515,6398.523013671109,903940
2018-10-22,6381.84765625,6468.784945094344,6297.3924079271355,6387.2810652647695,774016
2018-10-23,6343.53076171875,6423.816946193082,6244.883150550253,6350.744506087633,734440
2018-10-24,6340.720703125,6450.048505649975,6267.367393289518,6417.259588046815,681526
2018-10-25,6298.46923828125,6420.725040833251,6201.976152742122,6276.734690409274,2101936
2018-10-26,6292.9423828125,6365.733960745888,6089.37023470909,6323.576782197902,874526
2018-10-29,6369.2001953125,6379.7861479438925,6268.35049326696,6297.345445885293,505428
2018-10-30,6273.9248046875,6435.012246160093,6253.502177337007,6368.544247015921,771389
2018-10-31,6198.416015625,6332.944332881415,6089.369550847515,6332.944332881415,1315746
2018-11-01,6287.7431640625,6314.161845524324,6183.0528376075545,6228.910662460342,842039
2018-11-02,6684.67578125,6706.737852281078,6323.622647000999,6342.124961930815,1834118
2018-11-05,6723.8349609375,6796.392323572719,6614.038761742698,6687.064537416402,1040315
2018-11-06,6628.044921875,6780.747582265902,6604.6242684408135,6740.464058359099,667413
2018-11-07,6677.60302734375,6691.749193704673,6642.097407723104,6688.938715252886,127507
2018-11-09,6823.37353515625,6852.883560056013,6596.05275229628,6679.570715406613,986090
2018-11-12,6640.0361328125,6888.014195070286,6606.497939970848,6838.830822715143,687443
2018-11-13,6698.72900390625,6715.872740185448,6577.456670806211,6604.577971942708,572295
2018-11-14,6903.5185546875,6940.9449423376145,6726.505528182611,6726.505528182611,1112945
2018-11-15,7005.86669921875,7040.342175431893,6870.261116239011,6912.746272928917,1048278
2018-11-16,6877.4287109375,7067.46354044792,6841.220012209593,7026.196529140636,806420
2018-11-19,6943.42724609375,6978.417793290085,6829.462439667703,6895.040268306488,577408
2018-11-20,6870.63623046875,6974.202176940905,6849.744733152735,6943.427346853331,637243
2018-11-21,6955.4658203125,6994.344105926746,6868.340987490214,6876.304009844939,701156
2018-11-22,6942.912109375,7007.459337183792,6896.164577743547,6926.84563299659,668352
2018-11-26,7077.4404296875,7099.03408865135,6920.615372183567,6955.933899671575,899481
2018-11-27,7164.47216796875,7174.027520787109,7026.899148448007,7091.774363063882,783389
2018-11-28,7095.70849609375,7195.292928483193,7072.662482330842,7174.2143410356475,686734
2018-11-29,7069.9921875,7159.2248712194,7055.237176806241,7132.056915021367,725583
2018-11-30,7177.58740234375,7238.85574174985,7091.820692894324,7095.521339201936,869715
2018-12-03,7288.4609375,7307.244119217204,7148.077444568878,7202.788001359163,772869
2018-12-04,7233.84326171875,7293.1446291140555,7214.497893978218,7288.507156882292,551195
2018-12-05,7076.83154296875,7250.940778062942,7044.932794870094,7210.470162000011,704296
2018-12-06,6754.23583984375,7013.361593247762,6726.411919542533,6979.401644489626,1339030
2018-12-07,6851.900390625,6885.626134918499,6746.085684930272,6786.369212836396,688881
2018-12-10,6886.14013671875,6927.828897494749,6717.043028402617,6745.147810948235,785024
2018-12-11,6843.8427734375,6881.924663651834,6759.715513570252,6783.089508191002,843166
2018-12-12,6999.82421875,7033.034429685947,6834.146430721192,6876.303605413783,643037
2018-12-13,7185.92529296875,7213.561665583648,7005.11783823399,7005.11783823399,881204
2018-12-14,7178.10302734375,7204.193729411195,7069.244093565603,7198.572772015035,676653
2018-12-17,7245.4599609375,7307.243827297284,7166.719907541567,7205.972830973071,712296
2018-12-18,7281.34130859375,7293.192068702073,7171.404661003772,7222.930102722284,658919
2018-12-19,7434.65283203125,7447.534192469812,7289.44476890564,7289.44476890564,856358
2018-12-20,7313.8486328125,7418.726506454064,7273.190468158491,7354.08550014704,824303
2018-12-21,7060.20263671875,7340.032786950036,7040.24842296484,7335.348656262768,1257227
2018-12-24,7053.50390625,7115.802839841375,6998.090735753013,7082.405081966905,611297
2018-12-26,7090.93115234375,7119.878989907891,6934.387405697133,7014.954457425038,594156
2018-12-27,7026.14892578125,7184.378758848515,7006.80310132531,7165.782669715645,704523
2018-12-28,7031.3955078125,7101.142399445826,7016.828043779584,7071.163961875607,616845
2018-12-31,6993.8759765625,7094.3505862318225,6972.891161228054,7073.03779024136,547975
2019-01-01,7004.4619140625,7020.575507595567,6927.829714260637,6979.120948453438,625360
2019-01-02,6808.7119140625,6988.722964344858,6786.368519264632,6974.670572325397,891844
2019-01-03,6748.84912109375,6885.67240127724,6731.658269258051,6820.094568884123,715168
2019-01-04,6777.46923828125,6847.262791153176,6708.800059838848,6781.684956239957,774445
2019-01-07,6896.96142578125,6939.071948173296,6838.831540659519,6848.1998030439845,687845
2019-01-08,6969.51904296875,6983.852301940889,6859.535730242433,6913.7778798453355,516841
2019-01-09,7019.544921875,7053.3644390825975,6945.629426399041,6989.191844571088,740580
2019-01-10,6924.64404296875,7036.500990256505,6895.180678508603,7026.195902932204,452699
2019-01-11,6858.03662109375,6932.514308598285,6821.96881016388,6916.307397310171,488399
2019-01-14,6940.6640625,6963.756735550753,6798.547352939277,6866.935661712126,424152
2019-01-15,6890.49658203125,6998.09115397793,6854.756756848262,6960.61810897671,491196
2019-01-16,6848.43408203125,6917.525017847372,6830.493950862206,6885.204512279152,424769
2019-01-17,6872.791015625,6931.530199679753,6845.857263135756,6875.367287602232,462725
2019-01-18,6893.12060546875,6913.7307821205195,6855.69421534769,6880.98852305668,334555
2019-01-21,6753.017578125,6913.777038141063,6708.612109773462,6893.166862688609,654537
2019-01-22,6622.283203125,6726.411331625567,6608.839657235733,6726.411331625567,896521
2019-01-23,6600.31396484375,6681.677396352854,6581.202805479168,6604.623456032475,702474
2019-01-24,6595.81787109375,6649.591597257231,6571.272844523379,6613.898431685284,520703
2019-01-25,6101.923828125,6682.3814472613285,6005.056088173997,6608.372175659808,3062762
2019-01-28,6099.7216796875,6192.420809576269,5918.586710759028,6101.080260569659,2398091
2019-01-29,6114.61767578125,6200.992773100058,6040.09288044121,6070.633504683182,1101399
2019-01-30,6134.572265625,6171.811107690986,6096.865010451265,6144.643147441588,583773
2019-01-31,6221.6025390625,6239.308460798796,6051.943241505468,6159.631584268155,926270
2019-02-01,6522.46435546875,6748.895413145155,6232.282462878285,6257.061696890129,2545419
2019-02-04,6546.728515625,6594.319099844226,6418.804633679673,6534.362227789953,658776
2019-02-05,6645.470703125,6674.886955554472,6544.105921050635,6553.099544435582,681498
2019-02-06,6729.59765625,6763.88558881041,6620.551171208195,6670.20296292661,567827
2019-02-07,6841.22021484375,6857.568015559634,6731.190248399166,6746.085693995208,690174
2019-02-08,6683.55224609375,6838.8311870882535,6651.465949085836,6810.726401387891,576159
2019-02-11,6724.4443359375,6754.4698885296275,6605.654962997035,6698.3069778186755,502244
2019-02-12,6710.01806640625,6773.253838759817,6677.6509021976735,6738.5912672474915,494592
2019-02-14,6574.177734375,6661.958530631505,6548.415014361418,6592.164980049255,622311
2019-02-15,6492.251953125,6612.775004667934,6464.100509964882,6583.452071372087,768798
2019-02-18,6410.42138671875,6555.722777197661,6386.3447682828055,6524.714193192346,509963
2019-02-19,6374.6796875,6478.99536246816,6343.249355648557,6421.94274597118,493861
2019-02-20,6417.16552734375,6452.858696113189,6374.539936363327,6409.764692045069,534284
2019-02-21,6371.86962890625,6445.03584169021,6290.78750972571,6435.012076485458,722938
2019-02-22,6475.716796875,6500.63646321732,6388.263986863598,6395.711937510398,764535
2019-02-25,6487.42724609375,6543.63681449977,6436.04224082232,6509.068021416995,495728
2019-02-26,6468.12890625,6534.36270111908,6382.222218747699,6450.0483436852855,673415
2019-02-27,6528.27294921875,6602.750627264655,6420.25707837257,6504.383882675724,961829
2019-02-28,6398.2421875,6595.25655766197,6371.355092139071,6567.15177119466,1031563
2019-03-01,6497.0302734375,6510.942234302766,6395.946815704109,6442.366371969044,768822
2019-03-05,6668.09375,6705.941431685782,6458.900671848486,6510.94117698711,838538
2019-03-06,6611.08837890625,6693.529080261605,6567.151323875382,6686.9246388655165,557197
2019-03-07,6584.998046875,6644.439852498289,6559.657081028272,6630.855872539005,396771
2019-03-08,6527.52392578125,6581.203882661696,6511.878745677074,6534.362573888303,486432
2019-03-11,6634.50927734375,6671.701459914132,6534.362649514115,6539.046780445667,720905
2019-03-12,6705.05224609375,6775.126658537288,6647.718303232936,6648.65512937488,828847
2019-03-13,6643.0810546875,6747.912269450887,6604.6245232388155,6723.6014472744655,534982
2019-03-14,6638.63037109375,6696.432722362184,6602.047496176119,6654.275549375852,584482
2019-03-15,6636.4765625,6704.864872644339,6613.99273450734,6659.89721665902,861945
2019-03-18,6458.47998046875,6630.340934028202,6348.496673390698,6630.340934028202,1336134
2019-03-19,6394.0263671875,6465.927778082184,6379.0838063143465,6464.1007840171815,816763
2019-03-20,6251.95556640625,6426.626973761709,6229.893494973086,6426.626973761709,1017560
2019-03-22,6138.7412109375,6292.005610990781,6119.676706320245,6152.1376425957515,1715983
2019-03-25,6110.5419921875,6202.725588651537,6081.125744226658,6103.422022362901,1093184
2019-03-26,6169.6572265625,6183.053659851623,6070.634502399775,6143.706954743476,909087
2019-03-27,6106.23291015625,6220.525701662703,6089.370039278248,6209.283787744036,887601
2019-03-28,6179.5390625,6206.47281244078,6090.493926104411,6122.158464800075,949713
2019-04-01,6408.546875,6435.99569842554,6276.735251739609,6305.589314400613,1142386
2019-04-02,6454.451171875,6464.756259306661,6356.833706139416,6426.112181437933,866805
2019-04-03,6626.07763671875,6649.5920647547555,6460.353180973344,6460.353180973344,1491021
2019-04-04,6663.73828125,6717.0435985155855,6615.538392119428,6670.202290297207,1388375
2019-04-05,6658.6796875,6692.639636856202,6604.624633412954,6646.7818119241,729603
2019-04-08,6679.0556640625,6698.307259295421,6599.659644450572,6658.023733120637,498374
2019-04-09,6760.65234375,6777.936968613405,6632.728920218785,6683.317530627233,741669
2019-04-10,6732.3603515625,6762.900973983551,6693.247861792567,6762.900973983551,590107
2019-04-11,6733.765625,6763.884492854526,6698.306665361477,6732.922572990586,609539
2019-04-12,6878.97412109375,6892.230119887696,6708.6588492433175,6734.749549516285,929935
2019-04-15,6888.01416015625,6923.098481898938,6834.146657373662,6886.655579286139,585205
2019-04-16,6987.3642578125,7002.775230423872,6885.671965701065,6904.3147139580105,707823
2019-04-18,6976.96630859375,7063.060542942436,6964.412471849536,7057.2053793246705,713163
2019-04-22,6858.73876953125,6955.840713005822,6838.831212918303,6953.1240085314585,479609
2019-04-23,6603.59423828125,6922.115152483634,6563.404485005591,6864.125701061371,952628
2019-04-24,6573.4287109375,6653.293146072093,6473.469170440332,6618.67723432141,1063510
2019-04-25,6469.01904296875,6693.576463493698,6431.311788853477,6571.601510686078,3075510
2019-04-26,6410.5615234375,6451.781877968993,6323.57711562672,6375.102558791085,1999920
2019-04-30,6245.2578125,6323.5765708496,6211.157431812274,6276.735262917381,1640025
2019-05-02,6261.04296875,6286.056408337862,6112.790239942206,6136.210892202522,1337101
2019-05-03,6286.10302734375,6351.680853262388,6253.314114384431,6253.314114384431,795679
2019-05-06,6285.77587890625,6306.714036154929,6219.870063645772,6238.32572292865,480317
2019-05-07,6278.6083984375,6356.599169725164,6257.998224643763,6318.798145848365,586684
2019-05-08,6230.0341796875,6270.177270733809,6198.041658923484,6257.061704950113,552749
2019-05-09,6206.42578125,6256.124219094218,6183.05178886221,6217.714351920983,570000
2019-05-10,6212.65625,6243.852377129061,6159.631799599411,6204.59945380181,608669
2019-05-13,6130.3564453125,6238.606529732078,6089.370299068768,6207.4104002507165,555672
2019-05-14,6160.7568359375,6194.295031993477,6042.529182752258,6099.675582775186,843313
2019-05-15,6083.5146484375,6220.525469201155,6054.98810996106,6173.68416295717,612357
2019-05-16,6070.30615234375,6114.9458319121195,6034.47254808634,6094.99161565246,555991
2019-05-17,6283.15283203125,6361.04983834377,6075.317850023468,6086.559764318037,782196
2019-05-20,6637.03857421875,6698.306912392023,6426.627331329969,6440.679723453868,1286198
2019-05-21,6441.00830078125,6686.831411621297,6387.2812250967045,6656.150352641844,973836
2019-05-22,6463.91259765625,6492.720000480154,6408.827405474145,6442.740693561013,645280
2019-05-23,6491.50244140625,6603.781144229546,6398.522448288731,6554.035585392088,1364516
2019-05-24,6645.048828125,6670.2027036841155,6451.687987302891,6524.947980870596,1002742
2019-05-27,6621.90966796875,6739.434246183219,6464.147762040784,6646.782221850424,1022289
2019-05-28,6608.98046875,6679.570410224362,6587.29303499195,6620.550363121398,915732
2019-05-29,6456.0908203125,6566.214552395582,6435.995716215958,6558.7199431190575,768022
2019-05-30,6433.84130859375,6483.773960775113,6393.838647925176,6454.732349333987,850456
2019-05-31,6435.85498046875,6521.52745426265,6393.838237705474,6455.668761322846,1084204
2019-06-03,6579.23681640625,6609.309029772093,6332.945292878717,6332.945292878717,1157809
2019-06-04,6606.310546875,6650.528924699659,6531.317795573299,6557.783134652432,575281
2019-06-06,6547.197265625,6650.529009649925,6490.331733885713,6614.18033707027,720856
2019-06-07,6509.30224609375,6548.414737551946,6429.109836790735,6548.414737551946,470376
2019-06-10,6529.63134765625,6598.347177080031,6484.710352575208,6539.046267115711,395116
2019-06-11,6537.45458984375,6574.834324038138,6492.206063887506,6548.36898185851,387309
2019-06-12,6419.1328125,6527.75798811971,6393.885164655027,6523.869793629688,494886
2019-06-13,6356.0849609375,6430.094231422434,6338.846992750234,6410.701745929095,561159
2019-06-14,6321.14111328125,6406.954486084954,6302.357930639386,6346.997608309045,449930
2019-06-17,6165.861328125,6340.485619371231,6146.04754785867,6323.013904323962,567397
2019-06-18,6032.2236328125,6228.957126039806,5986.3191510594625,6187.268361998782,1048826
2019-06-19,6018.77978515625,6146.188136307437,5976.950590768906,6075.317332466514,715496
2019-06-20,6198.74462890625,6228.957273222905,5939.7121900363245,5986.3192925093035,992450
2019-06-21,6011.84814453125,6135.275000745671,5967.77065323652,6135.275000745671,1345890
2019-06-24,6051.80322265625,6086.653338800302,5923.411380335086,6005.992514895265,911826
2019-06-25,6110.44921875,6126.843678133384,6021.310292503851,6050.960751844576,580392
2019-06-26,6070.91357421875,6143.51759196213,6051.989962764454,6107.1689247625045,572239
2019-06-27,6076.91015625,6159.63171940905,6065.949107707011,6085.810004361694,1022011
2019-06-28,6121.8310546875,6136.211427917719,6065.949465002631,6089.37011930766,618701
2019-07-01,6096.724609375,6199.91592605595,6080.002169855411,6183.053054090249,754667
2019-07-02,6145.580078125,6172.560490616066,6072.507632074124,6098.785424891623,518084
2019-07-03,6121.0341796875,6173.683989399474,6103.468690339816,6166.189380611128,517709
2019-07-04,6131.01220703125,6171.810803732946,6098.925910730725,6126.843147603744,576449
2019-07-05,5958.2138671875,6163.378778651975,5902.004302402712,6133.587892289881,866460
2019-07-08,5657.21240234375,5886.219286215871,5607.513499330856,5883.362149357803,1927495
2019-07-09,5569.85302734375,5686.5345373899845,5536.642358480199,5677.166276208123,1337999
2019-07-10,5553.4111328125,5616.272253188317,5527.273777116108,5582.54651488727,809385
2019-07-11,5650.18603515625,5667.798183728525,5555.379046200025,5596.599396627142,779113
2019-07-12,5594.2109375,5705.271499395316,5575.94282678765,5637.539148804932,719883
2019-07-15,5695.6220703125,5710.892153431317,5578.799667598998,5602.2203211153665,675004
2019-07-16,5769.021484375,5782.090390769323,5673.418568778196,5695.855735688995,627259
2019-07-17,5691.87451171875,5783.964334261242,5667.797898004618,5778.3433776681795,598778
2019-07-18,5510.7392578125,5673.138158360862,5487.459037077367,5671.920009935388,1097857
2019-07-19,5404.6435546875,5537.532428697695,5349.3708146883955,5513.221608385257,1228672
2019-07-22,5538.984375,5564.747093023256,5382.11265991727,5414.854915433403,897510
2019-07-23,5502.6826171875,5595.100425710879,5452.515759659057,5536.642565239945,841517
2019-07-24,5403.61328125,5494.485418608053,5363.610621315431,5494.485418608053,800687
2019-07-25,5393.07421875,5475.702472439766,5340.892816514505,5423.3806377614155,990461
2019-07-26,5438.88525390625,5578.800346527338,5324.826657400842,5366.140786718487,2346714
2019-07-29,5209.92431640625,5405.486771079175,5190.016761140144,5405.486771079175,1548125
2019-07-30,5159.24267578125,5288.243835494974,5145.049849348011,5210.627687923095,1189163
2019-07-31,5124.15771484375,5229.643963900283,5102.00141244092,5176.713291185024,1053202
2019-08-01,5220.5576171875,5260.278955390428,5105.7026370218755,5124.158295582771,1134178
2019-08-02,5329.93212890625,5362.393064618661,5138.49160716865,5189.642408181819,1391678
2019-08-05,5312.13232421875,5335.224997647008,5107.576240065231,5246.2265121726505,1122496
2019-08-06,5464.78759765625,5479.495950646368,5283.699292468032,5283.699292468032,1125521
2019-08-07,5410.17138671875,5496.35939842059,5373.354299476508,5465.397475016788,955090
2019-08-08,5529.3818359375,5571.3048038155475,5363.32941009652,5363.32941009652,831725
2019-08-09,5714.54541015625,5766.164619520604,5552.755817875963,5562.545376116084,1445079
2019-08-13,5448.06640625,5736.187136871557,5425.675892895545,5714.35926818953,909354
2019-08-14,5524.580078125,5636.097471808305,5423.891376563574,5501.782636262036,1030939
2019-08-16,5675.66015625,5694.610714378525,5309.903902147782,5514.130975307312,1207075
2019-08-19,5682.7841796875,5722.537308477665,5615.3895259305455,5698.410110557545,902389
2019-08-20,5880.7421875,5920.68501575747,5660.461557318427,5702.2095539214015,2198337
2019-08-21,5916.79052734375,5961.530596379794,5833.294995597246,5911.186249405905,2128640
2019-08-22,5897.4599609375,5982.903050229215,5858.9419725035805,5889.338558612549,1551394
2019-08-23,5940.9658203125,5964.950628425353,5737.3560792726375,5851.343286145604,1232405
2019-08-26,5942.10498046875,6142.675326311183,5809.6899442439635,6136.310855532502,1552155
2019-08-27,5963.19287109375,6022.323731071542,5942.532691101509,5981.953264420037,1078065
2019-08-28,5797.57861328125,5934.933275774908,5765.852270159042,5934.933275774908,1242304
2019-08-29,5804.03857421875,5887.439025419361,5761.103208965541,5797.579021103471,1006756
2019-08-30,5816.90869140625,5850.629901211503,5749.608663017824,5836.144029393754,794518
2019-09-03,5746.56982421875,5822.8460725633195,5701.497200496441,5732.60620683844,1173373
2019-09-04,5538.59033203125,5771.741826908066,5509.381113198345,5758.25315658765,1964992
2019-09-05,5669.58056640625,5697.460027593722,5501.069587329467,5514.130620237005,1149196
2019-09-06,5876.94189453125,5908.335679133104,5663.358316647169,5697.1746071878515,1524051
2019-09-09,6018.048828125,6047.923157072154,5737.355366091863,5780.1005633557925,2061193
2019-09-11,6266.7314453125,6297.793144537856,5970.175008710971,6012.825128947908,2492039
2019-09-12,6071.76513671875,6307.291360315602,6050.820175483492,6236.049364528904,1892862
2019-09-13,6127.09716796875,6186.465505037324,6022.324112236183,6111.614091187319,1929801
2019-09-16,6091.42919921875,6163.858574516466,6022.4195330915645,6031.728303341469,1377371
2019-09-17,5823.2265625,6122.870629078311,5803.848829384235,6088.816857013575,1706567
2019-09-18,5789.64697265625,5900.547015431581,5686.631322559995,5856.092194517483,1955137
2019-09-19,5672.52587890625,5865.591711348615,5644.64641501317,5831.395549144801,1721431
2019-09-20,6261.6494140625,6601.5683652795215,5682.689439427836,5713.608281259236,4892962
2019-09-23,6552.22216796875,6649.253684327736,6341.583310183082,6341.583310183082,3140286
2019-09-24,6657.89697265625,6818.238770170266,6511.518327840683,6587.509788997103,2354230
2019-09-25,6305.8671875,6649.253643518868,6271.196079215937,6649.253643518868,2296343
2019-09-26,6513.84619140625,6554.168884914229,6346.284637197562,6364.2853012996675,1893865
2019-09-27,6434.29248046875,6568.512219249283,6397.53142395429,6516.26808735359,1457894
2019-09-30,6379.2939453125,6468.394225012086,6307.292210722179,6433.628033617669,1264165
2019-10-01,6442.17724609375,6506.769999372189,6316.791313259132,6383.283853398702,1473158
2019-10-03,6415.62646484375,6454.477470700131,6345.287053615258,6446.545769120096,850852
2019-10-04,6316.4111328125,6502.875018382712,6286.774273734725,6452.6257511814365,1065056
2019-10-07,6297.650390625,6363.335421672798,6229.542853295116,6340.253199265319,696713
2019-10-09,6382.85546875,6405.8903817450955,6259.796974749663,6295.892920886307,1017731
2019-10-10,6274.47314453125,6404.27597660273,6229.63799338363,6364.285374249277,985523
2019-10-11,6363.240234375,6383.283076082265,6294.277886950736,6294.277886950736,835065
2019-10-14,6479.3173828125,6530.088902203164,6360.532945499138,6362.338113849464,963217
2019-10-15,6635.71728515625,6667.3012381650815,6467.823640214567,6469.723426861714,1276061
2019-10-16,6625.505859375,6662.456616494374,6549.514394321237,6652.530509660783,876844
2019-10-17,6766.9453125,6797.009345016187,6592.2600138302605,6627.406068659038,1248295
2019-10-18,6936.40625,7076.7056878886215,6707.814500643509,6726.479812815653,1463126
2019-10-22,6892.66357421875,7021.611595607235,6869.6286606373815,6965.567888337102,959552
2019-10-23,7067.4443359375,7097.603451244918,6839.232447666409,6840.22965020564,1278695
2019-10-24,7021.041015625,7100.4521856753,6906.673958802021,7086.2037866405,1658859
2019-10-25,7096.794921875,7132.748474453979,6985.372628235566,7025.885482927001,1353615
2019-10-27,7050.203125,7124.199719995334,7021.658553166167,7102.352174187348,128351
2019-10-29,7334.4111328125,7369.937514161532,7011.970122457158,7044.408886689885,1396732
2019-10-30,7178.29638671875,7365.140121262202,7161.910727230388,7355.973743644774,1243366
2019-10-31,7180.62353515625,7261.934496844038,7126.099750859905,7231.44282823423,1067275
2019-11-01,7236.90478515625,7265.734140721061,7167.040315688171,7219.142058028726,1151035
2019-11-04,7052.00830078125,7242.936866036776,7036.2877512078985,7171.694864075759,824953
2019-11-05,7018.76171875,7164.048087099534,6957.968546466876,7057.660035604068,1207089
2019-11-06,6944.8125,7043.4590147019,6929.471815542866,7024.461148175394,923041
2019-11-07,6922.015625,6988.365772020968,6878.178137175999,6988.365772020968,877885
2019-11-08,6839.75390625,7000.71350888326,6818.381307342283,6921.350110465303,983936
2019-11-11,6779.673828125,6874.806021079943,6719.545762762884,6801.236593353442,864507
2019-11-13,6796.10693359375,6810.59280692317,6739.493198179356,6772.739464837042,687017
2019-11-14,6884.01953125,6905.724687163185,6801.236418168969,6801.236418168969,802462
2019-11-15,6789.0771484375,6990.264351083719,6759.630458006246,6934.220649940365,1049492
2019-11-18,6742.7705078125,6817.384443512304,6720.495323651881,6791.7373235492505,537228
2019-11-19,6692.42578125,6796.486404332583,6679.649531134413,6787.937364830278,755114
2019-11-20,6794.34912109375,6856.329657272334,6691.048227462777,6763.240116345112,1289948
2019-11-21,6667.3486328125,6839.232017443601,6653.812652777976,6791.737350655798,763454
2019-11-22,6706.67431640625,6722.82250246025,6649.253081058786,6681.549453166786,685503
2019-11-25,6873.52294921875,6899.549932680065,6687.533564187941,6720.685211160782,952419
2019-11-26,6767.98974609375,6909.523847450658,6729.0441208881575,6875.327688733552,1249810
2019-11-27,6928.9013671875,6934.220862255806,6807.5051929606125,6807.5051929606125,1070680
2019-11-28,6897.41259765625,6954.263803377741,6859.13208389696,6934.030798171141,602077
2019-11-29,6882.7841796875,6928.379056226812,6774.638739132805,6890.5257170035575,792083
2019-12-02,6781.62109375,6929.329507772772,6750.654478175774,6925.672325659348,703838
2019-12-03,6781.09814453125,6877.227532584573,6706.246737575564,6784.75532652085,668269
2019-12-04,6721.54052734375,6810.735421481297,6698.648004502944,6772.549522713472,737723
2019-12-05,6661.458984375,6768.131811037746,6640.276086568512,6734.743155996348,602894
2019-12-06,6541.630859375,6696.7482612332615,6520.163176441213,6661.459815286384,770911
2019-12-09,6644.2666015625,6751.842024933879,6603.99121572997,6655.902795260507,1479832
2019-12-10,6614.724609375,6695.750788892926,6559.013458209852,6667.3012980702315,790378
2019-12-11,6642.79345703125,6682.498808133515,6606.697514641901,6649.252545406483,603048
2019-12-12,6649.06298828125,6692.900935474242,6625.980766435145,6678.129816253631,932863
2019-12-13,6853.43310546875,6885.776788011655,6677.89253880549,6691.001345122497,1199360
2019-12-16,6782.28564453125,6894.040965185397,6767.989935526809,6877.227667819522,727854
2019-12-17,6834.62451171875,6911.898422480638,6806.935215487701,6848.635437539074,939918
2019-12-18,6877.84521484375,6891.4289680831025,6805.0359820865415,6858.230009863879,841740
2019-12-19,6877.84521484375,6943.7204116488865,6806.935768792875,6885.729607964102,1001697
2019-12-20,6897.650390625,6938.353412429992,6865.354017522852,6877.84502200375,679779
2019-12-23,6992.0703125,7008.883611391699,6886.822308143957,6910.474561302087,914067
2019-12-24,6960.62841796875,7051.723562769468,6936.121354665659,7026.361224385357,850537
2019-12-26,6878.08251953125,6975.4943587990265,6860.1296283596275,6966.517681305664,556360
2019-12-27,6976.87158203125,6999.289157881197,6888.056553699583,6903.824876091543,665383
2019-12-30,7044.64599609375,7059.559506027489,6973.736555924569,7008.312578348854,739631
2019-12-31,6999.38427734375,7041.084502918416,6986.703108275302,7041.084502918416,560622
2020-01-01,6945.3359375,7038.662966457895,6917.171226411224,7007.363792594302,634725
2020-01-02,6962.57568359375,6998.814021192905,6945.619994973198,6960.438423611708,616838
2020-01-03,6890.763671875,6964.617878097322,6863.929185369783,6961.720888974127,571967
2020-01-06,6689.5283203125,6848.730526280027,6674.425109973177,6839.231593511262,748516
2020-01-07,6719.16552734375,6806.555713385005,6674.330376805239,6744.242618401264,590500
2020-01-08,6682.689453125,6760.057983234566,6630.68279554582,6706.246621169079,793313
2020-01-09,6865.7333984375,6877.227199641905,6746.141929814476,6782.23787368,798184
2020-01-10,6963.193359375,6981.621198018001,6871.908513616145,6897.555634645149,747847
2020-01-13,6984.28076171875,7000.713730539841,6915.033168013166,6964.61778457505,537399
2020-01-14,7016.67138671875,7040.988747073884,6958.538197170383,6986.464966407693,548522
2020-01-15,7108.00439453125,7128.949356682072,6984.565572242941,7018.714422575472,692726
2020-01-16,7088.72119140625,7144.1475586068045,7049.348392138563,7082.87944033395,640207
2020-01-17,7143.34033203125,7190.597525854979,7060.129582404737,7094.753380290076,750738
2020-01-20,7076.3251953125,7152.221576949947,7049.205463404759,7144.384957252778,407828
2020-01-21,6936.73828125,7062.124198056874,6922.632272846208,7040.134260713232,442561
2020-01-22,6778.05908203125,7005.416148150592,6751.794623662866,6972.217190037109,1048435
2020-01-23,6788.98291015625,6858.230043175427,6766.23277871136,6787.367905921977,589326
2020-01-24,6771.26708984375,6848.730703046345,6754.928739533748,6790.597047475034,645723
2020-01-27,6790.59716796875,6862.979224345323,6707.196720152571,6745.667399541635,573149
2020-01-28,6646.451171875,6858.182773597833,6614.107488382031,6820.1870390674185,1614448
2020-01-29,6659.03759765625,6759.678990138951,6625.506545753618,6658.752815158833,1001252
2020-01-30,6668.6787109375,6695.797979563332,6631.2052341228,6668.251073419576,579174
2020-01-31,6567.087890625,6710.046844489043,6550.037118907191,6682.499936435506,868935
2020-02-03,6659.98681640625,6691.856015425389,6440.276678091212,6440.276678091212,1010531
2020-02-04,6838.85205078125,6853.4803151705,6650.203144353246,6668.251117463189,973311
2020-02-05,6688.10302734375,6869.247848499355,6673.56984671805,6853.479528408338,718489
2020-02-06,6669.77099609375,6763.572960988347,6627.215497275295,6720.495206372468,875714
2020-02-07,6622.4189453125,6696.748099753021,6587.510364792511,6686.299272930712,645814
2020-02-10,6547.51953125,6638.899453582035,6507.814176251187,6625.5058650917335,593773
2020-02-11,6681.31201171875,6733.793616644637,6565.947284685944,6601.7584476908205,743160
2020-02-12,6690.38330078125,6753.741369478057,6656.804943646112,6702.542213321965,599364
2020-02-13,6654.0498046875,6702.44705333248,6578.011032359329,6696.747693593252,723169
2020-02-14,6567.37255859375,6733.746752454226,6555.214109053014,6649.300861289856,614859
2020-02-17,6560.67529296875,6630.254974470174,6535.265648188366,6573.26137870109,463548
2020-02-18,6441.322265625,6582.761300959058,6398.291816061249,6578.011833930949,830678
2020-02-19,6418.04931640625,6511.471417449368,6292.663397819844,6506.769259976338,1033939
2020-02-20,6418.99853515625,6466.44542334608,6383.282457215961,6422.22807935076,682513
2020-02-24,6146.18994140625,6373.784484618544,6117.123111649288,6373.784484618544,1091346
2020-02-25,6093.13818359375,6183.805689092744,6057.042236407033,6179.436086933435,964897
2020-02-26,5922.4423828125,6049.728086055823,5876.087311103489,6031.822504441038,1580738
2020-02-27,5974.638671875,6020.471023439374,5857.801796384471,5917.835238260111,1492657
2020-02-28,5968.2744140625,6048.302920941187,5797.388709941526,5854.239450304184,1468843
2020-03-02,5970.22216796875,6116.885610213958,5936.833509076726,6080.220097513995,1219764
2020-03-03,6066.06591796875,6100.357158833672,5965.804865761934,6001.425864482748,849199
2020-03-04,6064.4521484375,6102.115329775592,5897.88824448578,6069.8189534972025,904360
2020-03-05,6046.9736328125,6140.110488341829,6013.014946247181,6090.620953059841,645853
2020-03-06,6122.96533203125,6155.309015638301,5794.491927568147,5885.919164104441,1140899
2020-03-09,5890.3837890625,6054.620257730542,5774.781581985496,5985.278042667108,1082030
2020-03-11,5838.3291015625,5994.729407066056,5799.098693144742,5851.342825515416,937029
2020-03-12,5360.390625,5641.701450973059,5277.179873850076,5641.701450973059,1345964
2020-03-13,5546.04736328125,5759.67828328491,4562.38503398935,5058.3722139170395,1480205
2020-03-16,5205.65283203125,5402.993167938278,5129.423893612289,5356.068531007881,933412
2020-03-17,5323.15478515625,5458.989528104906,5226.312976947587,5226.312976947587,1238640
2020-03-18,5084.4462890625,5403.752829696145,5046.3554748977085,5386.844914450321,973395
2020-03-19,4578.05810546875,4841.2263246485745,4419.42592308738,4625.980408366883,2554559
2020-03-20,4824.6982421875,4963.192500011056,4571.456595261239,4625.030484699298,1614552
2020-03-23,4008.882080078125,4549.988678483867,3933.5079577456563,4345.761629240854,1531965
2020-03-24,4261.6484375,4341.011827061737,3828.0695105161485,4123.486289119256,1746431
2020-03-25,4755.11865234375,4900.879504056625,4094.135292641368,4216.576448866613,1728819
2020-03-26,4633.580078125,4863.454284542846,4511.993721011429,4772.692154270452,1338787
2020-03-27,4413.29931640625,4879.126894006472,4326.763944748268,4844.45578885097,1339426
2020-03-30,4111.56640625,4407.458209956987,4056.0449496912797,4357.588804837832,1528082
2020-03-31,4073.4267578125,4244.1700577367355,3999.0503069876495,4227.024671281482,2140261
2020-04-01,4033.57958984375,4203.135547367014,3980.148090624234,4075.042340475075,1323842
2020-04-03,3810.497314453125,4053.195074354103,3800.618516010788,4037.0468868068756,1724808
2020-04-07,4325.48193359375,4381.7631168339285,3913.5607586419505,3942.057560282547,2688172
2020-04-08,4462.69384765625,4678.224546699552,4185.704865996259,4185.704865996259,2798833
2020-04-09,5059.74951171875,5128.474390958127,4498.885240250238,4554.216529984135,3786650
2020-04-13,5018.4287109375,5075.659782442749,4750.416408261414,5020.186106311053,2192268
2020-04-15,4839.04150390625,5081.9294188529875,4788.4123739136285,5041.55895150696,2094519
2020-04-16,4873.712890625,4966.042714999166,4720.970216822083,4765.615206800079,1752169
2020-04-17,5229.1630859375,5322.205328551214,4950.5595415624675,5058.182276588045,2192902
2020-04-20,5064.2138671875,5294.658080421954,5015.4367522224675,5235.812003456485,1555307
2020-04-21,4750.51171875,4874.187554456555,4639.754061533141,4874.187554456555,1843169
2020-04-22,4921.2548828125,4985.277599597979,4740.917543865768,4758.015623567147,1991584
2020-04-23,4897.982421875,4981.810505799507,4792.211709905253,4909.99847938558,1454061
2020-04-24,4792.82958984375,4882.452125811113,4777.963850745116,4844.456389423478,1070808
2020-04-27,4802.99365234375,4963.193083708459,4741.440280882547,4892.046159826557,1432313
2020-04-28,4799.52587890625,4863.453510025676,4740.2048590636,4834.95671211537,1172062
2020-04-29,4814.4873046875,4844.45625540814,4759.96305342747,4844.45625540814,1038094
2020-04-30,5090.2880859375,5153.1712086082125,4865.353535574427,4865.353535574427,2341081
2020-05-04,4641.462890625,4873.189518945569,4597.483021625955,4840.6556773152615,1742771
2020-05-05,4587.8427734375,4777.536208893292,4559.488362420668,4744.717577144008,1570620
2020-05-06,4600.5703125,4749.466073917308,4473.997041630104,4598.623216935713,2214528
2020-05-07,4511.32861328125,4688.056561546565,4497.745322963931,4654.002789833534,1530808
2020-05-08,4420.9462890625,4634.529913502304,4405.130656664672,4629.780446487032,1828141
2020-05-11,4690.38330078125,4763.335389947313,4493.138035098872,4511.99351127216,3176473
2020-05-12,4703.20654296875,4735.218132923982,4455.046916644499,4667.775708162176,3124672
2020-05-13,4783.75830078125,5051.0109047783535,4736.40602147115,4986.940408668545,3304845
2020-05-14,4857.8017578125,4887.201141654225,4609.024789545541,4659.226744375894,2590674
2020-05-15,4844.8359375,4866.4937841150795,4712.563288842223,4853.955006400291,2182462
2020-05-18,4484.39892578125,4839.706326396239,4446.022865703391,4825.837791559546,3164086
2020-05-19,4564.521484375,4654.47655349613,4517.454463120249,4599.382749393522,2108177
2020-05-20,4646.8310546875,4673.475378177279,4507.7189851911135,4515.793078832274,1518296
2020-05-21,4797.05615234375,4819.568344820046,4607.979616424251,4644.978145254508,1868166
2020-05-22,4877.03759765625,4891.951109866756,4683.686977665147,4758.966031151932,1935875
2020-05-26,4983.28271484375,5020.945891968479,4902.066836523386,4939.445231180046,1508751
2020-05-27,4981.6201171875,5025.885235841692,4878.08175190556,5005.937477392878,1534655
2020-05-28,5194.34912109375,5219.66368478195,4958.443027217794,5003.088012328759,2325084
2020-05-29,5329.66162109375,5382.808341531112,5105.676946350152,5105.676946350152,3386733
2020-06-01,5503.3017578125,5570.79148931591,5382.95009462806,5404.892721991779,2340994
2020-06-02,5404.98779296875,5555.9257409366,5343.244730366446,5507.24371080786,2110719
2020-06-03,5342.20068359375,5539.778518264357,5325.102601747255,5442.889387800887,1652859
2020-06-04,5405.0830078125,5433.342333313014,5292.80543491972,5374.496258215322,1642049
2020-06-05,5458.27685546875,5495.132528561249,5386.939778627093,5441.273395002477,1236658
2020-06-08,5447.4482421875,5556.8761425200955,5415.816978902279,5556.8761425200955,1176769
2020-06-09,5378.5810546875,5497.032943700583,5338.400750578413,5465.686462424945,1336806
2020-06-10,5391.21484375,5452.387883336607,5333.651213403318,5371.646947781971,1432292
2020-06-11,5154.263671875,5403.943229919133,5129.708836188193,5354.548776068581,1766481
2020-06-12,5283.0693359375,5327.286685825289,4940.395310147155,4940.395310147155,2064628
2020-06-15,5201.37841796875,5305.154264594889,5120.922267140794,5243.411197952335,1530562
2020-06-16,5226.50341796875,5331.3237789329505,5129.424131291229,5309.903869244068,1184933
2020-06-17,5439.279296875,5522.157488776295,5172.169110630976,5172.169110630976,3454833
2020-06-18,5428.06982421875,5469.485262141429,5358.347753341403,5409.641988172185,1580214
2020-06-19,5601.853515625,5637.616906692981,5421.0412277164005,5462.836534185565,1854589
2020-06-22,5600.57080078125,5675.6123701947035,5515.412960659253,5604.370373916108,1497563
2020-06-23,5591.54736328125,5706.199679402398,5568.797231377796,5604.370923869766,1398070
2020-06-24,5466.96826171875,5640.466172736526,5442.888374836695,5640.466172736526,1268449
2020-06-25,5473.5703125,5553.83630126893,5367.847367257031,5392.544594570548,1266203
2020-06-26,5466.54052734375,5518.879737757439,5409.642014893049,5509.380805334449,1063057
2020-06-29,5394.1591796875,5509.3810495600255,5366.89705689899,5442.888519651542,1102655
2020-06-30,5545.76171875,5580.1480408114585,5396.771329703111,5461.88632814127,2015814
2020-07-01,5512.326171875,5590.122344190861,5485.634076075145,5545.762139382963,1284965
2020-07-02,5650.39306640625,5661.364148651508,5474.0450016969335,5556.875884162973,1470941
2020-07-03,5634.86279296875,5688.531770659892,5588.27024289647,5650.3936429928435,1059779
2020-07-06,5816.7666015625,5839.659122449833,5628.117702762582,5664.641285026372,1385081
2020-07-07,5914.748046875,5936.833065880074,5787.36726385046,5832.344803920585,1799721
2020-07-08,5741.53515625,5922.584917873765,5720.827667163428,5914.748297894221,1204072
2020-07-09,5701.59228515625,5790.549702171505,5634.149859163111,5775.351408989953,1043427
2020-07-10,5657.232421875,5780.196305573357,5624.318708985878,5680.362418465725,1168821
2020-07-13,5688.76904296875,5755.641443938993,5630.777774020356,5699.360261358082,1035069
2020-07-14,5482.546875,5660.17692925131,5461.88669489323,5652.815255879932,1602929
2020-07-15,5510.61572265625,5585.182345446367,5466.635849135372,5518.879979752652,1246705
2020-07-16,5580.95556640625,5623.368208526802,5463.786137744285,5517.930054616925,1018658
2020-07-17,5622.8935546875,5657.564661156981,5557.825861724227,5602.4708481369835,810152
2020-07-20,5573.49853515625,5638.566221506178,5520.779460814338,5637.616328274793,912610
2020-07-21,5823.6533203125,5841.843683898534,5604.370363414854,5622.893282412581,1854694
2020-07-22,5702.58984375,5821.896545438974,5642.081913531252,5810.497824840953,1140092
2020-07-23,5762.00537109375,5784.850119125183,5668.915828946908,5711.708336009807,701651
2020-07-24,5700.02490234375,5744.337331959713,5634.862129297817,5708.858724494554,793324
2020-07-27,5740.490234375,5759.060927455497,5631.01502697282,5706.959185009096,902597
2020-07-28,5967.98974609375,6003.658519628937,5728.949177640098,5746.854760027338,1774828
2020-07-29,5875.23291015625,5979.578790066018,5812.350247078784,5955.784146570439,2057197
2020-07-30,5951.46142578125,6073.285242257979,5860.889006304344,5874.1875125864035,2217867
2020-07-31,5948.9443359375,6060.176935464845,5897.887570450032,5951.0815958881385,1613555
2020-08-03,5856.2822265625,6114.890671653037,5818.143640375874,6060.31911727319,1836582
2020-08-04,6040.32421875,6057.3272161504065,5875.090092781074,5888.388599054144,1223516
2020-08-05,6199.2412109375,6267.111273425266,6060.319314427313,6068.773272118589,2278663
2020-08-06,6227.2626953125,6255.854574999802,6111.993056261698,6207.505101169914,1233252
2020-08-07,6344.337890625,6411.305373974164,6157.066503355578,6172.407188693105,1567980
2020-08-10,6277.75,6391.547500385481,6246.498601886793,6354.786442612933,1601750
2020-08-11,6316.03076171875,6377.1087158259315,6279.744651869402,6331.038890441622,880808
2020-08-12,6393.06640625,6438.42380930147,6261.791436335625,6278.747123747198,1114981
2020-08-13,6451.8671875,6490.540243118971,6378.403029822321,6450.238124167478,1087096
2020-08-14,6314.37939453125,6464.805909615136,6279.731497548829,6459.870049094936,905793
2020-08-17,6487.08935546875,6507.743967805766,6314.379170165394,6383.194806864361,1028536
2020-08-18,6606.60693359375,6637.085064936539,6479.901283798968,6487.089566472942,1322527
2020-08-19,6699.7666015625,6723.152854905286,6598.891037635814,6636.222371766009,1326450
2020-08-20,6684.8154296875,6708.105277962636,6594.098929485644,6604.6899465719,958157
2020-08-21,6683.185546875,6771.361808213377,6662.099919163649,6755.068368618242,971836
2020-08-24,6788.134765625,6804.907424770561,6665.933963278769,6694.687093242587,961177
2020-08-25,6814.4443359375,6877.461614930999,6781.569641921219,6804.90769359457,1047620
2020-08-26,6717.3544921875,6860.49726053499,6682.227843035757,6814.492249567446,992395
2020-08-27,6802.99072265625,6831.456509240078,6671.492884412017,6750.276649713717,1158891
2020-08-28,6808.8369140625,6858.579733850604,6736.331200384102,6828.868167088534,1019984
2020-08-31,6555.666015625,6862.413808808516,6508.223350326673,6841.328179787037,1580774
2020-09-01,6618.63525390625,6726.9869174120195,6519.293279230782,6575.314150367287,1117127
2020-09-02,6633.10791015625,6689.895345575353,6567.598597809521,6618.491734795215,776392
2020-09-03,6778.64599609375,6821.104595410311,6633.107150086454,6637.180509966216,947751
2020-09-04,6891.2626953125,7019.597404064087,6675.5660196834315,6694.687038146866,2185292
2020-09-07,6909.5205078125,6996.594659605147,6832.941435204109,6924.711837759889,1348919
2020-09-08,6923.75390625,6975.509541761836,6840.992717718365,6919.920155471345,1145062
2020-09-09,6915.36767578125,6954.759559195336,6825.226796497861,6900.751500727626,1273303
2020-09-10,6931.08544921875,6996.019599174264,6870.080987175312,6962.09100039641,978701
2020-09-11,6894.6171875,7044.420805323075,6876.790153574144,6977.378372353333,1383019
2020-09-14,6832.55859375,6938.70556751041,6790.531007607252,6918.9616575747,1003491
2020-09-15,6759.6689453125,6876.79021462969,6713.8558123318435,6866.247400363359,894418
2020-09-16,6764.60546875,6871.039786831699,6748.359762739851,6779.98820645103,920570
2020-09-17,6791.345703125,6817.271255077558,6652.515912096766,6756.506399989361,1133411
2020-09-18,6675.279296875,6851.871451718924,6643.5071791667315,6850.913013972146,1143550
2020-09-21,6351.5185546875,6696.5079050798495,6316.104096420909,6675.278604787181,1290480
2020-09-22,6172.86572265625,6408.066707906455,6049.994290684431,6397.571627928698,2665724
2020-09-23,6231.09130859375,6277.719680656296,6114.832993882984,6193.424891296527,1456226
2020-09-24,6035.95263671875,6217.1928117685375,6009.5474001514585,6167.545931480753,1237674
2020-09-25,6227.640625,6247.62367599592,6067.868878486905,6129.208889262953,1316468
2020-09-28,6424.408203125,6440.701644785917,6270.387070347227,6305.561922774784,1099583
2020-09-29,6462.505859375,6530.123452518856,6393.737953786011,6468.496095053483,1199391
2020-09-30,6463.17724609375,6498.160224042694,6393.738243764602,6431.1173160936105,812841
2020-10-01,6513.82958984375,6621.84569980132,6493.7983366289245,6553.988501622612,1255993
2020-10-05,6535.44287109375,6591.751084821564,6464.662154793356,6579.6746764501695,833476
2020-10-06,6605.935546875,6651.365397761119,6546.129131278897,6572.965385404199,756192
2020-10-07,6754.0146484375,6776.154653278318,6580.201875013756,6632.388995853743,1101957
2020-10-08,6785.5947265625,6843.244656224446,6729.190578620704,6795.322774878336,851205
2020-10-09,6768.8701171875,6861.45528984613,6710.022137758451,6766.56996037347,839682
2020-10-12,6840.03466796875,6857.6220942607615,6713.856431907287,6814.492395554719,799712
2020-10-13,6740.59619140625,6886.374654516832,6730.149314407404,6838.452771047683,819414
2020-10-14,6711.31689453125,6780.947305776876,6639.52999827672,6747.401983416143,779630
2020-10-15,6606.1279296875,6756.88999601336,6572.678546820386,6736.858741240907,681316
2020-10-16,6608.33203125,6689.895173452128,6577.7579620919705,6608.427968617825,657914
2020-10-19,6567.1669921875,6689.894745123458,6541.336910525444,6685.10255691062,548457
2020-10-20,6560.1220703125,6660.182861846285,6526.960035857418,6533.669099036713,659864
2020-10-21,6576.65625,6658.842288081788,6483.495912349733,6617.054308066088,911967
2020-10-22,6528.44580078125,6574.882292211915,6493.60696652345,6544.212287350286,584523
2020-10-23,6808.0224609375,6828.581136399999,6548.046239837398,6572.965619555749,1758998
2020-10-26,6761.5859375,6863.659550115524,6646.813025662356,6804.907507701635,1559351
2020-10-27,6860.88037109375,6910.096240822984,6759.861130625127,6773.279258489688,1461819
2020-10-28,6887.380859375,7027.265025076392,6814.491861469332,6895.911329062477,1645177
2020-10-29,6821.8720703125,6899.792866595093,6696.316734081918,6818.325663697387,1434852
2020-10-30,6675.662109375,6814.491900839748,6595.009672247301,6784.828067466128,1360249
2020-11-02,6582.8857421875,6760.244453311968,6565.2983166032545,6752.097732773117,1059351
2020-11-03,6626.01513671875,6673.841082689946,6567.646376413788,6651.557406939034,926491
2020-11-04,6665.02294921875,6760.818976605218,6622.324740410229,6626.01481884745,901404
2020-11-05,6798.00634765625,6809.6035367690865,6689.559221619907,6728.232274229464,843221
2020-11-06,6620.50439453125,6838.453035375932,6603.635797300655,6797.240213999455,1378439
2020-11-09,6586.52783203125,6740.309354858657,6531.753208698805,6699.432078778762,1479540
2020-11-10,6511.0986328125,6684.144368433923,6480.42862710704,6683.2818681208855,1695413
2020-11-11,6572.3427734375,6617.053797985495,6472.425644462994,6573.9241020252775,1481918
2020-11-12,6552.6943359375,6641.9727066436635,6509.708315082794,6572.006760383203,1418041
2020-11-13,6526.24169921875,6594.051164316922,6503.958023409104,6594.051164316922,970632
2020-11-14,6567.45458984375,6574.786544495042,6550.921539871141,6565.298105064714,128193
2020-11-17,6691.28515625,6706.092738118309,6577.758021990472,6579.674897415794,1243068
2020-11-18,6761.10693359375,6776.1545927980815,6659.225192469741,6689.847464422724,1400300
2020-11-19,6673.888671875,6833.660414626405,6627.788195501236,6738.7750876912,1305695
2020-11-20,6676.3330078125,6728.232313040019,6617.053545474116,6670.294569816209,923474
2020-11-23,6697.32275390625,6751.234872242943,6644.465010592236,6747.401121605667,735755
2020-11-24,6860.88037109375,6909.377412544525,6756.985817511292,6756.985817511292,1910670
2020-11-25,6762.44873046875,6950.925401194468,6725.357006130211,6948.672979114155,947742
2020-11-26,6703.552734375,6802.990643542016,6616.095296191961,6785.738765325088,1068945
2020-11-27,6743.3759765625,6815.45068087192,6641.973452178653,6747.688946336642,2123905
2020-12-01,6806.537109375,6844.970086236306,6685.294741962157,6844.970086236306,1076695
2020-12-02,6906.9814453125,6919.920354562721,6809.700016505281,6814.492205116475,1106734
2020-12-03,7417.4453125,7459.37696195885,6948.290057411836,6948.673338895171,3846792
2020-12-04,7478.8330078125,7555.028804582021,7323.662038554768,7473.897147279578,2393536
2020-12-07,7421.56640625,7509.3593933291095,7370.385926573179,7503.416892383303,1037296
2020-12-08,7440.064453125,7680.1048921083275,7379.970222688248,7425.975231868643,1885285
2020-12-09,7388.8359375,7475.766425246962,7372.302886953984,7451.853217117424,822760
2020-12-10,7414.47412109375,7523.736019982671,7389.5547406454,7437.476626122996,1186739
2020-12-11,7412.12548828125,7471.692764123836,7379.970091505976,7456.597370754846,706875
2020-12-14,7376.90283203125,7499.774727866683,7336.840324833158,7485.398162893136,1038032
2020-12-15,7442.50830078125,7466.229633699615,7322.990933185573,7376.9030534545855,891801
2020-12-16,7472.31591796875,7570.699455092324,7447.06099076685,7494.982876164321,963504
2020-12-17,7374.22021484375,7506.388689952701,7308.088008601975,7475.7186812608625,734075
2020-12-18,7245.548828125,7405.847520741014,7228.296950892784,7393.387831628857,1078328
2020-12-21,7069.53271484375,7283.16839371087,6975.60581622766,7245.78932181263,970306
2020-12-22,7088.03076171875,7128.860305303544,6905.640236880926,7073.2709133019835,1138240
2020-12-23,7140.3134765625,7241.572330880377,7086.6886974522295,7092.822605432248,951805
2020-12-24,7136.57470703125,7219.67144116434,7106.048841282762,7195.231280300154,589281
2020-12-28,7171.98974609375,7229.496011597642,7144.195051100201,7154.737866442582,521320
2020-12-29,7142.61328125,7231.41244048369,7109.978196799856,7207.451498003625,538719
2020-12-30,7296.490234375,7317.671801031081,7121.192073563972,7185.407399126393,1029800
2020-12-31,7331.66552734375,7377.095383228584,7264.958166152093,7298.167940688848,908515
2021-01-01,7371.6318359375,7426.454660621891,7332.048545364582,7335.882296237975,767574
2021-01-04,7382.17431640625,7432.87604379968,7324.955868005311,7417.34916627098,598645
2021-01-05,7337.27197265625,7354.092366855671,7270.70828814898,7341.632676933981,562668
2021-01-06,7311.53759765625,7426.933397864853,7241.475711390875,7335.881820526208,840678
2021-01-07,7251.5869140625,7384.186855064972,7238.216989785747,7356.967319704659,642968
2021-01-08,7681.7822265625,7725.007860421097,7284.126518511208,7284.126518511208,2557157
2021-01-11,7890.57763671875,7943.531317375725,7554.788909308269,7762.386599834217,2182019
2021-01-12,7847.73583984375,7982.827824598611,7801.6830942769475,7821.81028653491,1514072
2021-01-13,7801.5390625,7907.11087961648,7773.888041765972,7847.687743309059,877225
2021-01-14,7810.740234375,7840.020318663655,7689.97708521221,7825.451878553918,718274
2021-01-15,7691.22265625,7877.878391606825,7667.549058717204,7818.119709565248,751177
2021-01-18,7505.1904296875,7690.456726474773,7423.1003304759915,7678.044770489758,771183
2021-01-19,7593.31787109375,7658.203816229398,7509.3586432085085,7571.657087600155,779892
2021-01-20,7806.4267578125,7830.435433237307,7533.559377491253,7554.405395933471,999226
2021-01-21,7741.06103515625,7923.403792074377,7688.059622048483,7863.980659727865,769494
2021-01-22,7714.3212890625,7962.700322645322,7667.501514343112,7748.968717933008,1172914
2021-01-25,7649.7705078125,7825.356481768154,7619.675657609228,7779.63881625184,753043
2021-01-27,7543.76708984375,7753.760880463371,7495.461924062274,7660.744690223254,1080785
2021-01-28,7273.10400390625,7652.693042612048,7247.705406541354,7514.151069463662,2085637
2021-01-29,6907.125,7365.5937702394685,6871.9983516743,7365.5937702394685,3069968
2021-02-01,7092.2470703125,7164.321772192158,6854.746396617835,6963.241730918002,1611478
2021-02-02,7336.55322265625,7446.821292444657,7178.8420189035305,7221.732105822272,1700845
2021-02-03,7273.775390625,7395.736584774118,7165.1363865615385,7360.8013443239715,1491567
2021-02-04,7322.46435546875,7442.26907332655,7216.125500703294,7284.126845754254,1198036
2021-02-05,7182.67626953125,7414.474536160009,7150.904151278416,7360.802021420484,1128089
2021-02-08,7259.78173828125,7320.5465901955295,7163.8420382844315,7202.658762152318,912372
2021-02-09,7310.0517578125,7360.801219037045,7259.206827211794,7265.915890822896,925127
2021-02-10,7304.92431640625,7355.912917841567,7194.080629429685,7289.1100954146095,1015600
2021-02-11,7348.67724609375,7422.141400735783,7253.120822115141,7284.126374689044,818869
2021-02-12,7253.935546875,7356.009159313685,7213.106008302097,7303.391024527229,756833
2021-02-15,7280.916015625,7331.186262639492,7264.958120738229,7284.126875674214,470093
2021-02-16,7377.14208984375,7474.854992318358,7308.326455978403,7321.504973242716,1321126
2021-02-17,7191.349609375,7371.82323284713,7160.775073751744,7360.753465112597,1023548
2021-02-18,7185.93359375,7264.046257639805,7149.944449299908,7260.021100538361,821462
2021-02-19,7018.638671875,7175.247284953034,6982.218042415591,7138.443374044107,1013887
2021-02-22,6791.92041015625,7020.555515553243,6762.735797644189,7018.638640327154,1502068
2021-02-23,6680.78955078125,6826.32839960228,6649.6403275690855,6822.9256651975975,1589884
2021-02-24,6663.96923828125,6743.567297829538,6591.654930475078,6618.0119658204885,1225254
2021-02-25,6642.30908203125,6775.196381025293,6627.596969131404,6771.362630067009,1740066
2021-02-26,6580.77685546875,6780.9466607404775,6538.653799760753,6613.220064891773,2687534
2021-03-01,6723.4404296875,6740.548636138805,6629.561270277685,6687.019797281495,1417600
2021-03-02,6914.26513671875,6934.296389983889,6737.816671953938,6766.569801421736,1395296
2021-03-03,6828.58154296875,6960.462201402072,6806.058256113067,6944.456571960765,796258
2021-03-04,6835.1943359375,6876.982312894349,6719.606656717458,6785.738857446812,906310
2021-03-05,6947.71435546875,7010.971238826583,6776.154020301291,6833.660277899322,1821165
2021-03-08,6957.7783203125,7033.782240948866,6916.086281338246,6962.953790173943,977572
2021-03-09,6998.08056640625,7024.7731498158155,6954.42391658342,7024.7731498158155,678485
2021-03-10,6969.85498046875,7079.979380002808,6949.63185114395,7015.764053285577,659270
2021-03-12,6801.265625,7009.0547260039175,6767.911713076174,6996.595036213401,946720
2021-03-15,6794.65234375,6865.241656244214,6719.606857440715,6848.037511968893,700250
2021-03-16,6853.11669921875,6900.751238714176,6804.907471509813,6804.907471509813,796357
2021-03-17,6771.0263671875,6871.950131283359,6750.7555047367705,6862.413489588312,688581
2021-03-18,6818.0859375,6941.005568002109,6766.5699130205585,6828.868361228256,984545
2021-03-19,6817.89453125,6852.782039033247,6618.491748595433,6766.522643280066,838756
2021-03-22,6806.10546875,6845.64102243223,6757.177413145393,6808.741172328815,533767
2021-03-23,6887.5732421875,6924.712704791051,6833.661119053314,6841.328621010176,757590
2021-03-24,6772.5126953125,6860.880370882668,6756.938082613042,6839.411459897462,457147
2021-03-25,6504.77294921875,6765.611673726528,6474.486224527714,6756.985734491008,1338767
2021-03-26,6502.47265625,6612.213769782683,6489.581482356324,6602.677127743718,911299
2021-03-30,6567.02294921875,6589.258890049846,6459.869806390685,6527.918880018836,1088817
2021-03-31,6574.11572265625,6651.461360296401,6512.775712994841,6567.502128474922,735382
2021-04-01,6636.12744140625,6700.917930787318,6570.091170070381,6661.142761778139,660759
2021-04-05,6487.2333984375,6621.366943635077,6445.110341721981,6621.366943635077,668129
2021-04-06,6470.7001953125,6562.3751348358755,6440.7012827824965,6534.867785912464,628262
2021-04-07,6579.67529296875,6598.844048374341,6493.463628337233,6507.792460197788,598115
2021-04-08,6543.11083984375,6650.8868839180195,6523.942084865257,6595.010150350584,604553
2021-04-09,6543.35009765625,6589.498779189611,6496.290713115477,6565.298227329746,641327
2021-04-12,6249.5888671875,6459.726329784443,6231.905504690868,6459.726329784443,1020746
2021-04-13,6532.51953125,6560.88938095324,6199.941647171774,6249.013844928037,995718
2021-04-15,6368.099609375,6562.2791785880945,6278.7252949566355,6562.0395691660615,1267365
2021-04-16,6371.78955078125,6502.8559018093465,6331.4869660713675,6397.571430439074,1000325
2021-04-19,6241.10693359375,6258.598422293115,6148.378082543695,6230.180836989939,772219
2021-04-20,6370.39990234375,6401.118111697039,6285.961446617664,6340.065442463635,914142
2021-04-22,6373.70654296875,6397.475610363205,6272.974648672244,6350.560366472149,667911
2021-04-23,6398.6259765625,6435.621765113939,6287.351266795113,6287.351266795113,709306
2021-04-26,6362.97119140625,6506.832766556195,6325.688062935761,6412.139320324058,937344
2021-04-27,6295.73779296875,6430.1586836197675,6270.099583878449,6392.73187773141,1610651
2021-04-28,6300.57763671875,6373.610777484186,6272.974817839699,6295.737713473571,1406270
2021-04-29,6292.7666015625,6371.167088833078,6279.684020118022,6359.234351874707,757075
2021-04-30,6187.33837890625,6286.968167181839,6154.128605476777,6265.403318463068,849997
2021-05-03,6323.62841796875,6346.774595358617,6134.001421065411,6162.754552726656,834923
2021-05-04,6237.751953125,6372.172836069844,6212.592964338532,6363.978381202823,507170
2021-05-05,6316.2001953125,6324.730196995153,6213.551427052519,6285.146908339745,499160
2021-05-06,6389.568359375,6430.158288044523,6302.398734622844,6316.10420602376,520125
2021-05-07,6424.45556640625,6473.815107407802,6364.02625728756,6401.4053271722305,605050
2021-05-10,6482.8720703125,6491.641680949754,6383.290495059323,6397.762996738018,541534
2021-05-11,6456.6591796875,6468.495978772832,6383.43463366747,6402.507450127467,406046
2021-05-12,6534.1962890625,6555.713401089874,6407.15556817044,6450.285261598663,770204
2021-05-14,6456.419921875,6557.774713252622,6421.724756351753,6555.714165701482,647029
2021-05-17,6438.64013671875,6554.179602418549,6419.183572610339,6437.346152358924,995827
2021-05-18,6528.01513671875,6578.716397642778,6436.340663964997,6505.875132167712,805827
2021-05-19,6494.27783203125,6570.0426120075535,6479.038766400018,6516.417836206172,432774
2021-05-20,6457.8095703125,6531.465601380424,6449.806521895568,6498.974188861227,470476
2021-05-21,6531.41748046875,6551.40100042253,6463.9435589349205,6498.207707243765,434363
2021-05-24,6586.00048828125,6675.5184744415865,6519.293131823642,6519.293131823642,1027484
2021-05-25,6624.5302734375,6659.225909383056,6601.719640735534,6651.510672201065,438736
2021-05-26,6741.93798828125,6757.944084739355,6624.721247159045,6638.139374685119,691574
2021-05-27,6679.25634765625,6775.196054358977,6662.2440785991175,6730.149482771076,922091
2021-05-28,6680.310546875,6754.110247321109,6652.0366356651275,6698.137581099671,393809
2021-05-31,6791.7763671875,6804.907149868715,6636.269862248599,6665.9336939911145,718277
2021-06-01,6796.42529296875,6846.120380508412,6754.158097484099,6812.143577397407,642841
2021-06-02,6886.08740234375,6898.547092212072,6769.87683337959,6769.87683337959,598862
2021-06-03,6909.8564453125,6929.5044177279115,6867.253703294957,6900.751287363895,401590
2021-06-04,6914.8408203125,6969.759114589854,6853.884087594066,6900.751598603816,575591
2021-06-07,6973.2578125,7024.246890117645,6911.390840356734,6920.879280879319,520482
2021-06-08,7031.81787109375,7060.2836582847285,6991.994971425365,7013.367945170343,538816
2021-06-09,6938.130859375,7034.166508941661,6900.751787194364,7006.371814243239,443778
2021-06-10,6900.6552734375,6976.899270732463,6875.8795661179565,6956.340595555425,278027
2021-06-11,6923.5615234375,6942.922150643806,6887.716049884996,6942.922150643806,253689
2021-06-14,6879.52197265625,6913.1632287124885,6800.16305221754,6895.95908521747,322353
2021-06-15,6868.404296875,6928.402591621483,6858.867654385676,6882.684925276302,207625
2021-06-16,6818.5654296875,6894.761227088513,6776.154561322785,6868.164580825895,283007
2021-06-17,6679.68798828125,6804.045281907661,6643.027745651499,6766.570273622037,595255
2021-06-18,6670.10302734375,6699.335375117502,6537.50308736932,6699.335375117502,797389
2021-06-21,6613.1240234375,6637.1809026894425,6557.6305756247175,6584.466830538119,443795
2021-06-22,6963.43310546875,6996.5474084797415,6641.973197556726,6651.557574465177,1757310
2021-06-23,7123.77978515625,7168.155261634839,6939.136395503275,6964.103977347248,2227399
2021-06-24,7214.59228515625,7236.204868794668,7102.119523829934,7139.210783226022,1041762
2021-06-25,7331.08984375,7346.4248466915615,7226.620136210616,7226.620136210616,1216123
2021-06-28,7280.5322265625,7378.053260500658,7256.71495661752,7378.053260500658,433364
2021-06-29,7176.30224609375,7285.084924548727,7142.80466143632,7280.292736070534,480219
2021-06-30,7203.52197265625,7328.789969968249,7181.190560954949,7193.554313956682,729267
2021-07-01,7269.1748046875,7288.918714922329,7183.538302519613,7188.282756333658,584331
2021-07-02,7259.0625,7317.191645158077,7232.896873485977,7308.086488221932,434905
2021-07-05,7283.599609375,7370.385956426484,7267.83312192224,7280.5801562124825,484183
2021-07-06,7202.61181640625,7339.668411989352,7176.254778794115,7284.126758262729,425103
2021-07-07,7139.78564453125,7265.916138313627,7124.690250892095,7215.118940670754,395336
2021-07-08,7093.5888671875,7186.365443790854,7078.061990183443,7145.152625161486,391940
2021-07-09,7117.0712890625,7138.348326026293,7038.191582534748,7074.2289350344045,400686
2021-07-12,7159.6259765625,7274.350695193344,7141.367456513621,7188.283171876946,496478
2021-07-13,7121.52734375,7216.26899981455,7096.272417871251,7207.4511861685305,350032
2021-07-14,7022.2333984375,7139.402406928166,7006.179567008308,7126.9427168637185,460178
2021-07-15,7003.30419921875,7052.184521397504,6965.92512931735,7051.226083707725,430055
2021-07-16,6999.99755859375,7028.223736384076,6970.525598973702,7028.223736384076,281552
2021-07-19,6867.73291015625,6993.719730009705,6853.883766514025,6950.302690430624,386598
2021-07-20,6932.09228515625,6963.049634533373,6847.510161240549,6881.582433028165,413816
2021-07-22,6996.1640625,7020.556490333643,6945.127252519076,6998.512422172868,439934
2021-07-23,6990.70068359375,7068.477806812983,6974.5509152783825,6996.594981658952,436330
2021-07-26,6935.0634765625,7054.101628742395,6881.582838909022,7003.30442951368,431758
2021-07-27,6939.32861328125,7015.764020471496,6863.228752886136,6940.334785679485,417171
2021-07-28,6867.25341796875,7008.096016211506,6769.445044105835,6977.426011764192,739427
2021-07-29,6702.833984375,6833.6607290475085,6647.723817205262,6833.6607290475085,1519226
2021-07-30,6687.69189453125,6800.116465819894,6675.423609403116,6709.0648711401345,715546
2021-08-02,6782.81591796875,6812.048268033199,6738.775518135805,6804.907719920952,433760
2021-08-03,6900.1767578125,6920.879107152146,6791.585946137367,6828.821346937805,470570
2021-08-04,6807.68701171875,6947.331571105895,6712.41839841218,6919.920159425421,484122
2021-08-05,6778.41357421875,6828.956299489789,6757.627739514586,6821.287949450065,495133
2021-08-06,6849.06591796875,6914.366040927938,6792.880966879394,6804.696686207198,517575
2021-08-09,6830.69140625,6910.990069655276,6788.492408964945,6882.053614374096,264983
2021-08-10,6753.720703125,6853.020690751743,6747.016902517532,6795.437426646641,356726
2021-08-11,6772.57763671875,6843.4719550693635,6679.643289829569,6753.768940013486,414311
2021-08-12,6763.4140625,6833.633004709169,6737.371253075085,6773.05954747219,330283
2021-08-13,6753.9619140625,6799.9705964216055,6726.616869006741,6780.776174843481,431784
2021-08-16,6584.828125,6769.201479481044,6568.575388325151,6734.960007192418,750966
2021-08-17,6641.302734375,6696.8608270769955,6507.230481031532,6558.930379392707,752517
2021-08-18,6597.6083984375,6697.583757925977,6578.2208790718505,6697.583757925977,434144
2021-08-20,6608.025390625,6669.515359046262,6539.638994449506,6573.398192798434,657982
2021-08-23,6583.91162109375,6672.746633610509,6559.8944572398195,6660.207502902655,537302
2021-08-24,6562.0166015625,6609.086380389974,6501.635770734858,6548.802098607374,646993
2021-08-25,6473.51904296875,6595.582463941564,6462.474774555204,6595.582463941564,722194
2021-08-26,6374.3154296875,6463.77730472412,6357.339281578004,6462.475070030743,1199429
2021-08-27,6389.98974609375,6457.267009461222,6366.020619717737,6394.715939935404,1428388
2021-08-30,6555.93994140625,6568.575621597938,6417.961459799105,6452.829795666697,819447
2021-08-31,6603.3955078125,6628.377219495047,6523.771747425902,6578.220698043688,938326
2021-09-01,6544.365234375,6578.220982010331,6464.74194152219,6558.88197235043,1108476
2021-09-02,6552.08154296875,6615.790255255075,6470.384565961502,6609.761827009073,741052
2021-09-03,6619.79345703125,6711.329023126606,6512.246290305377,6529.993889992401,1196077
2021-09-06,6604.16748046875,6707.4707260521,6595.583092427993,6679.498817646074,897444
2021-09-07,6633.34423828125,6684.224168708546,6610.725859849203,6635.996746502578,743783
2021-09-08,6540.8447265625,6615.211512504965,6516.4898761520735,6609.183084185552,847767
2021-09-09,6561.1005859375,6576.726461340072,6501.057436762652,6510.7029225738725,515702
2021-09-13,6630.017578125,6650.996509155852,6571.758468738406,6593.171635006562,508397
2021-09-14,6650.03173828125,6708.434962833132,6608.218465706208,6665.030279392803,817280
2021-09-15,6664.0654296875,6692.037335529291,6636.093523845709,6692.037335529291,310138
2021-09-16,6685.23779296875,6702.647705470241,6626.44837193561,6668.21313471241,556648
2021-09-17,6765.77783203125,6814.294436188994,6703.612488978875,6708.4352317767025,980793
2021-09-20,6703.998046875,6766.7422116911985,6661.365284188923,6732.452228671953,550405
2021-09-21,6536.74560546875,6693.677844913622,6502.021857232528,6667.44193563564,1085249
2021-09-22,6588.83154296875,6603.299772092529,6544.462306989163,6578.221508277979,548623
2021-09-23,6603.97412109375,6635.996847342575,6579.185037314822,6624.5188148773195,432740
2021-09-24,6705.78271484375,6788.299655622879,6605.2285276349385,6607.157624751654,1649962
2021-09-27,7140.98681640625,7183.9572639076505,6726.761272622442,6726.761272622442,2646138
2021-09-28,7160.66357421875,7254.8996813798285,7073.516521853231,7183.957326619331,1346961
2021-09-29,7122.2744140625,7200.354806277837,7032.523361362587,7128.495940495158,643556
2021-09-30,7077.90478515625,7145.423178755112,7042.216491396852,7122.9493875598655,625717
2021-10-01,6908.38623046875,6964.040872924704,6838.649555268165,6964.040872924704,901588
2021-10-04,6916.10205078125,6959.169518890166,6878.966932835274,6925.458359794982,466994
2021-10-05,7000.9345703125,7041.2044726044505,6901.971794078686,6910.797319189194,546004
2021-10-06,6944.0263671875,7023.360487922461,6910.267166874751,7013.136178776403,726695
2021-10-07,7226.8798828125,7287.164166119244,6969.104287392862,6978.460596550453,1646727
2021-10-08,7166.595703125,7303.513557739309,7138.768383354069,7281.0878040249545,630622
2021-10-11,7427.794921875,7537.753451192737,7156.756792591807,7157.142988769681,1069536
2021-10-12,7421.04345703125,7475.251274013128,7359.553486874045,7415.3527147716795,406814
2021-10-13,7216.89697265625,7475.203361705903,7172.913463768633,7465.605915067521,1084436
2021-10-14,7231.1240234375,7291.9871319206095,7181.064047241923,7272.6961606721425,831546
2021-10-18,7385.54833984375,7432.135847003805,7142.482102199682,7142.482102199682,913963
2021-10-19,7384.24609375,7493.192042057966,7316.100832137928,7398.280557889291,658869
2021-10-20,7321.646484375,7395.530993245357,7248.581935919128,7345.036785365824,488082
2021-10-21,7306.69677734375,7378.796785146324,7219.646266251011,7378.796785146324,563128
2021-10-22,7146.2431640625,7354.682185507598,7124.685411265546,7330.568473423967,224520
2021-10-25,7003.201171875,7133.848988068262,6963.702721066012,7094.254459182759,248058
2021-10-26,7038.6484375,7077.8092027238445,6954.588125777101,7007.445197793265,292203
2021-10-27,7095.4599609375,7196.737554262691,6987.189390930332,7026.735879752549,1218064
2021-10-28,7108.43359375,7262.761360803999,6978.556755511844,6992.97694463434,961511
2021-10-29,7217.13818359375,7282.341761640517,7036.237286234372,7089.43204610037,819875
2021-11-01,7345.5673828125,7394.22904462921,7138.623683707381,7138.623683707381,1005690
2021-11-02,7515.521484375,7629.5793552675905,7360.277200255842,7376.819585369278,1302733
2021-11-03,7460.0595703125,7564.230812979048,7438.212640003015,7515.521111547005,656492
2021-11-04,7472.7431640625,7542.721442280583,7461.26513078512,7499.075621432799,53365
2021-11-08,7412.16943359375,7603.150034952457,7400.016028404008,7484.848256638335,428433
2021-11-09,7308.9140625,7489.236587158484,7271.441731258057,7435.704147131786,632879
2021-11-10,7245.3505859375,7311.277569561707,7195.531750518515,7301.632084641442,562432
2021-11-11,7189.21435546875,7299.22092579687,7178.170086525312,7245.688482931759,486991
2021-11-12,7214.67822265625,7276.5539150006725,7178.1699675815225,7263.050235943142,349666
2021-11-15,7237.10400390625,7311.13310188847,7187.815480957774,7187.815480957774,314414
2021-11-16,7764.95361328125,7840.574126376977,7267.921456508652,7277.518903092639,2619355
2021-11-17,7981.39794921875,8053.980226106718,7730.904507570495,7750.14743913383,2377268
2021-11-18,7829.384765625,8071.341851138266,7717.449100544856,7942.092352088012,1337493
2021-11-22,7585.5947265625,7897.578110715804,7529.795504605133,7868.786245324886,672298
2021-11-23,7575.564453125,7671.971270885667,7528.30157329267,7570.838259335963,567198
2021-11-24,7397.55712890625,7617.956474479704,7365.871614571626,7586.656685374209,571078
2021-11-25,7304.0439453125,7445.7360340917485,7171.418518771665,7369.1509728870915,1007618
2021-11-26,6916.29541015625,7253.405129959557,6877.231193698356,7253.405129959557,1154876
2021-11-29,6896.03955078125,6954.394735454621,6742.869436258369,6911.954601146715,733010
2021-11-30,6817.23583984375,6992.976768539426,6766.838179684276,6896.039642299674,1287938
2021-12-01,7015.40234375,7118.3678956278145,6877.278810828573,6936.068230008078,1669583
2021-12-02,7065.27001953125,7094.688750014032,6988.781037693435,7026.73611695312,618573
2021-12-03,6953.14111328125,7069.176111995203,6895.316241045942,7046.026947486009,603798
2021-12-06,6793.1708984375,6944.74960996639,6772.095418274171,6937.997770067812,609507
2021-12-07,6931.82470703125,7004.358475444318,6839.8068695102165,6876.266616329748,637151
2021-12-08,7171.32177734375,7232.040295745089,6897.5830926951785,6968.863134926042,930339
2021-12-09,7158.6376953125,7204.212611080818,7065.317629691658,7204.212611080818,615037
2021-12-10,7162.3994140625,7209.99997632783,7097.099763749094,7118.367869605268,431682
2021-12-13,7249.9326171875,7307.32325583462,7161.772974031329,7219.645886952794,883009
2021-12-14,7227.5068359375,7288.417982361446,7193.409950676778,7250.318314833076,749704
2021-12-15,7299.65576171875,7369.151299921892,7188.828750863285,7210.965329609433,529018
2021-12-16,7186.65771484375,7350.824056548565,7143.446130796308,7322.369876038371,595582
2021-12-17,7037.9248046875,7214.822908545069,6984.295812937813,7214.822908545069,1081907
2021-12-20,7028.27978515625,7061.990475482713,6786.41922844822,6944.749783839758,867425
2021-12-21,7055.81689453125,7142.433632769212,7025.77130282716,7047.473644166206,415744
2021-12-22,7160.56689453125,7189.744486524457,7046.509034921441,7046.509034921441,368978
2021-12-23,7125.2646484375,7234.114045299973,7094.254507090841,7215.7876230518805,249919
2021-12-24,7057.6982421875,7185.742061343465,6995.050625895686,7177.205712538874,357447
2021-12-27,7031.07666015625,7070.140876458648,6931.438983259757,7019.116352322056,190180
2021-12-28,7038.74462890625,7098.112400601719,6997.895905799779,7060.4950091594765,214533
2021-12-29,7089.4794921875,7103.899680606437,6983.765353690059,7038.985755144875,287776
2021-12-30,7024.08349609375,7132.980930370702,6998.185274003631,7089.431658661686,296041
2021-12-31,7163.17138671875,7185.404041225903,7031.606594716379,7031.606594716379,313398
2022-01-03,7257.16650390625,7336.307992429113,7156.95000703163,7156.95000703163,456599
2022-01-04,7359.6015625,7377.831434852905,7253.404679055281,7330.568558619699,495182
2022-01-05,7499.7021484375,7531.194562242444,7335.970043296536,7354.537601611491,710043
2022-01-06,7602.66796875,7619.402979733314,7411.542774081676,7506.116567893493,739981
2022-01-07,7625.720703125,7663.144997823037,7557.7200315375585,7602.668087376784,523116
2022-01-10,7837.53564453125,7940.163514125068,7643.227154403252,7668.160828145566,827930
2022-01-11,7855.138671875,7873.079368799457,7783.231296091281,7812.843124469942,688923
2022-01-12,7881.0849609375,7909.298005652786,7827.311379984434,7909.298005652786,288174
2022-01-13,7790.70654296875,7967.170885534933,7670.08993726075,7885.184260199526,684931
2022-01-14,7797.603515625,7856.247878620297,7669.125461376302,7669.125461376302,299536
2022-01-17,7972.4765625,8072.2112658828755,7812.940316069012,7836.764384232735,862249
2022-01-18,7634.5458984375,7956.512467488479,7611.734420807309,7956.512467488479,785199
2022-01-19,7731.5322265625,7774.261540187793,7581.351824550378,7647.905676445286,681632
2022-01-20,7751.44921875,7851.424573828208,7714.02445539784,7716.38778754615,522850
2022-01-21,7899.2666015625,7951.737946510738,7577.541162252774,7687.451653771298,1041476
2022-01-24,7766.833984375,8037.389848595177,7670.861405088342,7898.687957572291,1153538
2022-01-25,8297.6240234375,8356.84767436079,7608.261536760395,7706.742026563101,2162832
2022-01-27,8507.5107421875,8653.591798739057,8102.255319133033,8349.13169244294,2899559
2022-01-28,8247.8056640625,8613.41756153059,8220.219013537962,8483.203522246535,1045088
2022-01-31,8292.5126953125,8410.862985573573,8249.590286727864,8319.230877359181,561419
2022-02-01,8255.95703125,8479.152995029062,8054.944741629783,8384.820337562891,819689
2022-02-02,8213.3720703125,8375.175090164521,8141.0309287989285,8275.537412974885,580433
2022-02-03,8288.9931640625,8486.098286821052,8220.55825489098,8246.890242364174,810019
2022-02-04,8247.419921875,8372.280912582946,8191.0418741156,8333.602894821155,404421
2022-02-07,8209.8994140625,8309.585122299055,8102.207199920146,8242.066728966387,446099
2022-02-08,8294.5869140625,8477.512974730878,8136.979309965948,8311.225375942955,998182
2022-02-09,8632.1796875,8671.098846872257,8316.338058913143,8316.338058913143,1403525
2022-02-10,8493.2841796875,8729.164338137967,8478.28563819102,8729.164338137967,811887
2022-02-11,8427.40625,8550.723412797499,8365.819256193276,8428.225739540276,671572
2022-02-14,8069.7998046875,8309.634249532583,8029.867115767426,8198.66312120398,995540
2022-02-15,8317.0126953125,8357.089497850706,8060.249691408884,8111.853037126633,682766
2022-02-16,8278.671875,8426.682033190204,8241.10252190793,8410.863060748728,422704
2022-02-17,8249.2529296875,8351.35001067624,8222.77588522295,8271.003309769712,305313
2022-02-18,8265.3115234375,8339.437634988031,8218.000611628,8246.88902531557,385273
2022-02-21,8307.3671875,8414.9623860113,8144.261468370386,8241.150555136834,626049
2022-02-22,8317.109375,8352.797672750774,8087.594850130615,8193.840253860048,620828
2022-02-23,8390.462890625,8478.333829881036,8348.360911014475,8381.92701261908,557954
2022-02-24,7919.08837890625,8282.81924767348,7865.8931514486285,8104.136635005687,947351
2022-02-25,8059.86376953125,8165.868032053681,7918.50936778292,7967.171030565014,1344343
2022-02-28,8019.40185546875,8044.287020141133,7826.443631808321,8005.753116451268,961303
2022-03-02,7537.17529296875,7908.33337801111,7488.754768493506,7907.07965331358,1783011
2022-03-03,7326.27685546875,7658.467766690633,7290.5405185923655,7643.083028289462,1050154
2022-03-04,6990.3720703125,7252.633181037174,6877.230721032281,7216.75178888689,2511658
2022-03-07,6529.0771484375,6780.631691875622,6491.411716095793,6744.123435206803,2469925
2022-03-08,6565.005859375,6611.979556795598,6304.818917661562,6467.297290782565,2840376
2022-03-09,6777.73828125,6827.171395958099,6536.745724425194,6630.306936653207,1827539
2022-03-10,6956.13134765625,7137.514992971201,6922.854421231011,6997.800035220599,1535070
2022-03-11,6850.75390625,6944.7493479660625,6829.003525499962,6944.7493479660625,1024452
2022-03-14,7057.3603515625,7074.963361972315,6763.414191431476,6800.0670350245155,1023874
2022-03-15,7157.046875,7349.860038239408,7058.566372681888,7061.460018366234,1586111
2022-03-16,7220.4169921875,7326.469288434,7176.240859157945,7301.632164492694,584457
2022-03-17,7420.271484375,7467.486321035851,7263.050081547348,7305.490214825978,1133271
2022-03-21,7432.37646484375,7658.515047811395,7378.7959843522885,7565.918392321484,1354525
2022-03-22,7491.310546875,7532.159270227099,7269.464390881629,7441.443671784276,1093502
2022-03-23,7373.82861328125,7584.051673960492,7341.178552721325,7523.478217215391,808597
2022-03-24,7289.04541015625,7383.619207832918,7259.530130101874,7329.8936647905375,565485
2022-03-25,7152.5615234375,7274.914126635109,7123.190832564137,7248.582140381786,686637
2022-03-28,7212.26708984375,7271.731412893874,7150.198297358043,7161.772879790027,599515
2022-03-29,7175.4208984375,7294.976873715066,7138.623467259987,7267.872966599649,446257
2022-03-30,7329.21826171875,7359.456951121516,7224.468201347481,7254.369204584033,589206
2022-03-31,7293.24072265625,7381.448875457508,7261.121444506108,7329.170155946347,434317
2022-04-01,7427.0712890625,7454.995155774028,7250.848565439871,7305.490142299455,449386
2022-04-04,7499.171875,7517.691395540606,7361.096844319723,7378.796404398978,491029
2022-04-05,7486.68115234375,7619.933438469116,7455.960187261552,7505.152162623821,488132
2022-04-06,7469.65673828125,7570.741233453312,7402.909793190746,7464.640897655138,393628
2022-04-07,7369.6328125,7473.321776225378,7350.872155791076,7388.200371120591,458566
2022-04-08,7290.009765625,7456.442426428814,7248.967943006908,7435.511534896582,849846
2022-04-11,7297.1953125,7346.53187533021,7219.645705330323,7344.892425421261,496254
2022-04-12,7348.26806640625,7438.115663852844,7234.113658678121,7272.6955981910705,598047
2022-04-13,7204.6953125,7431.798454409791,7176.241130597765,7348.268456733102,527991
2022-04-18,7305.00830078125,7329.604288325968,7094.254446721608,7113.063143079333,551783
2022-04-19,7171.5146484375,7405.803384955164,7089.43147687164,7311.277631930208,425990
2022-04-20,7394.904296875,7426.0590255570805,7207.685335703198,7233.1493223344005,542622
2022-04-21,7599.87060546875,7619.739927467491,7413.567688959656,7436.475715460527,772708
2022-04-22,7624.2734375,7732.44745501631,7456.924276717376,7512.8680883911065,960818
2022-04-25,7631.84521484375,7714.458697473596,7533.123584304673,7533.123584304673,701521
2022-04-26,7626.4443359375,7781.495517143679,7552.415233868609,7716.388489265501,801963
2022-04-27,7512.2900390625,7586.17455421703,7446.315010623709,7572.6708741459515,570519
2022-04-28,7608.50341796875,7658.515353609371,7491.359281194167,7565.918694422155,561932
2022-04-29,7444.1923828125,7664.784817829927,7355.647017022718,7637.295184996838,1162749
2022-05-02,7364.0869140625,7475.251132517027,7276.843310843641,7393.264507192646,544053
2022-05-04,7135.6337890625,7472.357789857882,7095.701572362142,7378.796578341655,599211
2022-05-05,7145.0380859375,7270.7670856253635,7118.513000390312,7185.886811874364,524174
2022-05-06,7021.189453125,7098.980193068194,6902.935716460349,7054.707512471236,650559
2022-05-09,7099.3662109375,7161.290413678111,6877.230877436182,6946.196095912575,570578
2022-05-10,7249.4501953125,7306.455107573704,7089.576276622026,7089.576276622026,663616
2022-05-11,7134.23486328125,7291.552345136006,7086.152026887302,7252.4400922766345,605312
2022-05-12,6996.49755859375,7064.3056048526905,6955.166558659415,6965.487416625857,571754
2022-05-13,6850.17529296875,7079.785871150873,6811.979078815764,7079.785871150873,703097
2022-05-16,6990.662109375,7046.3647876928835,6896.522077452228,6903.273917248334,369545
2022-05-17,7265.75048828125,7315.762420382366,6997.847152145287,7021.912824733811,811448
2022-05-18,7298.3046875,7369.295555410801,7243.373929822249,7297.774374182627,576970
2022-05-19,7142.04736328125,7258.227417778791,7123.238667647139,7185.886280724517,363255
2022-05-20,7317.64404296875,7377.735228583033,7185.886618296792,7253.935329360867,742204
2022-05-23,7617.47412109375,7672.839113571493,7500.426060564373,7523.575225723371,1161175
2022-05-24,7526.03466796875,7660.39656389671,7515.0869477051365,7638.25998623139,581609
2022-05-25,7511.18017578125,7580.868803692283,7423.213165725245,7562.060108269929,454335
2022-05-26,7528.30126953125,7562.012429011258,7349.859791649984,7523.47852688581,476799
2022-05-27,7661.36083984375,7683.496945750453,7555.30854189563,7644.047005556347,431411
2022-05-30,7729.79541015625,7774.2611918122975,7669.125401501188,7697.290407110532,389517
2022-05-31,7683.931640625,7812.843463579871,7619.933748429751,7729.795737013547,2494005
2022-06-01,7657.9365234375,7782.845558375066,7600.738983858337,7692.322584421101,522004
2022-06-02,7644.4326171875,7689.380671655037,7577.107320016231,7644.046891980202,352848
2022-06-03,7431.89453125,7711.56556849195,7408.697327277882,7668.160884241526,591905
2022-06-06,7437.19921875,7501.197105665024,7322.32186963299,7417.377935542098,606990
2022-06-07,7532.544921875,7542.769230115125,7287.163878966722,7345.084827697067,991192
2022-06-08,7612.6513671875,7640.18903981245,7446.990154261382,7546.627830765384,813596
2022-06-09,7648.7255859375,7726.034059769587,7552.5118659047885,7569.777191145034,687937
2022-06-10,7653.7890625,7705.006683154732,7548.556724674076,7548.556724674076,442921
2022-06-13,7621.4765625,7684.895626713717,7517.449912025211,7571.65772640311,565826
2022-06-14,7534.71533203125,7621.283561471091,7475.251010125539,7528.301178584495,553462
2022-06-15,7575.0341796875,7647.905635995724,7538.911647237051,7538.911647237051,604566
2022-06-16,7555.88720703125,7740.501695327489,7528.301025798261,7656.585976013658,1319566
2022-06-17,7415.59375,7571.416848933662,7375.082711394333,7528.301340886387,1317656
2022-06-20,7389.3583984375,7508.142458110326,7355.647238245194,7426.830732807565,1043423
2022-06-21,7504.7666015625,7562.060691690552,7354.827339893077,7441.444082949362,954884
2022-06-22,7506.83984375,7590.032151934567,7443.035054623504,7475.2508803523815,796824
2022-06-23,7977.78125,8022.921934843381,7526.372517682264,7533.124357695563,1676430
2022-06-24,8066.71240234375,8092.562114392281,7946.2399149486755,8015.398232491043,1156788
2022-06-27,8149.228515625,8243.706222356961,8093.76698112008,8144.64691060068,921090
2022-06-28,8188.7275390625,8237.148061856551,8083.9289683977695,8116.916715285629,691242
2022-06-29,8207.2470703125,8227.59866679123,8073.270907507925,8092.513838381939,655413
2022-06-30,8170.44970703125,8328.49061166368,8136.545448401958,8198.662752385046,1130302
2022-07-01,8104.7138671875,8150.433837323875,8011.15267402532,8140.788353492722,530569
2022-07-04,8144.02001953125,8167.410320135924,8025.043341479692,8104.714669030614,625431
2022-07-05,8052.7255859375,8206.908274164694,8039.511084189401,8197.21475092785,610290
2022-07-06,8324.1025390625,8345.708804692193,8073.271861549359,8080.023701815887,976098
2022-07-07,8301.291015625,8391.572383107867,8272.16146103318,8386.749640358954,547662
2022-07-08,8175.4658203125,8350.049115327014,8145.612853025213,8314.408856492284,686327
2022-07-11,8206.0419921875,8222.776533046888,8117.736817331827,8152.075311479581,536114
2022-07-12,8121.20947265625,8196.203121105937,8079.29965050402,8193.83978881142,424358
2022-07-13,8140.98388671875,8187.234183912042,8083.88241696957,8154.294469998896,413855
2022-07-14,8264.0107421875,8282.915516768653,8150.43515175914,8164.855340800639,606496
2022-07-15,8466.85546875,8487.062949876195,8272.161714780965,8291.259588264094,631246
2022-07-18,8396.2021484375,8529.502948321771,8376.139726702055,8489.956457212285,478682
2022-07-19,8406.859375,8486.965878696627,8360.175794386336,8391.523619547706,478458
2022-07-20,8438.8828125,8551.15663397114,8411.055965226644,8464.395308553037,398132
2022-07-21,8485.1337890625,8518.796911006762,8412.840685192667,8481.275594773964,421090
2022-07-22,8517.8798828125,8573.871735627083,8479.345981313723,8536.25434360442,415294
2022-07-25,8315.951171875,8544.549171901732,8189.016962982915,8515.51663812658,623462
2022-07-26,8223.595703125,8319.617262786342,8171.027808269397,8316.337421009406,429454
2022-07-27,8351.1572265625,8398.75826154491,8160.080540101201,8252.242963486655,1298855
2022-07-28,8411.875,8459.234893657644,8322.89540624365,8391.571443688408,725196
2022-07-29,8462.5146484375,8625.95758680738,8420.508747940114,8453.97877064162,821432
2022-08-01,8684.216796875,8762.923581823794,8509.825665380471,8536.254672442552,1009408
2022-08-02,8847.8515625,8870.8076287566,8636.567398788253,8666.468402737597,848311
2022-08-03,8698.72265625,8878.630080711957,8597.894209741975,8878.630080711957,753729
2022-08-04,8705.7607421875,8784.69464569483,8573.038651799883,8761.393068385294,643264
2022-08-05,8583.912109375,8723.72156017845,8553.619872072215,8705.856639985046,558385
2022-08-08,8662.3134765625,8736.150164014598,8583.719004229059,8583.913373679172,520993
2022-08-10,8621.29296875,8737.606491852412,8569.155497204221,8678.478357124777,445375
2022-08-11,8557.359375,8736.150838601623,8470.124462765121,8695.081992836633,508318
2022-08-12,8446.044921875,8558.474838462274,8422.548976024982,8558.474838462274,712782
2022-08-16,8741.6845703125,8776.9280186347,8451.725169731442,8482.891600276735,963726
2022-08-17,8684.060546875,8806.054391881047,8660.419534242441,8747.800448825605,623749
2022-08-18,8687.3134765625,8750.130833693996,8618.670725226728,8665.273878860937,442229
2022-08-19,8523.474609375,8707.022889557931,8461.385424007289,8694.838295816457,572597
2022-08-22,8376.9169921875,8512.309054157498,8351.86798635975,8496.337575177657,488485
2022-08-23,8466.7255859375,8502.163403022154,8314.779877067685,8356.528538290702,558231
2022-08-24,8450.7060546875,8516.727195739746,8343.90715004416,8407.986492830165,442582
2022-08-25,8481.677734375,8577.893454877401,8427.404096019904,8467.210958685435,525721
2022-08-26,8466.822265625,8575.708978348455,8452.8418875481,8543.912032998376,398063
2022-08-29,8577.1171875,8602.069484489366,8340.023432989312,8352.256382632386,459057
2022-08-30,8817.947265625,8897.318257280684,8611.873957014368,8626.243072297028,1016312
2022-09-01,8761.87890625,8964.942831769546,8680.808831600782,8689.49856815299,888864
2022-09-02,8660.03125,8883.630071681207,8643.040515716848,8763.820743249975,632909
2022-09-05,8689.5947265625,8754.402237208336,8616.728943547472,8641.00141944479,386455
2022-09-06,8630.0791015625,8760.179576838482,8611.874744014556,8722.848317998105,397902
2022-09-07,8529.251953125,8615.321590162988,8505.07618607834,8606.04969331032,496785
2022-09-08,8534.833984375,8626.53463974913,8524.493530391064,8572.067583123315,428924
2022-09-09,8685.6630859375,8727.411745974981,8475.94888667945,8577.553853679285,632296
2022-09-12,8667.84765625,8750.033695485483,8644.885513471248,8708.86814287895,383641
2022-09-13,8666.73046875,8727.460015391967,8651.584822654564,8711.19745611884,405093
2022-09-14,8706.24609375,8738.091392752645,8568.863879075056,8602.019512529176,509547
2022-09-15,8941.7373046875,9053.633417433799,8767.218204764313,8767.266560086897,1392132
2022-09-16,8922.2236328125,9044.799648848075,8757.558570305428,8941.495601422796,1056382
2022-09-19,9010.767578125,9071.54642423058,8806.053903840548,8908.289378608135,727024
2022-09-20,9030.185546875,9155.577531454514,8980.815712190271,9067.22572282648,747257
2022-09-21,8978.7783203125,9124.50989846724,8943.388857881135,9029.361785033554,440725
2022-09-22,9128.2470703125,9160.4327538402,8918.678884660952,8931.30057261007,511112
2022-09-23,9071.5478515625,9175.96786550321,9007.3708488693,9124.461855230888,574213
2022-09-26,8577.8447265625,9000.525247497377,8543.911615234638,9000.525247497377,865432
2022-09-27,8518.716796875,8649.691460696517,8418.180387789052,8631.292733688331,686285
2022-09-28,8472.7939453125,8592.45726255658,8408.034783998733,8466.24037621394,663740
2022-09-29,8373.8583984375,8543.911748461194,8353.712242894253,8515.173515473816,817007
2022-09-30,8571.2431640625,8613.816709819197,8309.148765595213,8415.75329584229,658982
2022-10-03,8298.2744140625,8708.964723779178,8262.351148200758,8708.964723779178,1123076
2022-10-04,8437.5986328125,8503.668126972147,8378.859237232826,8445.85127516667,503140
2022-10-06,8449.734375,8568.184058298863,8437.598136957084,8479.832245346433,474445
2022-10-07,8523.619140625,8588.183924950521,8457.501297137043,8495.366358621184,428616
2022-10-10,8604.49609375,8618.1370357322,8406.043949277462,8422.549233077152,411218
2022-10-11,8431.43359375,8592.4568263168,8412.840497179106,8554.591762336422,422610
2022-10-12,8433.8115234375,8466.239931791491,8340.605212261815,8444.880152147065,380365
2022-10-13,8397.83984375,8529.785406344867,8341.964792016925,8412.840423978894,355605
2022-10-14,8366.529296875,8511.484354520344,8355.849405917097,8505.076799203092,274160
2022-10-17,8469.9296875,8495.076354363522,8317.74124803097,8359.441555523788,304671
2022-10-18,8551.0478515625,8629.59396839975,8497.35732069479,8509.979009057424,369973
2022-10-19,8465.6083984375,8597.311236100028,8441.967385419506,8593.816378717163,385416
2022-10-20,8454.0068359375,8484.88123634971,8360.411787499363,8446.821803651663,328270
2022-10-21,8450.025390625,8538.086122821365,8389.538570309236,8475.948584515638,356203
2022-10-24,8510.3671875,8533.037300847083,8491.336997412618,8533.037300847083,30052
2022-10-25,8742.947265625,8754.598055984523,8541.38897166276,8563.330914249029,727441
2022-10-27,8778.8212890625,8812.802757493555,8642.94377066445,8786.636837172913,849108
2022-10-28,9216.3076171875,9272.037602094768,8787.607329905411,8830.326888243257,1873029
2022-10-31,9250.337890625,9484.713312742115,9176.064109437082,9369.17631978313,1932020
2022-11-01,9179.462890625,9356.458567391363,9102.17969614244,9354.613479715457,805517
2022-11-02,8960.81640625,9179.462121967295,8941.980584718545,9170.14186999638,788679
2022-11-03,8970.2333984375,9039.070523139704,8897.707994967608,8941.980614190836,616860
2022-11-04,8960.9130859375,9052.663049274744,8923.581826569969,8988.486999150275,465775
2022-11-07,9061.6923828125,9080.624915267537,8984.99135389209,9007.030953096686,469017
2022-11-09,8984.21484375,9204.9483754156,8951.689723820717,9204.462925864418,617256
2022-11-10,8832.51171875,8981.544728596726,8807.02561771758,8933.242499020995,445700
2022-11-11,8823.09375,8971.107504461535,8786.636679153344,8932.271541238759,461074
2022-11-14,8886.0078125,8896.396622281125,8730.858329198512,8835.181624937073,282822
2022-11-15,8895.5712890625,8935.71758472611,8864.308150643998,8922.562092488319,359888
2022-11-16,8869.1142578125,8983.24324882681,8835.035133072926,8893.43508881422,350737
2022-11-17,8724.9365234375,8902.75612709297,8708.965043400302,8836.15282720024,409572
2022-11-18,8590.5625,8761.344009235847,8578.863356961054,8747.799778884008,515615
2022-11-21,8607.21484375,8669.352385809261,8530.319445822935,8568.184510515297,520644
2022-11-22,8615.515625,8674.93483773057,8601.24321903799,8616.729248837864,455948
2022-11-23,8674.498046875,8727.41204805634,8642.943825987044,8679.837991948347,621006
2022-11-24,8706.1484375,8733.140189435924,8661.390370832612,8707.89681429394,455343
2022-11-25,8757.0244140625,8815.763809489163,8687.119679009282,8738.091881652254,545439
2022-11-28,8723.91796875,8839.162944189284,8689.5477581363,8765.277895022851,439956
2022-11-29,8650.9052734375,8762.121574723711,8629.351123980647,8723.528335842271,606692
2022-11-30,8712.994140625,8757.50948307476,8611.874624708771,8664.303173720527,1087650
2022-12-01,8697.4599609375,8762.364185089828,8670.128772615197,8756.587145942953,694489
2022-12-02,8559.2998046875,8669.060698163255,8499.97825341764,8563.32941490546,971612
2022-12-05,8536.193359375,8595.564219410166,8509.930727989231,8586.631757939163,519621
2022-12-06,8463.6669921875,8543.912183027605,8441.919420971446,8521.775872909402,551379
2022-12-07,8407.16015625,8493.278135973838,8389.537960769012,8466.238979042446,546450
2022-12-08,8430.0263671875,8457.502623920478,8355.606566953833,8412.841262343121,476001
2022-12-09,8362.693359375,8508.716962847233,8296.769879563164,8453.618439082684,790406
2022-12-12,8407.744140625,8440.317618355932,8267.497565002053,8358.47100743562,445039
2022-12-13,8369.8291015625,8444.247940160652,8359.440292754642,8409.92704016733,330236
2022-12-14,8390.12109375,8425.171119354329,8345.896830372862,8398.2770252632,343670
2022-12-15,8334.3427734375,8421.188927798084,8325.458668603678,8389.53800063025,472176
2022-12-16,8238.85546875,8338.081547309217,8200.21387384416,8310.410922705314,624222
2022-12-19,8353.46875,8370.55714081176,8205.067221227055,8251.476002510033,464106
2022-12-20,8276.283203125,8334.586451462834,8186.669407563782,8334.586451462834,694906
2022-12-21,8107.39599609375,8317.644000662416,8047.102594791698,8276.283131278393,800720
2022-12-22,8091.81201171875,8140.017528174884,8046.811220600363,8113.463818763955,580858
2022-12-23,7904.671875,8087.540807610122,7886.467517640454,8058.171111070054,503012
2022-12-26,8016.51904296875,8103.123427388151,7841.029040632253,7909.914517485175,315102
2022-12-27,8063.75390625,8073.025802780812,7991.275911096266,8057.443062267068,423308
2022-12-28,8175.98974609375,8207.495611785942,8046.423070465984,8073.026085290128,538632
2022-12-29,8190.31103515625,8203.127093839164,8090.502790029796,8126.426059348302,452134
2022-12-30,8150.3095703125,8242.933727854706,8118.901362279507,8223.51574498579,433976
2023-01-02,8158.75634765625,8207.981122440857,8094.968086139136,8121.571101161316,398159
2023-01-03,8138.80419921875,8157.494006362583,8062.49191138502,8136.134226769631,493207
2023-01-04,8177.68896484375,8288.614189934988,8069.190987566324,8132.251075397912,566744
2023-01-05,8214.873046875,8228.36892206359,8145.890863416674,8199.193597107282,417716
2023-01-06,8139.0947265625,8237.058815572782,8107.006704027368,8213.805594739106,368978
2023-01-09,8133.22216796875,8201.136753043284,8082.832122898022,8179.6793129726175,613406
2023-01-10,8051.8115234375,8165.260693771898,8022.441828314242,8136.133723401726,493677
2023-01-11,8043.3642578125,8092.103576317938,8009.0917133904395,8092.103576317938,327536
2023-01-12,8125.6484375,8133.221260385428,8019.626072673228,8073.025519888365,283772
2023-01-13,8207.3984375,8252.69030945622,8107.977995171599,8152.639351629256,705220
2023-01-16,8136.23046875,8266.525306390384,8100.792654648465,8233.22365975382,500575
2023-01-17,8232.5927734375,8246.13700529589,8099.386177550274,8165.115287060325,409248
2023-01-18,8246.865234375,8288.954278856521,8217.980986417417,8226.427998137942,402883
2023-01-19,8254.244140625,8271.08885958494,8210.407670041088,8232.252898276874,184776
2023-01-20,8194.1943359375,8252.642653535986,8167.203529593497,8215.79684170705,346337
2023-01-23,8172.154296875,8235.166026654724,8134.0958113148245,8233.224228487628,410827
2023-01-24,8445.6572265625,8464.298679628822,8172.05803927917,8204.09771081252,1039571
2023-01-25,8528.474609375,8575.951955759909,8427.695470009296,8493.32881962791,1131883
2023-01-27,8483.23046875,8630.321675160945,8369.24654076223,8571.5339271779,743546
2023-01-30,8560.4169921875,8607.02014695953,8464.297985470184,8523.522827992974,1036998
2023-01-31,8636.4384765625,8683.575437703681,8573.23332512745,8599.156520431907,643670
2023-02-01,8513.66796875,8767.655735482958,8421.481860156522,8676.92502735736,707460
2023-02-02,8612.021484375,8679.838410821758,8496.435181921746,8509.931059379498,456995
2023-02-03,8682.0703125,8702.168112295461,8587.748039468328,8679.837434332414,351157
2023-02-06,8648.7685546875,8675.953727513192,8563.329440092473,8667.167280925032,205161
2023-02-07,8507.455078125,8660.420042954505,8497.842797698786,8648.769253659051,318669
2023-02-08,8577.6015625,8596.825173021023,8420.65536030296,8517.696904727927,391645
2023-02-09,8545.0771484375,8575.951549465744,8446.82197218974,8546.144758165037,392186
2023-02-10,8554.9306640625,8616.728765678852,8517.648710739959,8541.775172026431,276298
2023-02-13,8553.087890625,8606.438989694147,8500.902060189666,8531.291014609777,253037
2023-02-14,8519.10546875,8589.544006107042,8509.930282980471,8558.47523610643,227030
2023-02-15,8587.9423828125,8636.827723705504,8487.600335319208,8519.106202239313,452568
2023-02-16,8548.86328125,8621.584003055757,8534.203084105868,8621.584003055757,247514
2023-02-17,8551.4365234375,8615.758588627557,8495.12437579941,8531.290367170424,214587
2023-02-20,8440.6572265625,8591.48602046348,8422.792304105074,8551.436433126592,298434
2023-02-21,8417.548828125,8466.23979519541,8387.06316655599,8440.996419659275,323478
2023-02-22,8406.9658203125,8465.268113793474,8335.167651900101,8423.034008626597,363931
2023-02-23,8443.1806640625,8492.89088387664,8365.266017141008,8440.46233641545,317544
2023-02-24,8408.4716796875,8485.658158359072,8358.761455996071,8457.502084378248,242982
2023-02-27,8380.9951171875,8391.528992808764,8281.769042894784,8378.858949611018,220225
2023-02-28,8373.3740234375,8455.561018867591,8354.878583555463,8398.277966839438,370998
2023-03-01,8509.10546875,8520.852968246663,8369.149988467312,8369.149988467312,333441
2023-03-02,8299.97265625,8515.754954580349,8261.476132431064,8515.754954580349,603893
2023-03-03,8350.9453125,8377.887760681588,8301.186737029502,8342.012851762433,437977
2023-03-06,8380.2666015625,8410.898276255133,8340.945190943969,8388.567598619918,275417
2023-03-08,8440.900390625,8458.521641084111,8359.489929060797,8374.005060794914,348171
2023-03-09,8293.37109375,8482.744758434275,8285.700612215858,8471.093970165854,431466
2023-03-10,8351.236328125,8376.916796993457,8233.320451779216,8281.768692437898,516128
2023-03-13,8270.5068359375,8385.946163945035,8234.291542905083,8351.236522953028,479314
2023-03-14,8264.439453125,8296.284755131497,8199.243196937467,8296.284755131497,349510
2023-03-15,8228.3212890625,8451.628075871835,8194.388176829487,8398.27698217714,509229
2023-03-16,8191.9130859375,8285.071047452391,8166.232614220292,8213.903382431397,340261
2023-03-17,8074.8212890625,8263.273361320833,8052.199531094249,8255.554524336068,471602
2023-03-20,7980.40185546875,8074.82179285343,7893.409675449425,8074.82179285343,488199
2023-03-21,7988.9462890625,8034.189806479607,7975.935862263441,8005.062834371523,287497
2023-03-22,8012.248046875,8048.364734586075,7977.877839757324,7996.324922507159,218120
2023-03-23,8110.11474609375,8131.280157352213,7993.023742941674,8023.510354669694,540553
2023-03-24,8003.0244140625,8142.445142837172,7972.0523541210305,8110.114393068477,391840
2023-03-27,8037.4423828125,8074.773643753948,7990.062695196493,8009.917771908322,364326
2023-03-28,7969.916015625,8112.443808031562,7903.118349912935,8064.190883255215,360349
2023-03-29,8053.89892578125,8077.006134190782,7949.2361948837515,8009.7713730920705,339851
2023-03-31,8050.84130859375,8126.425423870137,8016.762181478429,8083.657508370852,478757
2023-04-03,8255.603515625,8329.343492908047,8146.182995928574,8168.02822597758,627265
2023-04-05,8201.2333984375,8299.24585633922,8184.679757714041,8273.95412334774,272888
2023-04-06,8268.80859375,8286.624213827463,8133.318859366311,8217.690374438858,309551
2023-04-10,8286.76953125,8306.818028049687,8158.513195918223,8210.504651203672,308275
2023-04-11,8407.5498046875,8418.618434597187,8296.333493245298,8330.314964545894,409240
2023-04-12,8370.1689453125,8456.482248876868,8340.99361890721,8419.636440829161,408458
2023-04-13,8418.4716796875,8450.705719256408,8369.150195311378,8376.965743394047,480202
2023-04-17,8422.208984375,8592.4557365762,8398.275945919111,8592.4557365762,489356
2023-04-18,8478.5224609375,8494.20191261999,8437.113234791217,8439.977576783887,276111
2023-04-19,8427.35546875,8487.405196234375,8410.364735233721,8437.161169979094,280819
2023-04-20,8461.046875,8485.562079169702,8412.987365835632,8417.695847577075,369060
2023-04-21,8309.3916015625,8450.705776100991,8301.187314529352,8426.822037471034,424157
2023-04-24,8219.77734375,8327.401123822834,8198.999724892488,8327.401123822834,543745
2023-04-25,8222.447265625,8276.914322554696,8174.969923273964,8262.350836943164,906406
2023-04-26,8259.341796875,8301.18716813763,8189.437062827526,8278.856489205798,959058
2023-04-27,8294.3427734375,8320.605404835698,8224.729117352907,8320.605404835698,536521
2023-04-28,8339.5859375,8361.819905514865,8286.720293380393,8342.935728928423,387567
2023-05-02,8521.435546875,8570.126516913391,8355.55781177712,8371.772016680858,865562
2023-05-03,8541.291015625,8571.097809552935,8461.434559481397,8514.785658108205,537008
2023-05-04,8544.494140625,8566.194304143297,8488.570732374192,8540.659847739607,271926
2023-05-05,8688.236328125,8726.440827210981,8534.20281165827,8544.49396252637,951591
2023-05-08,8812.1220703125,8855.521445347405,8699.255061286323,8782.752375490634,678780
2023-05-09,8846.3955078125,8874.017776845087,8788.432641895186,8818.676528127344,415394
2023-05-10,8901.3486328125,8912.85340746338,8796.345519784121,8863.143185758172,366827
2023-05-11,8991.400390625,9043.925655809739,8876.008456822727,8973.972561112008,644550
2023-05-12,9024.8955078125,9058.29386661339,8963.971591755437,8991.447845543684,403028
2023-05-15,8939.3583984375,9036.6426703188,8918.096278687603,8973.048784215564,259316
2023-05-16,8807.365234375,8960.71893794303,8793.529922101274,8950.815577423631,448981
2023-05-17,8854.0185546875,8866.251505365128,8769.209940576364,8816.10418236561,290482
2023-05-18,8789.8408203125,8883.726954918351,8780.90835877281,8878.824103987266,272497
2023-05-19,8840.9580078125,8852.851520655504,8699.788912851176,8796.345008784929,543472
2023-05-22,8890.18359375,8902.853637334196,8809.792390022041,8825.47278969243,182115
2023-05-23,8932.951171875,8966.252820007649,8890.279968554958,8902.173482041162,269008
2023-05-24,9000.962890625,9047.032242852245,8892.464915485196,8901.203007442764,470365
2023-05-25,9011.740234375,9022.95487849334,8947.855257536177,8952.418673341179,218979
2023-05-26,9126.4033203125,9141.015162355934,9040.28437923385,9061.401434972695,346760
2023-05-29,9061.88671875,9212.667158833798,9041.060743497743,9160.432977061793,236834
2023-05-30,9110.28515625,9129.266991056305,9029.361100270073,9107.033023713255,372004
2023-05-31,9095.091796875,9174.948248799807,8997.904226922868,9174.948248799807,1614766
2023-06-01,9056.837890625,9104.65467133022,8953.631505858506,9065.770351979376,378706
2023-06-02,9209.3173828125,9247.959925439804,9041.692222377013,9115.771633948654,445105
2023-06-05,9303.251953125,9359.467390672915,9212.424531301715,9274.513718817741,434649
2023-06-06,9452.8671875,9485.683384606156,9331.310441090049,9348.78662337489,542318
2023-06-07,9425.001953125,9514.81010977337,9369.660710649787,9503.159321883852,453747
2023-06-08,9377.5244140625,9480.828443746394,9345.38803740716,9449.759676700834,273746
2023-06-09,9347.6220703125,9431.217050858768,9331.407865878622,9393.934146540369,161389
2023-06-12,9272.5234375,9417.721207309742,9260.096118731455,9344.90377529446,316879
2023-06-13,9240.5322265625,9338.155941885789,9229.027451432281,9308.980613425925,561014
2023-06-14,9255.0947265625,9319.65951012572,9214.316968522571,9242.958489050618,328167
2023-06-15,9315.630859375,9415.58511144527,9265.29012024884,9276.940909460092,459978
2023-06-16,9324.2236328125,9362.768515704696,9274.027961024545,9315.824976559355,682099
2023-06-19,9254.6103515625,9361.55526819141,9233.25057106162,9357.525657612188,395006
2023-06-20,9215.87109375,9261.30993076566,9145.869646941175,9252.668549400149,612713
2023-06-21,9166.1123046875,9259.46463155151,9122.616215036212,9225.483163363997,356331
2023-06-22,9129.412109375,9218.055002884095,9101.013312203248,9164.36447512485,288487
2023-06-23,9055.8662109375,9152.665032553654,9034.215352488782,9145.868739435178,309138
2023-06-26,9194.609375,9242.959963330699,9029.362149052049,9055.867506376975,405168
2023-06-27,9185.67578125,9223.540843660818,9121.644800185553,9213.83185329907,339375
2023-06-28,9263.0087890625,9296.358793571013,9158.054028470306,9199.705978719325,482586
2023-06-30,9504.1796875,9566.754324402056,9263.348354302534,9290.533529223452,845006
2023-07-03,9391.5078125,9501.073406223031,9375.536331284813,9458.548211566913,398066
2023-07-04,9366.65234375,9433.74109221052,9340.09768451523,9417.721257082492,247673
2023-07-05,9701.5146484375,9744.865671442603,9393.448561221214,9414.808340895308,815044
2023-07-06,9572.482421875,9724.815913122997,9529.568494464702,9708.942092997431,652120
2023-07-07,9563.5986328125,9655.591320354337,9529.374440349706,9567.239504351095,457050
2023-07-10,9452.9638671875,9644.279328000497,9436.895678156938,9567.238870604539,272008
2023-07-11,9612.046875,9667.09609414287,9452.964492370857,9510.927356887925,568772
2023-07-12,9549.568359375,9660.445216717193,9519.664859287645,9607.04577079564,552967
2023-07-13,9366.796875,9610.88127372846,9332.281603641468,9566.219917739332,519564
2023-07-14,9324.17578125,9444.226889429947,9311.893528034689,9419.614975815384,498441
2023-07-17,9407.5751953125,9416.750381446505,9276.940910889924,9366.263628189961,444583
2023-07-18,9384.3720703125,9482.092504225315,9322.282877911775,9427.625439299729,320985
2023-07-19,9327.9609375,9384.71017635362,9248.444874538098,9370.146690667161,450254
2023-07-20,9488.111328125,9500.247566713033,9296.79585265196,9340.049217350985,466813
2023-07-21,9485.732421875,9558.501497971269,9420.633827812619,9437.13911226823,328483
2023-07-24,9412.6728515625,9529.375118547263,9398.303733829598,9485.733012303272,358506
2023-07-25,9474.6142578125,9490.489024771705,9336.940974244586,9343.93163641924,240998
2023-07-26,9472.431640625,9524.520759817675,9442.237056005795,9477.432150556599,209861
2023-07-27,9469.7607421875,9541.171126941146,9409.614303618906,9485.683866112731,256672
2023-07-28,9388.884765625,9466.265608484096,9268.590943855648,9455.585719079652,381151
2023-07-31,9534.95703125,9551.413960097183,9326.456456196065,9388.885076699904,600060
2023-08-01,9433.984375,9604.1344521059,9369.225211659626,9475.97576350117,1394528
2023-08-02,9372.865234375,9508.45166849811,9243.29856410308,9432.284446973854,672815
2023-08-03,9353.1669921875,9467.096143417108,9325.62741451082,9407.215387326862,614897
2023-08-04,9281.3310546875,9424.023878676262,9238.797119829567,9369.141876055019,540470
2023-08-07,9333.6640625,9349.344634127146,9233.896616935514,9300.539046350883,366329
2023-08-08,9352.0400390625,9430.88410727405,9315.23988773146,9349.492328915996,430636
2023-08-09,9274.17578125,9349.589722473089,9229.486534559504,9349.540912099568,404602
2023-08-10,9209.982421875,9310.338452867058,9155.541634229601,9274.174755418453,523490
2023-08-11,9170.046875,9279.958264197749,9157.453798781684,9209.983330725638,498504
2023-08-14,9135.5498046875,9177.05393211578,9073.07253128165,9173.133789470707,336864
2023-08-16,9231.4951171875,9249.331958399975,9069.397786108702,9147.653254187211,336363
2023-08-17,9188.12890625,9285.593652265496,9163.334193375274,9226.93889589693,402798
2023-08-18,9267.265625,9280.937313300275,9150.249946313745,9163.333039002911,400745
2023-08-21,9250.361328125,9279.958599452,9225.321605902582,9266.776927083794,375347
2023-08-22,9302.4013671875,9318.228369713006,9221.842240164495,9232.132615151146,435930
2023-08-23,9409.2744140625,9447.544618640753,9257.417683369353,9328.960293033333,546842
2023-08-24,9382.568359375,9468.762694157276,9364.241499616104,9468.762694157276,385559
2023-08-25,9315.92578125,9432.598842881795,9295.638850332094,9363.261315347689,346449
2023-08-28,9406.0888671875,9476.94525716966,9320.139544538106,9324.990912685867,325938
2023-08-29,9429.1689453125,9491.401215342625,9316.219825297194,9408.34318565675,317224
2023-08-30,9600.822265625,9621.941843879642,9418.14322543935,9467.145011211667,543634
2023-08-31,9804.0810546875,9864.059431616364,9575.046517604256,9575.046517604256,1581818
2023-09-01,10124.994140625,10190.362715261912,9752.678183785385,9799.37726916969,1193178
2023-09-04,10155.5712890625,10258.965057022971,10080.941186518608,10193.351474472745,819552
2023-09-05,10057.2236328125,10204.817578462993,10041.249242857875,10143.369150745262,507107
2023-09-06,9975.63671875,10055.167004344756,9927.909742384272,10055.167004344756,663758
2023-09-07,10075.5029296875,10095.251033646504,9947.363250378437,9947.363250378437,445805
2023-09-08,10125.728515625,10192.370941008518,10094.367374268051,10191.390905341112,439721
2023-09-11,10323.548828125,10339.376787740266,10137.489430557851,10138.469466272329,598050
2023-09-12,10293.90234375,10357.409421208553,10197.271208921495,10333.496167887386,568773
2023-09-13,10264.306640625,10326.048891874958,10231.573064278722,10290.3752083263,301707
2023-09-14,10278.76171875,10368.77761417135,10222.801106535933,10256.122320040833,501196
2023-09-15,10315.12109375,10339.376978129972,10268.226766775177,10279.888617752527,544616
2023-09-18,10312.033203125,10411.556593601199,10284.54339329456,10290.423607464327,430213
2023-09-20,10140.1845703125,10284.543640233222,10131.168050289143,10284.543640233222,545106
2023-09-21,10078.9814453125,10138.469806591378,10002.73485557998,10136.558545470765,577252
2023-09-22,10324.8232421875,10355.791986744709,10102.648962866928,10170.810252768031,986206
2023-09-25,10376.814453125,10505.982970245197,10319.776182526299,10324.823749335661,756801
2023-09-26,10345.89453125,10421.65110146789,10316.39488165331,10419.642219642517,452503
2023-09-27,10467.5166015625,10492.262503693853,10314.87603693049,10339.376930129849,458359
2023-09-28,10354.419921875,10491.282291815134,10321.784924094629,10437.870345537327,598144
2023-09-29,10398.7666015625,10491.772373982238,10300.714219437177,10330.556498449092,481725
2023-10-03,10140.33203125,10495.98642180295,10097.601899377474,10495.98642180295,623006
2023-10-04,9927.6142578125,10078.589523126337,9888.5602179743,10078.589523126337,407793
2023-10-05,10006.3125,10065.898482807923,9907.181500027642,9978.675300148663,377196
2023-10-06,10096.3759765625,10126.659460673662,10055.165669301818,10077.706489028324,335700
2023-10-09,10040.26953125,10128.081304063639,9980.634741830618,10045.365908294749,230083
2023-10-10,10167.8701171875,10209.031615493222,10065.063992164152,10084.567084902108,348342
2023-10-11,10204.2294921875,10231.572871480841,10133.618110287489,10143.320846698965,193526
2023-10-12,10369.66015625,10412.438140460928,10212.168227310747,10251.173456890281,569237
2023-10-13,10513.3828125,10530.53343893087,10319.580733831168,10323.745885964378,625954
2023-10-16,10490.7919921875,10595.018404481723,10452.080582622233,10515.734091788974,304196
2023-10-17,10536.16796875,10582.278458582416,10354.371340246978,10515.783416913295,474718
2023-10-18,10573.06640625,10594.038596123572,10497.21125976164,10540.284020463509,267435
2023-10-19,10556.650390625,10583.111353646504,10486.381641854683,10486.381641854683,286284
2023-10-20,10511.5205078125,10583.405745080654,10482.16824657196,10548.222079890242,232512
2023-10-23,10342.9541015625,10510.540205507947,10320.21708201165,10467.761264569113,227925
2023-10-25,10377.4501953125,10434.880859116067,10291.942084144373,10309.97512307961,401105
2023-10-26,10216.0400390625,10382.498728257417,10185.021524770173,10328.596762045017,506129
2023-10-27,10349.86328125,10628.487241307852,10231.572780014198,10231.621590386318,1116713
2023-10-30,10190.1171875,10486.381782329607,10040.465547660451,10486.381782329607,991168
2023-10-31,10184.8251953125,10280.574878203372,10114.948838697523,10280.574878203372,439996
2023-11-01,10023.5595703125,10214.1276929371,9985.240559411153,10182.667974486172,699116
2023-11-02,10097.896484375,10138.470349314739,9997.345194138197,10084.862199650408,569194
2023-11-03,10071.140625,10162.970161070143,10036.545556366376,10112.008304910485,517582
2023-11-06,10079.51953125,10132.540035517952,10047.32574214613,10132.540035517952,490459
2023-11-07,10048.6005859375,10119.849377948924,10031.498770309154,10094.368447886298,264935
2023-11-08,10116.2216796875,10134.009709352365,10055.753289379962,10113.967789132203,287006
2023-11-09,10192.71484375,10240.981606398265,10110.784234548155,10143.32161418317,310536
2023-11-10,10181.39453125,10208.444090391236,10113.968267546245,10167.870230212431,206395
2023-11-13,10190.8037109375,10220.79242084072,10156.747470010832,10220.79242084072,261891
2023-11-15,10247.302734375,10287.435390228538,10167.919837679896,10287.435390228538,436538
2023-11-16,10275.1845703125,10333.202876710944,10201.388071550276,10270.774409545043,488715
2023-11-17,10313.40625,10395.043036837824,10289.54276223327,10290.375409797121,403772
2023-11-20,10355.302734375,10381.861320350294,10290.375365994321,10290.375365994321,234246
2023-11-21,10324.8232421875,10406.99885085216,10290.374605325142,10406.99885085216,312242
2023-11-22,10285.033203125,10340.601417318643,10211.971734956547,10339.376372724719,378891
2023-11-23,10279.1044921875,10314.875795421027,10186.539928434371,10278.418275780758,453820
2023-11-24,10305.712890625,10355.547323622734,10253.133591987984,10296.206352830368,380306
2023-11-28,10327.1748046875,10345.649051524346,10296.254870347866,10329.527273149655,268026
2023-11-29,10387.6435546875,10422.238624022013,10315.56211924531,10358.977510016923,343341
2023-11-30,10396.9052734375,10436.400522069289,10335.554462304062,10369.758092216653,665660
2023-12-01,10374.3642578125,10544.204255778059,10322.764994600631,10396.218862839822,591519
2023-12-04,10387.83984375,10481.579686489125,10216.87242032472,10481.482065743203,625235
2023-12-05,10507.845703125,10554.985039929044,10352.510036567084,10438.263164793063,580996
2023-12-06,10413.6142578125,10534.354846521206,10378.577981811577,10507.845072456807,464163
2023-12-07,10483.099609375,10714.583283926331,10422.680023590914,10574.585562251617,704413
2023-12-08,10406.55859375,10533.424415097585,10340.35736915655,10515.783771306018,548373
2023-12-11,10331.2919921875,10425.620434262872,10290.424309506285,10417.780148168295,579749
2023-12-12,10132.001953125,10411.899779738804,10095.445854096295,10407.979636749444,1088687
2023-12-13,10172.8193359375,10205.014082794203,10055.166242033363,10153.169811643824,603469
2023-12-14,10146.505859375,10285.474731026045,10106.422016186574,10231.572767214093,635475
2023-12-15,10081.0390625,10267.588465086925,9636.298120222105,10250.192832352031,1244681
2023-12-18,10113.576171875,10144.25205537764,10022.041410422487,10089.467676135842,652498
2023-12-19,10029.29296875,10169.83047112539,10002.44056477739,10113.576039051319,585734
2023-12-20,9879.9853515625,10103.237302798834,9790.557089855858,10035.566026038437,964051
2023-12-21,9812.9501953125,9897.62566364919,9702.353548048319,9800.357119240725,739806
2023-12-22,10013.1728515625,10112.302895470968,9829.758774357071,9849.359489759578,652545
2023-12-26,10065.603515625,10075.942700302981,9912.766764835318,10064.96610962708,395273
2023-12-27,10083.09765625,10099.610875552891,10025.76556577125,10080.647566913301,397675
2023-12-28,10066.5341796875,10105.099158210323,9983.62354339436,10105.099158210323,584234
2023-12-29,10096.6708984375,10189.089035061437,10067.907232080515,10075.208689811181,705227
2024-01-01,10078.0009765625,10138.469370990719,10010.722099635568,10138.469370990719,411724
2024-01-02,9994.1591796875,10089.173833356683,9948.391320534685,10078.001043416072,776837
2024-01-03,9876.4580078125,10006.165361081927,9864.06017231044,9996.365003235618,521046
2024-01-04,9815.3515625,9917.961493874556,9786.195499808025,9898.360779459785,711733
2024-01-05,9817.0185546875,9873.860630775338,9770.956872340459,9810.795710218159,673131
2024-01-08,9748.12109375,9926.732596504771,9714.01604348494,9805.2569825047,600153
2024-01-09,9823.9755859375,9842.156014025986,9692.553179943881,9775.856215363016,666469
2024-01-10,9810.353515625,9850.093771685033,9751.3551753119,9849.309934541447,481699
2024-01-11,9811.2353515625,9921.979389479007,9800.357337744063,9824.95585183534,1024815
2024-01-12,9766.693359375,9844.410000585867,9737.58610706725,9824.858096551572,850190
2024-01-15,9885.5224609375,9897.18431149926,9749.395119714558,9785.754061269035,463380
2024-01-16,9980.2421875,10035.565393214682,9859.158970287079,9885.472545547342,536823
2024-01-17,9851.025390625,9958.926942240796,9796.878416256839,9921.881782864586,610250
2024-01-18,9726.3642578125,9849.358737570217,9543.24497097576,9747.483835632574,614860
2024-01-19,9837.3046875,9850.976377136963,9750.424138542056,9761.155721034129,377018
2024-01-23,9663.59375,9773.896582791436,9635.809162111234,9665.112614006734,956269
2024-01-24,9788.79296875,9800.357198831394,9560.248447460024,9663.152198047756,459092
2024-01-25,9683.7333984375,9800.161455960038,9620.569901940842,9788.793423907258,718817
2024-01-29,9791.9296875,9834.658863862809,9677.901952442116,9732.882532886373,446516
2024-01-30,9752.97265625,9833.188195464594,9733.22455406953,9810.990004034245,399869
2024-01-31,9983.5263671875,10031.253341616297,9715.094197741317,9760.469660656285,997024
2024-02-01,10425.5712890625,10486.186116158031,10000.284592465012,10006.164806847095,1869594
2024-02-02,10442.7216796875,10497.75011047029,10329.968762857905,10386.41843683099,814940
2024-02-05,10220.3505859375,10545.13478315941,10192.370759544463,10390.337960835615,365105
2024-02-06,10628.3408203125,10640.003629112358,10249.214355424692,10290.32704848357,829040
2024-02-07,10717.376953125,10754.422112406533,10571.449249704627,10643.18805674898,560808
2024-02-08,10529.40625,10732.37126661803,10476.533131015403,10732.37126661803,557082
2024-02-09,10518.576171875,10554.984882313152,10399.256820953771,10497.407782792641,645489
2024-02-12,10495.888671875,10534.355073628376,10437.429158740553,10486.382134041196,190655
2024-02-13,10578.9951171875,10613.786383726956,10427.726993243092,10515.782816010178,397979
2024-02-14,10807.78515625,10829.394752555672,10489.714753369839,10491.282427702125,354676
2024-02-15,10868.8408203125,10910.73734609581,10760.791885397646,10819.594026847906,447248
2024-02-16,11153.1982421875,11250.809411397233,10876.435788126002,10897.996572712302,716486
2024-02-19,11254.0927734375,11381.203597407204,11106.793596514268,11153.198861976376,581383
2024-02-20,11217.9296875,11250.76088303389,11089.936452462543,11211.608265901896,355044
2024-02-21,11236.94140625,11290.990755325554,11143.005371760399,11227.288437896845,348461
2024-02-22,11425.0595703125,11461.517088419963,11163.831255533469,11270.410133974312,584406
2024-02-23,11305.2998046875,11486.018776454071,11246.106220727714,11471.269430104021,472884
2024-02-26,11238.0693359375,11303.682917255755,11188.528722874256,11275.310692418325,277700
2024-02-27,11271.0478515625,11332.055073322037,11156.971314313407,11187.10741180908,307585
2024-02-28,10930.142578125,11269.38233758116,10907.797954321833,11241.990146812735,358812
2024-02-29,11062.9853515625,11122.42489819859,10907.307067098529,10932.29797686186,943841
2024-03-01,11388.9462890625,11441.917028302787,11069.503454790576,11069.503454790576,487355
2024-03-04,11362.681640625,11444.171037326345,11313.679854130094,11368.414466818447,369936
2024-03-05,11437.6044921875,11495.81899678797,11330.976797253708,11364.543020667177,320702
2024-03-06,11336.1220703125,11445.83726141884,11288.443906409533,11437.604578481421,639542
2024-03-07,11280.259765625,11401.245364720759,11193.135165761978,11340.041943580729,255325
2024-03-11,11168.0458984375,11325.195200953356,11123.454273014575,11285.25874521744,525344
2024-03-12,11280.11328125,11344.795637421294,11153.786296749622,11172.406975041358,283816
2024-03-13,11162.7548828125,11324.166009553213,11042.650732746413,11280.211787802544,385204
2024-03-14,11176.9150390625,11231.209401017784,11076.412566943933,11174.122320074566,523058
2024-03-15,11247.52734375,11291.040355536295,11088.172961226006,11152.806508459347,972333
2024-03-18,11403.9892578125,11432.508871005486,11139.379618039467,11208.325703975555,311049
2024-03-19,11365.5224609375,11446.767800703834,11227.43600944938,11311.669309526122,409259
2024-03-20,11702.75390625,11784.929518444049,11418.543547801037,11418.543547801037,1031037
2024-03-21,11670.4130859375,11760.428986646324,11589.265360276711,11759.448950897437,544311
2024-03-22,12091.38671875,12179.19753516242,11652.673352226242,11652.673352226242,1062263
2024-03-26,12005.9765625,12075.902686318417,11898.810037878187,12040.277813169314,507568
2024-03-27,12260.58984375,12468.701009189264,12040.425387083254,12044.639349388686,878986
2024-03-28,12348.7919921875,12472.717693274693,12138.231712669492,12318.99948225088,860324
2024-04-01,12318.65625,12435.672894438543,12256.473751002231,12361.532811520347,314676
2024-04-02,12301.849609375,12395.491831346111,12213.450195698377,12372.90219933172,333508
2024-04-03,12179.736328125,12275.437197344861,12164.741973283033,12201.444501771868,271935
2024-04-04,12316.353515625,12396.471433220524,12072.128430452703,12240.645758631064,491166
2024-04-05,12173.611328125,12307.19096253899,12137.252385705406,12242.606225704061,231600
2024-04-08,12608.2568359375,12669.558834307869,12201.444401801082,12201.444401801082,570422
2024-04-09,12630.7001953125,12726.449875326129,12524.856338927199,12608.256994789539,314466
2024-04-10,12429.5478515625,12699.302679667018,12349.332311844517,12674.801787014474,464239
2024-04-12,12021.6572265625,12407.25248024691,11980.936932939849,12407.25248024691,973366
2024-04-15,12174.8359375,12260.246430350826,11792.720597815296,11955.945349885284,831257
2024-04-16,12253.0927734375,12299.35065078029,12030.281078518032,12062.279627564827,579183
2024-04-18,12157.3427734375,12350.40980498665,12074.08854989179,12319.048662806077,679117
2024-04-19,12457.1845703125,12504.667489858364,11980.936045853672,12152.344667078454,635535
2024-04-22,12530.24609375,12622.026817328044,12406.271581149056,12527.943392745508,342212
2024-04-23,12736.7890625,12764.47507123449,12521.230017240714,12588.55866175339,397281
2024-04-24,12685.630859375,12812.937879111638,12642.460478379491,12740.464047979332,296364
2024-04-25,12664.51171875,12721.549989639434,12485.997827734702,12705.183201538015,640725
2024-04-26,12449.736328125,12784.565913271828,12407.252162669325,12664.021520222197,704626
2024-04-29,12436.505859375,12735.367942659235,12351.390140188016,12544.505986791457,613937
2024-04-30,12561.6083984375,12736.544782219135,12485.851825333535,12530.7372718878,528776
2024-05-02,12549.7001953125,12587.726347419655,12264.951004398947,12495.455600297666,814923
2024-05-03,12242.75390625,12573.858599642494,12163.616019896053,12562.049360336654,834990
2024-05-06,12190.9580078125,12393.92397745703,12125.491813841638,12299.448152249954,342231
2024-05-07,12117.2099609375,12258.776306362313,11994.656690535903,12223.397401131855,604375
2024-05-08,12293.1259765625,12309.198944036398,12078.93937683516,12144.601765333979,399669
2024-05-09,12255.00390625,12485.458728885334,12188.459098810272,12289.647785722218,504590
2024-05-10,12422.4423828125,12443.464339766435,12251.426154987106,12255.34629774528,328670
2024-05-13,12420.8251953125,12454.686194732147,12228.444376930858,12407.252083560961,281421
2024-05-14,12558.3740234375,12583.658753819329,12398.824398252458,12420.825434704158,331037
2024-05-15,12512.41015625,12615.412487128873,12446.45394212739,12564.058231344341,232030
2024-05-16,12248.1435546875,12591.498679517415,12054.439115665024,12591.498679517415,914201
2024-05-17,12389.1220703125,12413.035325702796,12076.294464047884,12265.294934760297,809226
2024-05-21,12224.279296875,12425.775214190853,12193.408171841442,12348.597401606958,443136
2024-05-22,12281.169921875,12312.188434443555,12116.278916215912,12179.68741708615,280015
2024-05-23,12676.6650390625,12716.061711285434,12224.034945345828,12315.178271775096,768732
2024-05-24,12740.90625,12773.78625875411,12555.238281486796,12608.16021320175,624801
2024-05-27,12648.4384765625,12797.796301386987,12521.916249402422,12763.44624121208,464953
2024-05-28,12562.685546875,12726.695099500428,12544.702274168867,12632.66048038411,333806
2024-05-29,12533.333984375,12593.50760233975,12495.455221602284,12562.097649450829,353706
2024-05-30,12346.490234375,12554.257810949655,12299.448518924135,12467.034630217842,524559
2024-05-31,12151.7568359375,12381.1340071376,12083.840551259707,12346.490126907525,908304
2024-06-03,12227.0732421875,12568.9583261908,12154.942037709397,12568.9583261908,485936
2024-06-04,11932.9638671875,12345.706297991725,11330.634289935279,12345.117702313628,825928
2024-06-05,12252.994140625,12362.268122785898,11883.030658421065,11936.835001970685,447581
2024-06-06,12420.482421875,12436.65301089626,12219.085085882945,12261.765449128865,447536
2024-06-07,12555.1396484375,12571.897875969576,12331.151725039615,12331.151725039615,532480
2024-06-10,12463.65234375,12662.060754965283,12375.792720877986,12510.302615507939,293471
2024-06-11,12606.8369140625,12681.221051216617,12402.548276140222,12489.085239088949,358807
2024-06-12,12592.8212890625,12693.029938990368,12546.416981677849,12606.836565169848,302719
2024-06-13,12590.37109375,12681.661800900543,12485.262266227079,12681.661800900543,297240
2024-06-14,12588.7548828125,12637.560469715821,12523.680128897324,12575.32820218368,216967
2024-06-18,12310.1796875,12622.85988795415,12291.656629837968,12621.292213651659,823306
2024-06-19,11997.6953125,12372.951385260423,11956.436190113043,12358.250848961105,694871
2024-06-20,11906.9443359375,12059.829912825951,11892.733817572867,12001.517785743497,907751
2024-06-21,11957.90625,12119.367140438677,11842.26203105151,11976.036911445315,947800
2024-06-24,11940.1669921875,12043.658376351275,11800.609529631842,11937.814523747651,550862
2024-06-25,11874.7001953125,11993.480713720957,11831.039796233665,11957.807988434004,594272
2024-06-26,11954.720703125,12077.812806541451,11826.777231488775,11875.092800997325,447931
2024-06-27,11935.6103515625,11983.190895657293,11770.229319286924,11956.436111182387,1230852
2024-06-28,11793.6025390625,11957.90591136071,11764.496243651818,11941.686511507862,1160395
2024-07-01,11866.9091796875,12015.237194032095,11765.866928881404,11804.529527089444,1134926
2024-07-02,11802.177734375,11907.385142760259,11755.528417105228,11907.385142760259,687181
2024-07-03,11881.6103515625,11907.433909766696,11721.227124346477,11873.132659820867,467532
2024-07-04,11848.2392578125,11966.235939336415,11830.794813704004,11892.733261576364,299684
2024-07-05,11862.4013671875,11895.13494361918,11781.892005658661,11828.198694216944,406926
2024-07-08,11783.556640625,11870.1921777208,11727.106968180902,11862.351892266559,496933
2024-07-09,12571.6044921875,12701.214217140328,12019.206971594225,12078.940340594409,2114130
2024-07-10,12517.7998046875,13034.474817435457,12478.451945549723,12691.511132611593,2070520
2024-07-11,12461.3505859375,12665.785657708511,12441.602483024084,12544.457424964661,608983
2024-07-12,12311.69921875,12416.955442061542,12225.946089863184,12368.051274875621,674746
2024-07-15,12391.5224609375,12513.585714782228,12338.64934401913,12348.449700924624,697186
2024-07-16,12387.2109375,12542.4977968228,12330.565061351403,12390.59225232307,347810
2024-07-18,12391.6201171875,12426.852591776935,12214.18484631829,12380.790914189118,391216
2024-07-19,12274.26171875,12456.254551406044,12246.968105568865,12397.45240560869,351955
2024-07-22,12388.8759765625,12406.222799423174,12152.491180339879,12250.4459374691,249631
2024-07-23,12376.919921875,12480.706087479828,12113.241502745059,12466.054362048313,332258
2024-07-24,12237.951171875,12410.388650016004,12209.48132532607,12381.771415281088,285860
2024-07-25,12259.4638671875,12274.94824122027,12140.732148678479,12140.732148678479,396789
2024-07-26,12410.8779296875,12488.692187796923,12141.858137750207,12221.04482862673,537693
2024-07-29,12496.9736328125,12518.681805688502,12351.389525721712,12455.273306545841,388263
2024-07-30,12616.6376953125,12709.887523272879,12456.156840238797,12505.256248796712,526539
2024-07-31,12853.9521484375,13107.977595381406,12637.707843692431,12720.863490695376,836405
2024-08-01,13092.3466796875,13406.889351911856,12850.22903379154,13125.619085537683,2040384
2024-08-02,12590.1328125,13033.830511227592,12537.353476477174,12985.453720174766,1333355
2024-08-05,12070.208984375,12356.263296533365,11898.864296654514,12356.263296533365,1131415
2024-08-06,12001.2060546875,12420.468995862939,11980.332369041798,12257.334273528313,623565
2024-08-07,12239.0322265625,12316.69168821106,12134.563324468734,12266.237770452122,433514
2024-08-08,12088.0166015625,12260.005686966373,12022.031562926568,12238.537845919094,358577
2024-08-09,12093.3095703125,12257.334073572203,12064.52057890228,12257.334073572203,320211
2024-08-12,12141.833984375,12237.548032242377,11970.439061449699,12069.368309891432,291212
2024-08-13,12045.873046875,12207.91896843283,11992.203927663997,12204.90181946797,464483
2024-08-14,12074.9580078125,12107.95052520341,12000.117646108129,12107.95052520341,449827
2024-08-16,12082.5263671875,12211.777823784352,11981.321933720596,12183.088340167978,552732
2024-08-19,12019.7060546875,12112.946874607615,11996.952326749435,12064.422269769588,277319
2024-08-20,12084.158203125,12178.1902588153,12020.002007028937,12030.291035119697,471927
2024-08-21,12090.0947265625,12117.794917376925,12046.664398093202,12084.15897138798,295984
2024-08-22,12144.900390625,12193.029856378762,12050.571738786994,12148.511694631334,501316
2024-08-23,12170.5732421875,12242.544273411415,12123.186709883727,12168.298062600243,440809
2024-08-26,12112.69921875,12202.428240983896,12091.1328356484,12193.029962311122,232805
2024-08-27,12363.08984375,12395.83503909485,12094.199369059488,12113.886676274258,477609
2024-08-28,12225.181640625,12385.892394843113,12197.976097827737,12366.155816938095,313227
2024-08-29,12320.451171875,12346.370829497868,12118.833546582442,12210.837752283029,608598
2024-08-30,12270.1953125,12435.40716585705,12184.324913676935,12326.584986999113,2271179
2024-09-02,12294.333984375,12390.888545802503,12218.158461977651,12240.51608600514,331514
2024-09-03,12264.357421875,12340.73099458027,12227.55651449022,12340.434400057347,445514
2024-09-04,12204.1591796875,12265.247989442953,12103.102567876393,12193.07891085075,735076
2024-09-05,12166.912109375,12237.54797889686,12099.047031682183,12204.901327053401,595865
2024-09-06,12055.6669921875,12173.095237171552,11965.196001290638,12118.832930858209,733354
2024-09-09,12015.69921875,12089.005405562413,11972.417672462589,12066.895104929965,415790
2024-09-10,12132.08984375,12156.47532383517,11968.460480332342,12020.002232344694,285122
2024-09-11,12111.51171875,12201.933437786316,12034.743008810648,12128.725794329514,349799
2024-09-12,12268.0673828125,12293.937767857073,12021.238906665374,12130.80304988499,547830
2024-09-13,12184.17578125,12262.280617858034,12159.443468587922,12232.60184266354,361093
2024-09-16,12157.416015625,12231.61295607352,12124.769361827652,12190.013398016583,170114
2024-09-17,12114.62890625,12153.458637754426,12021.536866334012,12153.458637754426,568161
2024-09-18,12073.423828125,12205.841204694501,12039.68934139223,12108.989085588015,182282
2024-09-19,12219.24609375,12277.119703958022,12075.700141026839,12128.67656022684,465608
2024-09-20,12479.4306640625,12569.1104186683,12227.704985687653,12228.051817737978,875654
2024-09-23,12547.294921875,12612.489681997158,12489.81741589255,12489.81741589255,235586
2024-09-24,12602.201171875,12642.119704286772,12448.366186686804,12448.366186686804,425916
2024-09-25,12648.4013671875,12678.970892266965,12475.967875475275,12590.973130056514,341172
2024-09-26,13240.4931640625,13267.402114088052,12692.623154406809,12697.569617054667,1471069
2024-09-27,13351.095703125,13396.653396407877,13132.314242700864,13239.701752177032,865698
2024-09-30,13096.25390625,13355.448537118522,13067.26782968322,13200.673534739395,415743
2024-10-01,13025.025390625,13158.035963898568,12860.852102798439,13096.254452460409,388888
2024-10-03,12511.927734375,13007.217395937236,12457.467377121106,12802.483126043613,863520
2024-10-04,12470.7744140625,12739.960527278306,12378.522884870557,12554.023767598752,679362
2024-10-07,12393.3623046875,12512.572055852126,12245.463069840102,12490.856891360689,465500
2024-10-08,12397.7646484375,12494.863130075582,12328.612714516892,12368.382467231997,387060
2024-10-09,12624.0654296875,12712.409059737474,12406.22302051656,12420.518490851626,465231
2024-10-10,12805.5009765625,12826.17757676149,12575.391921866849,12661.856474927748,492698
2024-10-11,12639.8447265625,12841.01697508807,12588.747381201518,12805.50098699655,274243
2024-10-14,12403.6005859375,12661.95470878102,12328.859730776128,12638.211688778618,488067
2024-10-15,12313.4765625,12572.91852353526,12222.708974606825,12572.91852353526,532135
2024-10-16,12251.2998046875,12321.588843749056,12100.036594655643,12281.126393965864,418138
2024-10-17,12013.720703125,12287.111296924193,11940.760381819351,12267.226904271745,875937
2024-10-18,11975.484375,12011.247685674829,11717.625861961335,11940.760594345325,506871
2024-10-21,12045.52734375,12118.83353403183,11816.653936486548,12015.501735698008,375275
2024-10-22,11795.630859375,12158.206554088418,11713.222988831856,12085.147690722919,904901
2024-10-23,11828.1796875,11990.127069896142,11627.60062454814,11795.631576415844,412638
2024-10-24,11637.740234375,11870.471292178363,11512.298140117053,11870.471292178363,552495
2024-10-25,11379.6826171875,11668.012103706254,11317.505971261537,11637.640631348902,624582
2024-10-28,11360.29296875,11508.093652976651,11317.506068621688,11381.612028656327,613830
2024-10-29,10927.724609375,11360.045418201442,10627.425073719145,11327.398766733999,2268683
2024-10-30,11135.921875,11396.649722966997,10827.80652932932,10861.442474692243,1672966
2024-10-31,10957.849609375,11127.117177476151,10931.682628324012,11104.808823795205,838211
2024-11-01,10991.0400390625,11089.523917478447,10961.361263079434,11030.611740373257,65670
2024-11-04,10934.1064453125,11174.059155876865,10743.716904189709,11174.059155876865,444462
2024-11-05,11050.49609375,11154.273266503365,10893.99078851853,10923.768107204449,321159
2024-11-06,11232.6748046875,11307.613714475032,11052.969428635795,11098.872988862238,416027
2024-11-07,11179.154296875,11263.095381059122,11066.819357936702,11184.100759492943,530194
2024-11-08,11181.9736328125,11222.534627145447,11006.472748939246,11139.928699662492,269993
2024-11-11,11277.6376953125,11394.819582975008,11188.897966494973,11210.16775484861,450681
2024-11-12,11023.78515625,11393.583475226844,10988.319405647448,11270.069723734487,549747
2024-11-13,10931.2861328125,11023.537659376405,10747.970423917966,11020.718562165095,507710
2024-11-14,10888.2021484375,10998.65703867062,10775.47207875455,10936.62820785266,431348
2024-11-18,10975.162109375,11063.20914496987,10798.12801705603,10832.753255773114,333440
2024-11-19,10841.953125,11075.376884090754,10779.727206281736,10971.253848245145,864067
2024-11-21,10745.1513671875,10840.865417897234,10654.68037357969,10804.212323482298,540201
2024-11-22,10945.1357421875,10987.725555740513,10711.316854252482,10788.234343496577,493678
2024-11-25,10907.0986328125,11127.512809399543,10872.373886271595,11082.054625636662,635726
2024-11-26,10826.767578125,10959.332769813294,10774.829723172497,10907.098320339392,406586
2024-11-27,10939.9423828125,10997.866231846954,10753.609525996246,10818.902831305883,343332
2024-11-28,10832.6044921875,10961.954491309029,10771.417135259599,10941.971554960515,607669
2024-11-29,10955.623046875,11010.923917205046,10803.073952240307,10832.70345543124,338207
2024-12-02,11118.955078125,11208.684101710282,11031.600742998355,11031.600742998355,446880
2024-12-03,11158.4775390625,11187.908991223514,11083.043985204442,11129.540733156295,258644
2024-12-04,11010.6767578125,11179.00526333061,10987.082518101748,11160.208705808194,554674
2024-12-05,11062.515625,11149.326038476158,10912.885140233406,11015.722284803267,545501
2024-12-06,11196.763671875,11254.14263906976,11001.922313326082,11080.076423815495,417214
2024-12-09,11159.021484375,11247.168026863616,11132.063263421216,11200.769821605356,254485
2024-12-10,11078.2958984375,11193.201647126753,11050.397655629127,11154.273372177118,410569
2024-12-11,11156.9931640625,11199.631283117333,11100.454712906318,11109.655905770736,226584
2024-12-12,11047.8251953125,11178.361564782323,10959.629384535834,11178.361564782323,396561
2024-12-13,11151.8486328125,11169.111979624868,10915.457004026091,11018.146335235462,263579
2024-12-16,11156.251953125,11208.140539974062,11085.022890375598,11135.031434959708,223389
2024-12-17,10989.60546875,11151.750902745598,10941.278914539722,11142.401895007146,295445
2024-12-18,10884.6416015625,10979.217579351482,10852.637409107236,10966.307505279587,497103
2024-12-19,10838.044921875,10917.238557327422,10736.247305933137,10771.4164601733,435360
2024-12-20,10784.3271484375,10958.393362433288,10749.603367052738,10822.860285729002,404608
2024-12-23,10706.123046875,10872.126129135762,10640.23655520594,10810.988048073368,237165
2024-12-24,10621.6376953125,10770.873051779983,10610.16228851044,10706.123663054545,151149
2024-12-26,10779.3310546875,10857.287110283249,10654.68019998021,10655.174846229049,349811
2024-12-27,10823.8984375,11013.79332475576,10795.752872852483,10812.472302426846,257973
2024-12-30,10683.3203125,10832.752749675014,10634.992794770531,10823.898388681258,335481
2024-12-31,10742.1337890625,10777.055620183066,10635.487287451382,10649.733485523251,198997
