Price,Close,High,Low,Open,Volume
Ticker,RELIANCE.NS,RELIANCE.NS,RELIANCE.NS,RELIANCE.NS,RELIANCE.NS
Date,,,,,
2015-01-01,189.12538146972656,189.99869740526844,188.22011599157378,188.78458634854346,2963643
2015-01-02,188.6248016357422,190.86134044216575,188.35855547947352,189.16795801328362,7331366
2015-01-05,186.55870056152344,189.76440426058238,186.185941672097,188.50767957176805,10103941
2015-01-06,178.09182739257812,185.95164240953517,177.21851145319286,185.31263733574957,18627980
2015-01-07,181.96847534179688,182.92699000748544,178.2835287555138,178.30482844947335,20720312
2015-01-08,179.3592071533203,183.80032169437555,178.9544987145511,183.20390177473905,19872227
2015-01-09,183.24649047851562,183.60859950458453,179.9875519001595,180.71175573354262,13392787
2015-01-12,181.11648559570312,183.3956242759867,179.2633692943345,183.28912579063615,10100113
2015-01-13,179.59347534179688,182.10691014044292,179.0290192740664,181.69155191961207,9948711
2015-01-14,177.8468475341797,180.41353141415266,177.04808067772956,179.56151532977282,11380041
2015-01-15,184.08782958984375,185.54690110657066,178.9225122393432,178.9225122393432,16927085
2015-01-16,185.2487030029297,186.37761506952876,181.48919377111537,183.18256187101397,19136963
2015-01-19,187.3681182861328,188.72067739199645,182.91635394433047,185.35524018025546,13339962
2015-01-20,192.3523712158203,192.88487777380465,187.1976889657768,187.76215928286896,13361320
2015-01-21,193.14048767089844,194.13095192898646,190.00934718363794,192.76774300724009,17084297
2015-01-22,188.24143981933594,193.23636076478942,187.3361742935064,192.79970277402143,23721627
2015-01-23,188.91236877441406,191.2340922189943,186.8036422628214,189.57267348542948,18080494
2015-01-27,189.37033081054688,190.9998000421227,187.54915011606235,190.19038324040642,17939876
2015-01-28,193.16180419921875,193.79017369594132,188.74198911901985,188.74198911901985,19298126
2015-01-29,197.9650115966797,199.05132448698697,193.17243799972977,193.21503739003552,36117653
2015-01-30,194.95098876953125,198.3590389894597,193.61971537551548,198.09277862315537,21746801
2015-02-02,193.41741943359375,195.94150467339182,192.9168623251211,195.12143788464164,19302710
2015-02-03,199.71163940429688,200.4038937014132,194.51435748660288,194.51435748660288,17092333
2015-02-04,197.8372039794922,201.03224341239962,197.21949863079746,200.03112935050476,14072894
2015-02-05,196.7509002685547,200.20153619117158,195.45157620972603,199.3708338625809,12365643
2015-02-06,193.8114471435547,198.09279939514687,192.3417255986973,196.83608900941982,9045844
2015-02-09,190.9998016357422,195.53676442070753,189.99868758151854,191.9583163020205,8839692
2015-02-10,187.86866760253906,192.66122687571948,183.4595028337096,191.27671828360914,13651008
2015-02-11,191.85182189941406,192.71448796110394,188.08166223629144,188.72066728777244,9781008
2015-02-12,193.6516571044922,194.67407070736806,188.98689681871514,193.406710658622,8709626
2015-02-13,195.4302520751953,196.13315614514084,193.6303711872808,194.68473440157572,7393680
2015-02-16,192.29913330078125,196.85739596168185,191.70271340822947,195.68587009015613,12266698
2015-02-18,192.05413818359375,193.40671121879055,190.50986792933463,191.70267906322715,9835036
2015-02-19,192.13937377929688,193.32154951305245,189.0508326787285,193.18308727621294,9550637
2015-02-20,185.97293090820312,190.85070299548755,185.58952219951283,190.6909410725933,18717199
2015-02-23,181.3614044189453,186.75038293863392,180.43483937300792,185.30196121632125,14104463
2015-02-24,179.2313690185547,182.5009713840568,178.28351847326613,181.95781500065965,19946218
2015-02-25,179.59347534179688,182.43706959161682,179.14616758234467,180.79695061946094,15274116
2015-02-26,179.34852600097656,181.0525440230303,178.19829997280607,180.22182759469933,21459750
2015-02-27,182.23471069335938,183.39558660147352,179.90233746829074,180.53069262153386,18659378
2015-03-02,184.08782958984375,186.48411596539907,182.23469956358062,185.09959336855016,14579511
2015-03-03,191.87310791015625,193.0765689968071,184.75881141726984,185.099606503753,20636925
2015-03-04,189.1147003173828,193.75817526240309,187.45328172037026,192.98070808339077,14476047
2015-03-05,188.4969940185547,191.43643674872663,187.048572344901,190.10516337795056,10716702
2015-03-09,185.23806762695312,189.9454422799333,184.0665559966888,188.5289699451565,14065391
2015-03-10,183.0015411376953,186.54803975590264,182.2027741670949,185.08896804585885,15234060
2015-03-11,182.31993103027344,185.22741029401843,181.56376347163638,183.38494414542797,11635873
2015-03-12,183.99200439453125,184.7588218197999,182.24537260294952,182.75659369896488,11782380
2015-03-13,181.0738525390625,185.22740644561915,180.41354783388658,185.0996082869568,12936157
2015-03-16,179.36985778808594,181.89394284407442,178.98644904342495,181.3720860761698,13839990
2015-03-17,182.51161193847656,183.16126675245445,179.13551128120127,181.16968870847458,19070082
2015-03-18,185.02505493164062,185.79187230276494,182.0536625013523,182.5435696499169,9269885
2015-03-19,182.36253356933594,186.73973442015077,181.92587562519967,186.49478794005842,13934612
2015-03-20,181.92588806152344,183.42755924187512,180.7543621595169,182.7352907046087,10405717
2015-03-23,179.337890625,184.03460107470758,178.51782397653736,182.43708138411853,13251683
2015-03-24,180.61590576171875,181.96847901169176,179.36984520244596,179.36984520244596,9238431
2015-03-25,179.9662322998047,180.9460465781414,179.13551586681172,180.83954811718158,10264941
2015-03-26,176.6433868408203,180.8928035475393,175.53577437136974,179.15682169938287,20621346
2015-03-27,172.8945770263672,177.85754868867184,170.71128695764554,177.62323779943404,23326922
2015-03-30,172.6921844482422,174.17255580025198,169.64624297036656,173.938259172148,17330588
2015-03-31,175.94049072265625,177.4102122570868,174.23645833672006,174.23645833672006,20235395
2015-04-01,178.08116149902344,178.70951666860736,173.19273971095927,175.7061746080489,14588531
2015-04-06,175.65292358398438,178.4965179161862,174.96066934171316,178.07050983680634,12334096
2015-04-07,177.39955139160156,178.0918056186698,175.95112964102105,175.95112964102105,21275454
2015-04-08,184.43931579589844,185.20611901740634,177.41021754142855,177.53801570855407,24821205
2015-04-09,190.6589813232422,191.48969777779942,182.92697957554887,184.3541016457162,27276420
2015-04-10,192.62925720214844,193.57712195413177,189.38096878945564,190.62702923588105,25323219
2015-04-13,196.49530029296875,196.97455767782986,191.43648024096564,193.15114844707654,20177342
2015-04-15,196.74021911621094,200.13760526043478,193.23632029456007,196.17574884773205,22231264
2015-04-16,197.74136352539062,199.79684096944027,195.74978516638853,196.92129682977034,20177302
2015-04-17,197.4218292236328,201.13872507094774,196.51656386101575,199.16844665304706,23958678
2015-04-20,188.64610290527344,199.67965652585826,187.12313222242497,199.64770698683893,37628162
2015-04-21,186.68649291992188,190.74421274878952,185.83449090902553,189.60463642053566,17707007
2015-04-22,187.38941955566406,188.8804409139768,184.67362303583255,187.8473772329052,14761313
2015-04-23,186.81431579589844,189.44489934559965,185.11028324092572,188.262737780123,13337818
2015-04-24,187.2083740234375,188.39054989513906,185.0250981469382,186.80367976950603,12709854
2015-04-27,186.44154357910156,189.04017739917586,185.62147690419397,187.45330750431003,11042925
2015-04-28,184.2902069091797,187.86865490589847,182.87373465201406,186.31373464262947,14687371
2015-04-29,181.0525360107422,185.42975050669546,180.498729822614,183.60857004008471,16387960
2015-04-30,183.68313598632812,184.43930352903834,180.61589486678614,181.0525527941781,34802149
2015-05-04,189.77503967285156,190.4033948600845,183.28909805271562,184.50320903948798,15078502
2015-05-05,190.03062438964844,192.08610159530198,188.52895340893107,190.36078384285693,17846755
2015-05-06,187.49591064453125,191.01045983497983,185.7386289399295,189.57268777269337,22438208
2015-05-07,185.4723663330078,187.1124853516761,183.18257823977473,186.3776317237919,16735535
2015-05-08,191.89642333984375,192.76995821202658,185.72778790218808,187.86308256939228,17104443
2015-05-11,193.2444610595703,193.9993572179756,190.5375843595077,192.57582270446855,14214007
2015-05-12,187.36703491210938,193.01802368411657,186.60135456372754,193.01802368411657,16650201
2015-05-13,190.90428161621094,191.66997630196153,184.8866219879941,188.36996337123963,16701434
2015-05-14,189.4160614013672,191.14156342192567,187.71214183407145,191.09841291330102,12329713
2015-05-15,188.4993438720703,191.30327676661457,187.66895954705237,190.2140614430384,8331715
2015-05-18,192.29544067382812,192.82387231128982,188.12190770062074,188.70425946456854,9847540
2015-05-19,193.15821838378906,195.14253690631463,191.22781999525608,192.23076328331737,14513036
2015-05-20,196.02685546875,196.49058305202678,193.62194533183103,194.20431161624418,8708891
2015-05-21,193.4170379638672,197.43959520399088,192.84547013696726,196.54449217032317,10759523
2015-05-22,194.94839477539062,195.3258500817103,193.47094002587502,193.47094002587502,8349048
2015-05-25,192.93173217773438,195.84350569138246,192.4680046449134,194.11800387682104,6617337
2015-05-26,190.7964324951172,193.25526243964038,190.38662510471354,193.03956751937065,9510249
2015-05-27,190.94741821289062,192.15527239102204,189.84741869912585,191.0983945859448,8078236
2015-05-28,188.89837646484375,192.87779707844655,188.0787617267393,191.06602319333055,26538868
2015-05-29,189.15719604492188,191.19543434355322,188.31601330653854,189.78268388730837,29277517
2015-06-01,194.60328674316406,195.1748689004608,189.37289030516885,189.8042657306145,19594976
2015-06-02,193.82679748535156,198.17287446028456,192.2738547928691,195.35817212923968,20178960
2015-06-03,193.3307647705078,196.37194674588662,191.6376293522947,193.90233259451733,15546279
2015-06-04,196.8572235107422,197.6121197199217,192.51113150185242,195.02388152032302,15931395
2015-06-05,195.78958129882812,197.77389970365346,195.07780677654583,196.25330882155788,13066337
2015-06-08,190.97976684570312,196.27488221056336,190.47290320455636,195.58467572183218,10846953
2015-06-09,190.60231018066406,192.1013185295186,189.23269574065046,190.5699437060814,9153355
2015-06-10,195.36900329589844,196.25332229744495,190.88271852466946,191.09839906265654,13509379
2015-06-11,189.1895751953125,196.167041877973,188.4346645481308,195.4121312307913,14676438
2015-06-12,191.9287872314453,192.54349112834416,189.426821140758,189.5885959331306,21543824
2015-06-15,194.49545288085938,195.1964433694674,191.96113477120412,193.0179981192392,12858570
2015-06-16,194.96998596191406,195.19646493173866,192.65136251489682,193.90233846989864,13929305
2015-06-17,200.847412109375,203.25232167561262,192.82386713717577,195.2072086533977,26232634
2015-06-18,211.14646911621094,211.80430911799473,201.12782073185448,201.1386047581477,49366799
2015-06-19,214.96414184570312,217.06708468419822,211.9121758435785,211.9121758435785,45710935
2015-06-22,213.89646911621094,217.5631386167604,212.7748872566716,215.02882060348534,19394187
2015-06-23,214.60824584960938,216.26902911960536,213.7454949362534,214.10138220764512,16007498
2015-06-24,213.72393798828125,217.07787117984907,212.80726689494824,214.60825700052484,18603004
2015-06-25,216.6680450439453,217.62785216251115,212.45137565623364,212.88275109807321,27175118
2015-06-26,215.83767700195312,218.7278682049939,214.6945269551365,215.66511817339415,20966796
2015-06-29,213.713134765625,214.36020512509336,209.6474417573692,213.07686283011645,20168946
2015-06-30,215.708251953125,216.3013878250147,213.0984454780706,213.50825289436335,23184864
2015-07-01,216.90528869628906,217.94058390533098,215.9023455626611,215.9023455626611,14824266
2015-07-02,218.02685546875,219.94646952928747,217.2180247899716,217.627832141914,15931202
2015-07-03,217.2396240234375,218.66315873551954,216.34452101532162,217.78962378071247,13831096
2015-07-06,219.04058837890625,219.7631324779175,214.65136046419684,214.84548731911013,12237733
2015-07-07,216.3876953125,219.26710273532987,215.68670470708707,218.05926282142903,11294999
2015-07-08,214.95333862304688,217.56314489101746,213.88569125878155,214.79156383598652,15190654
2015-07-09,212.96902465820312,215.90236616300606,212.05235363821487,214.82392035261478,16245867
2015-07-10,216.0749053955078,216.5494169333633,213.58372342124125,213.7670518616792,16110573
2015-07-13,217.1964569091797,218.38274286550654,214.64057096747064,216.07488950143934,9860248
2015-07-14,215.21214294433594,218.16705227151652,214.65135922939697,217.60626855657756,9942927
2015-07-15,218.09161376953125,218.7925899733938,215.5896473341329,215.63278344526898,13532911
2015-07-16,220.79843139648438,221.68275028899987,218.09156898898715,218.2748974236729,14854295
2015-07-17,220.36705017089844,222.40528854148198,219.56901790186066,221.13274476197677,10195142
2015-07-20,221.02491760253906,222.14648509448594,219.5474628571846,221.68275758183316,6348354
2015-07-21,217.36903381347656,221.8229664329722,216.27981831821407,221.72591019242597,7923338
2015-07-22,226.5572967529297,227.3229770437662,216.6788403733867,216.7651125866754,17309440
2015-07-23,225.45729064941406,230.32101611253134,224.57297169324767,227.2259141638479,18642915
2015-07-24,221.089599609375,226.3954838116805,220.23763285089098,226.03961099182263,13099664
2015-07-27,216.840576171875,222.13569103860982,216.06411194247036,221.05725969905475,20118553
2015-07-28,217.89749145507812,219.28865977235944,215.70826192402177,217.47689999254413,13382878
2015-07-29,214.8238983154297,218.42587786888075,213.98272996279803,217.73567146920158,14790821
2015-07-30,215.71902465820312,217.41217436851056,214.02588934579455,215.7082406319693,11701228
2015-07-31,216.08567810058594,217.3905883607982,213.52979210477474,215.6866547649923,16634259
2015-08-03,216.215087890625,218.6739176752461,215.55724794227518,215.90235115352485,9887787
2015-08-04,213.09844970703125,216.9053264261123,211.3729621911188,216.42003081259006,12006872
2015-08-05,213.04449462890625,215.85921160525191,212.25723199022184,213.15233488135684,14345010
2015-08-06,211.14646911621094,213.96118636612832,210.83373235370829,213.7454914423655,8708037
2015-08-07,212.3111572265625,214.3925315993971,210.7582000676196,211.15722338212865,8608888
2015-08-10,208.9788055419922,213.2709628469259,208.02978250822144,212.34352226191598,9288894
2015-08-11,208.3533172607422,210.00331634222698,206.62781560348682,209.43174859757792,8762464
2015-08-12,203.37098693847656,208.35335147523278,202.8641232630559,207.83570377263084,9650325
2015-08-13,201.31114196777344,205.75428990472753,200.45917518626428,204.25526721718344,9340350
2015-08-14,208.5582275390625,209.64744297335707,201.51605690968213,202.79939921210263,12739366
2015-08-17,205.0532989501953,208.35331141853055,204.05035581935485,208.35331141853055,10857430
2015-08-18,203.6298065185547,206.19647701410463,203.22001347977385,206.19647701410463,6630334
2015-08-19,205.89453125,207.27491559179094,202.62687007067274,203.60824538745115,8877298
2015-08-20,197.6337127685547,207.0484421086705,197.08371298144417,207.0484421086705,19008087
2015-08-21,195.8327178955078,196.68468475999595,193.4709441712895,196.27487736703083,20050521
2015-08-24,178.9228515625,189.80424929383173,176.43166985465518,189.80424929383173,35635706
2015-08-25,182.93466186523438,185.63075500004678,177.5532884183989,181.36015073104545,49504268
2015-08-26,184.06704711914062,188.68274073393235,181.17684119662474,182.8591927764363,18955515
2015-08-27,187.46405029296875,190.07385636166384,184.85424422427366,186.9571867143987,26997546
2015-08-28,188.16505432128906,190.4513254037068,186.80622386417951,188.7258380659934,10770215
2015-08-31,184.60621643066406,188.26210182660552,184.15327296595925,188.26210182660552,20708942
2015-09-01,181.14443969726562,184.17483715861798,180.1199285099158,184.17483715861798,21645696
2015-09-02,183.2366180419922,184.86504921357766,181.7375951865303,183.33367427908487,19652369
2015-09-03,184.16404724121094,185.65228586133605,182.12580895689797,184.20718334052788,11659978
2015-09-04,180.29248046875,183.26895792897503,177.96305894399623,183.26895792897503,16199949
2015-09-07,179.71014404296875,182.0395657667677,178.5238723269235,180.79935952008472,10234633
2015-09-08,183.0316925048828,183.96993151753745,177.96305654976982,180.314046094147,12900468
2015-09-09,188.5209503173828,189.52389364500385,183.44152951593438,185.7062472224497,17340694
2015-09-10,187.00033569335938,187.75524629959253,184.51993775529075,185.70622379395735,11074406
2015-09-11,185.69544982910156,188.9630962301367,184.6709385207758,188.07877726563046,10634833
2015-09-14,186.32093811035156,186.71996148756227,183.74348379503246,185.86799460080144,7964072
2015-09-15,187.00033569335938,187.64740604095874,184.5415058070175,185.9219043112249,11509788
2015-09-16,188.19741821289062,189.23271356008797,186.6121231123634,188.100361973697,13424811
2015-09-18,193.12588500976562,194.0101896907983,189.18959966383738,189.4699843877572,34261453
2015-09-21,189.39447021484375,191.57290113194648,188.95231073602508,189.80427761457076,12732187
2015-09-22,182.88075256347656,190.8611633749481,182.1474242868406,189.80429987155762,15745524
2015-09-23,183.40916442871094,184.80034703564294,181.17681336006353,181.82386934551363,15221260
2015-09-24,180.605224609375,182.90227957031598,180.04444090065002,182.90227957031598,29076982
2015-09-28,179.93658447265625,181.3709030048691,178.73952889057725,181.13365445263256,11624639
2015-09-29,181.33856201171875,183.3875844978456,178.1787560764428,179.01993888157423,15853471
2015-09-30,185.98658752441406,186.5258031547659,180.85324781247408,183.54934036213004,17292020
2015-10-01,186.5042724609375,188.49937501221308,185.18859239443228,188.49937501221308,8663393
2015-10-05,191.5297393798828,191.9611147745747,185.88953596992297,186.09444684129758,16015412
2015-10-06,193.69741821289062,194.2258498805165,191.04446145095,193.17977057117756,12330294
2015-10-07,197.094482421875,198.01115346518384,192.17683678354965,192.97486913810502,11515191
2015-10-08,191.7670135498047,197.33172911101852,191.15230969549748,197.33172911101852,10753149
2015-10-09,191.38958740234375,195.29352042949287,190.12782742493596,192.83469023993652,9327873
2015-10-12,192.33859252929688,194.46310327845762,191.52976176995912,191.52976176995912,6212395
2015-10-13,192.7376251220703,193.31997696159476,190.4297714194666,190.89349896532667,6162561
2015-10-14,194.75428771972656,195.19644719406165,192.81310540231365,193.21212877163055,8002587
2015-10-15,194.91604614257812,196.49055715351653,194.13958186220378,195.77879703001514,9048478
2015-10-16,197.31015014648438,197.31015014648438,194.91602461708547,195.0885690163585,15246935
2015-10-19,207.81411743164062,208.24547848093448,202.96116164809627,202.96116164809627,33505855
2015-10-20,206.3474578857422,208.50432084103667,205.5494111053754,208.13764953130874,18091895
2015-10-21,205.9807586669922,210.25134789167083,205.54938325480185,206.08859892056535,14404450
2015-10-23,206.12098693847656,209.8739436004166,202.99353265212667,207.91119305154456,12153422
2015-10-26,203.36016845703125,207.70624585795778,203.02584927315317,207.46899730016526,10938775
2015-10-27,202.6483917236328,204.52486970588922,202.18466424068558,202.4866313451271,11601798
2015-10-28,202.08761596679688,203.80233363803075,200.5670251553073,202.07683194113875,11958727
2015-10-29,202.9611358642578,203.82388664904084,201.65622566222095,201.88270458222757,13280382
2015-10-30,204.40625,206.17487337157814,202.76703493412072,203.19839595311697,13366359
2015-11-02,207.0160675048828,207.38273878903166,203.86704550616568,204.6866458850942,7222044
2015-11-03,208.6121368408203,209.3131272982727,207.32880900291485,207.76018442337065,11373522
2015-11-04,205.18270874023438,210.29449505539574,204.0827093754405,208.78468833562633,10033187
2015-11-05,202.01214599609375,205.11803205297895,201.23568168082213,204.68665658987277,10767454
2015-11-06,205.41998291015625,205.9268465194878,202.29252904796547,202.62683384699596,8367190
2015-11-09,207.32882690429688,208.13764328932635,199.17585810973736,201.34351942474248,17031699
2015-11-10,199.02484130859375,206.95132953865857,197.63365897963902,206.41211392554294,11486238
2015-11-13,201.2464599609375,202.43273165218142,197.24547101219613,197.36409530174072,13682323
2015-11-16,201.51605224609375,203.17683542441026,199.45624571253478,199.72586075728728,15346549
2015-11-17,200.1033172607422,202.50822720763318,199.76901243258433,202.3248987534821,8588142
2015-11-18,196.7062530517578,200.86900234779324,196.26409357969672,200.0709556132637,11249222
2015-11-19,201.6131134033203,202.4650802639852,197.83860346988237,198.19449073032067,12183206
2015-11-20,204.22291564941406,205.5062579279124,199.62879102525173,201.45134899778424,11304265
2015-11-23,205.7111358642578,206.6062387308972,204.08270490312532,204.9023195951151,10499517
2015-11-24,208.719970703125,209.56115346714228,205.12878951504746,205.5493808970561,14806176
2015-11-26,213.23861694335938,213.95039143824042,208.8386192567413,209.43175507054337,23805828
2015-11-27,211.16802978515625,214.06901914398404,210.10038242366318,213.31410853405853,10891864
2015-11-30,208.59059143066406,212.32197986398762,207.5552960683557,211.04942151562133,29919205
2015-12-01,208.33175659179688,211.1141072357572,207.32881339729641,207.92194921378302,12981379
2015-12-02,210.9307861328125,211.30824144657555,208.02979670634872,208.40725202011174,7573628
2015-12-03,210.76901245117188,213.30333060337222,210.1003884273676,210.2729328469561,11361395
2015-12-04,208.23471069335938,210.5533485036212,207.36119010252116,209.71216559610298,13443688
2015-12-07,205.34449768066406,209.86313412648315,204.84841808997868,208.23468861943664,14483909
2015-12-08,202.93960571289062,205.6788205289558,201.90431033697155,204.6650932067892,7532164
2015-12-09,197.5474090576172,203.48957989403766,196.88956910298535,201.9258529999109,9174419
2015-12-10,204.9778289794922,205.721941175931,198.43173798486978,198.97095368605838,18592203
2015-12-11,205.53860473632812,206.84351503321815,203.37095798984026,205.2797881208182,18155513
2015-12-14,206.00230407714844,207.81407772964639,204.03955408624103,204.38465725764448,10563900
2015-12-15,210.4886016845703,210.93076110287015,205.68956663049644,206.412125093778,15718833
2015-12-16,211.08175659179688,213.0013707874934,209.97097313182812,210.48862077128237,12097338
2015-12-17,217.77882385253906,218.9219737881369,210.94156428017774,211.3837237386234,19369032
2015-12-18,213.9396209716797,217.62785879507004,213.5298135695476,216.50629125084478,16016139
2015-12-21,213.98275756835938,215.47099641242264,212.31119027461335,213.07687055059927,12331769
2015-12-22,212.94744873046875,216.2474470029047,212.23567423397597,214.13372036075907,11579277
2015-12-23,216.50628662109375,217.17491064318043,213.5298090034453,213.91804834442092,12919467
2015-12-24,215.8052978515625,217.23961654089567,214.88864121961024,216.52785640832002,11901877
2015-12-28,217.92982482910156,218.6523689939622,215.68667535411365,215.81608367058436,12885935
2015-12-29,219.0082550048828,219.72001513928487,217.2288330720293,217.92982357801964,14913870
2015-12-30,216.6572723388672,219.1376704606293,216.1180566078667,218.92198992738886,8151610
2015-12-31,218.83567810058594,219.93569188706,215.4925438331794,216.41999881504498,18483713
2016-01-01,218.99746704101562,219.76314729320407,217.4553081126233,217.80039694835952,5416562
2016-01-04,214.6729736328125,218.6631790488251,212.81806328433726,216.7651325897249,30170947
2016-01-05,216.7974395751953,217.8435188360495,215.03960023918694,215.75136031434113,14946239
2016-01-06,222.63177490234375,223.96903727610155,215.7729330211221,217.32587590779337,26759864
2016-01-07,218.5445098876953,221.7258837807024,217.42294244585054,220.22686105046247,19739943
2016-01-08,221.2406005859375,222.78275950402073,219.28863428025832,220.00040879500355,21313199
2016-01-11,226.81610107421875,228.80041946368618,218.0592271367203,219.1268745139818,29016443
2016-01-12,225.48963928222656,229.79258091169197,224.55140020866975,227.54944587441958,23373377
2016-01-13,232.26219177246094,235.04455687716177,225.8670771603823,227.13963542633581,71802356
2016-01-14,228.9837646484375,233.15731262584012,227.12886883415823,229.45827622834608,27823189
2016-01-15,231.49652099609375,234.99064657732953,229.83573762160947,230.73084067068933,28767318
2016-01-18,219.3209991455078,233.79358048030858,217.43375128396264,231.8631821141703,27254669
2016-01-19,225.09060668945312,226.42785467690007,218.72784433069734,221.94158478624166,21489315
2016-01-20,216.6680450439453,223.2141360584312,213.52980706188325,223.2141360584312,45114225
2016-01-21,212.27880859375,221.24059309563393,210.66116154812102,219.47196969049102,31768619
2016-01-22,216.58177185058594,218.0592266130631,214.40334099699277,214.40334099699277,23682648
2016-01-25,216.5386199951172,219.7307778609592,215.68665320338263,217.84351584798412,13099564
2016-01-27,215.54647827148438,217.8435334299247,215.02883061908528,217.43374043677858,17251028
2016-01-28,219.33175659179688,220.3886342714085,215.06116736347508,215.9023501378587,23074633
2016-01-29,223.32196044921875,224.31411957557316,219.569018848342,219.77391532965314,19177163
2016-02-01,222.2220001220703,224.70239837385296,221.19748873967532,224.30337496854224,9918809
2016-02-02,215.93470764160156,222.76118304286348,213.63763819130708,222.2219673630865,14771279
2016-02-03,211.67491149902344,214.39257264963337,210.29452726794185,213.09844623535727,15691478
2016-02-04,209.87391662597656,215.90235985186652,208.28862163207913,213.09842674303005,18203784
2016-02-05,209.4102020263672,211.80431350463616,207.36117939662753,211.17882556877757,20998404
2016-02-08,207.28567504882812,212.4082312237686,206.6170366611383,209.45332180123705,12078110
2016-02-09,206.52003479003906,208.9572972237723,204.9023873191937,205.52787537092294,19603494
2016-02-10,207.63076782226562,209.86313316911526,204.61115418820788,205.2690085627429,16883350
2016-02-11,199.4130859375,208.34251746350168,197.46111989439285,207.67387914287812,17114833
2016-02-12,195.53073120117188,201.42976570946547,191.5513107535125,201.42976570946547,29319458
2016-02-15,204.2013397216797,205.19349886409947,198.0003522805049,198.0003522805049,19283523
2016-02-16,200.70724487304688,206.62783371931286,199.94155020598154,205.13959488850472,13024856
2016-02-17,205.46311950683594,206.50919880533755,197.65525446047926,201.6885952932706,15442221
2016-02-18,202.76702880859375,208.93566396866177,201.88270995057076,207.69545788282025,14433087
2016-02-19,203.68368530273438,205.49545911900836,202.17387858847187,202.745460717054,10235503
2016-02-22,207.55528259277344,208.84940891058716,203.62978193309357,203.62978193309357,12770834
2016-02-23,204.82687377929688,208.61216810481667,203.33863483474119,207.72784908024735,18989787
2016-02-24,205.4739227294922,206.7464666887068,203.17685302976128,203.80235538045957,15186204
2016-02-25,203.6298065185547,206.31511571270465,202.9288303437924,205.80825202999645,24826958
2016-02-26,204.9778289794922,206.789602950141,203.6729186318346,205.5493967588782,8349402
2016-02-29,208.4935302734375,214.52197385064125,201.66703994090304,205.18273335873187,31032353
2016-03-01,211.65333557128906,212.46216634985845,208.06215398249125,208.0729380089282,16453192
2016-03-02,216.0102081298828,216.92687915710735,212.93667426064673,214.15529802292954,20105967
2016-03-03,218.45823669433594,219.56902010570505,215.14744011311868,217.84351845108708,15880459
2016-03-04,217.0670623779297,218.92197240694566,216.44157448369114,218.70627749306797,8987660
2016-03-08,221.51022338867188,222.35139184749872,217.30432350294137,217.30432350294137,13222993
2016-03-09,224.68080139160156,225.1553129264098,219.69843747506417,220.0004045964506,11854901
2016-03-10,218.22097778320312,225.58668323226294,217.62784197764415,224.7562844657416,20706353
2016-03-11,218.81414794921875,222.06024094798437,217.9729794229126,218.90043456541704,15319044
2016-03-14,219.94650268554688,221.38080703671636,218.47983185628152,219.80629594012996,11880095
2016-03-15,220.1082763671875,221.6935715861579,218.94357261404608,220.8631726818828,10487788
2016-03-16,220.37789916992188,221.25143427140023,216.86221950288183,220.21613874294508,11064129
2016-03-17,221.60496520996094,226.1635723375128,220.73250047511655,224.00423595077953,16832997
2016-03-18,224.04783630371094,224.69127206811754,221.53951135093334,222.0957035622008,14030979
2016-03-21,226.2508087158203,227.16689520232163,223.07723690758957,224.21143229087383,12708074
2016-03-22,228.55191040039062,229.5116040223603,225.89089473218522,226.1853562771113,15333442
2016-03-23,224.48410034179688,228.34473003362487,223.00091604888885,228.34473003362487,16806372
2016-03-28,222.56468200683594,225.02938551290273,221.52863555464046,224.65858580243065,18070240
2016-03-29,226.0218048095703,227.27596014398927,222.5210549345299,223.3062615592078,15871250
2016-03-30,228.37742614746094,229.40256707089824,227.42862333704463,227.42862333704463,14453294
2016-03-31,227.97390747070312,230.3295563021594,225.2474735231891,227.05783556514257,30833349
2016-04-01,225.62921142578125,228.21387496915497,223.5680238587869,226.6434470400168,12381116
2016-04-04,225.76004028320312,227.31956251405242,223.6334203829546,226.8397083999445,8632568
2016-04-05,223.9933319091797,227.36320185262042,222.9572854900625,224.95304021152083,10259495
2016-04-06,225.4765167236328,226.11995255526406,223.04452962576372,225.1166224693275,6990781
2016-04-07,226.23992919921875,228.5846729083873,222.935491674213,225.7273586730292,8789163
2016-04-08,226.04360961914062,229.99148264702242,224.92031965905267,225.9454460536905,13411752
2016-04-11,226.9051513671875,228.03936131748137,225.31291273082138,226.1853774433531,10308361
2016-04-12,228.45376586914062,230.64583307278167,226.41438945262303,226.9051490283628,11164859
2016-04-13,232.5216064453125,233.36135478986736,229.5770636371451,229.5770636371451,16038542
2016-04-18,232.2380828857422,232.68522070385603,230.19870637093427,232.4670972374554,19065716
2016-04-20,226.2508087158203,233.20868636328697,225.92363081063942,233.20868636328697,21687934
2016-04-21,227.090576171875,229.45711614086673,225.7491626639155,227.14510340065289,11380697
2016-04-22,226.61070251464844,228.47557725853397,224.50589342476198,226.62160795946636,11705087
2016-04-25,221.80125427246094,227.81032904719183,220.79792423588157,227.81032904719183,61157544
2016-04-26,221.81216430664062,223.3280648376199,219.75097696710816,221.47409551254177,26429236
2016-04-27,222.34654235839844,223.7751993083306,221.60495755141432,222.01937901414357,14502641
2016-04-28,217.39535522460938,222.30293678628,216.1411853001772,221.1687413234945,61949033
2016-04-29,214.34173583984375,217.79886389919764,213.50198743678092,216.6864648052678,23479680
2016-05-02,215.26873779296875,216.45746049868757,213.31660476540668,213.53471368021468,10620873
2016-05-03,212.8367462158203,217.01364832855614,212.17149947932916,215.4977477217923,17571826
2016-05-04,213.33840942382812,214.55984843108163,212.2260248707924,212.4550392246497,13546285
2016-05-05,212.7167510986328,214.50528754719713,211.76794837579484,213.75279737115613,21665684
2016-05-06,211.34266662597656,213.05486533406588,210.91733967046187,212.22603687512182,14748329
2016-05-09,214.42897033691406,215.0615006937766,212.18239047357187,212.66224460360706,15347096
2016-05-10,214.30902099609375,214.77796970444464,213.31659635284038,214.42898089450728,7248302
2016-05-11,212.74948120117188,213.91639287375813,211.57164952416315,211.96426008316607,12339923
2016-05-12,216.544677734375,216.85004473798344,212.6731430472298,212.88034649110296,12786216
2016-05-13,213.34933471679688,216.05395823304056,212.6622770313018,215.7049693870706,14648291
2016-05-16,212.8694610595703,214.29811809218634,211.81160373190966,213.09847541380296,9327335
2016-05-17,211.38626098632812,214.42896739641483,210.77554152738728,213.80734249285013,12157600
2016-05-18,211.69163513183594,212.11694748650254,210.28478904791865,210.67739962761758,8228838
2016-05-19,207.4711151123047,211.98610077559522,206.24967604591072,211.942478991796,9134784
2016-05-20,203.7631378173828,208.19087939694907,203.1415129106966,207.64559260301303,18544619
2016-05-23,202.84706115722656,205.1808992313783,201.89825830427725,204.45020528255208,18365734
2016-05-24,205.12635803222656,205.9006591491254,202.4217204452974,202.4217204452974,12283217
2016-05-25,207.4711151123047,207.82010394270637,205.27906223636222,207.17666807165998,9240115
2016-05-26,206.52227783203125,207.73282581106392,205.92246384458534,207.20934993256495,14190024
2016-05-27,212.59683227539062,213.07668648419988,206.93674534876115,207.00217802814305,13401594
2016-05-30,211.28811645507812,214.07998313787988,210.48108441582715,212.967598642701,9633652
2016-05-31,208.9215545654297,212.22600615689524,208.62710756500576,211.35354148007175,23332727
2016-06-01,207.99456787109375,210.72101641439144,207.60197186070434,208.94337068288078,9042808
2016-06-02,208.57260131835938,208.7689139120948,206.1406285493747,208.1909106972236,10253825
2016-06-03,209.31417846679688,210.0230469618925,208.48533551498704,209.39051658288335,8643295
2016-06-06,208.2563018798828,210.04483839971982,207.7655423333412,209.60860607390444,8672842
2016-06-07,208.31085205078125,209.59772372170954,207.55834720184268,208.79070620604446,18954268
2016-06-08,208.1036376953125,208.95427694783493,207.02395498248453,208.95427694783493,12135516
2016-06-09,211.82249450683594,212.97850076339014,208.5616646261698,209.39050754219335,15643495
2016-06-10,213.0330352783203,214.71253205722044,211.2008768286203,212.4441266852022,16316760
2016-06-13,213.99276733398438,214.50533786863613,210.0557847508055,211.5498745696847,10214469
2016-06-14,212.93490600585938,214.93066087638059,211.41900532234905,213.9600470562906,10923848
2016-06-15,214.75613403320312,215.1705409071771,212.38957987390376,213.75280406041324,11129082
2016-06-16,212.94578552246094,214.54892957930946,210.92822000547326,213.97092644806528,9372207
2016-06-17,212.64041137695312,213.45834882505432,211.5934595969869,213.0984546006891,10534878
2016-06-20,215.9775848388672,216.5010607423343,211.13543637179805,212.04060283820536,10758608
2016-06-21,215.30145263671875,216.83916415547142,213.68740299831282,216.82825870980668,13933068
2016-06-22,213.8618621826172,215.0396792805146,213.1202628543072,214.84338128420026,12788710
2016-06-23,213.8509979248047,214.189066761345,211.57168683970025,213.7419434614046,9837526
2016-06-24,207.525634765625,210.4592869790671,203.58866700142238,210.4592869790671,24985097
2016-06-27,208.44171142578125,209.04152546268156,205.137274220309,205.137274220309,9163399
2016-06-28,208.9106903076172,209.72862792339598,208.29997073744005,208.60533780253303,7604977
2016-06-29,210.89552307128906,211.3426609067809,209.39052787866078,209.82676026840912,7523987
2016-06-30,211.38626098632812,213.20752847853308,210.92821775212093,212.00788588989283,12758283
2016-07-01,212.3241424560547,213.05482175118198,211.57163771330676,212.17146624274557,6610193
2016-07-04,215.21417236328125,216.71916739015768,212.77129454574796,212.77129454574796,7803505
2016-07-05,216.61012268066406,218.74764814708362,213.81825595228082,215.08331669607767,11359882
2016-07-07,215.47593688964844,218.22418196050052,215.09423173647227,216.47926699742112,12029091
2016-07-08,213.4038543701172,215.7158671725365,212.9567165221003,215.2796493305767,7140617
2016-07-11,216.47927856445312,217.01365998345014,214.9524724301748,216.15210062139056,8266601
2016-07-12,218.85671997070312,219.2056942162327,216.1520822078074,217.07907416750916,9767494
2016-07-13,220.02365112304688,221.75766073842524,219.02032095867483,219.24933532749515,14915296
2016-07-14,219.1838836669922,221.1905438219378,217.73341577673185,219.8818612791514,10758372
2016-07-15,220.776123046875,222.69553964640693,218.87853189779895,220.07815999250292,13992989
2016-07-18,219.47833251953125,226.56707532190188,218.49681338935648,224.22233194203858,32106850
2016-07-19,221.99757385253906,223.1208638168102,217.08997796202542,219.42381601129358,16649300
2016-07-20,223.1317596435547,224.28776589326452,221.72491360758355,222.46651296174147,12265316
2016-07-21,219.50015258789062,223.56800005794813,219.20569101252173,223.34987659767313,6711097
2016-07-22,221.35414123535156,221.99757706497212,219.2275066120175,219.42381918648286,6899519
2016-07-25,223.0772247314453,223.2953336163233,219.71824598428452,221.16871374874017,8241568
2016-07-26,223.3607940673828,225.70553767153058,221.4304865160695,223.13177970977202,10516399
2016-07-27,220.97244262695312,223.78612038410625,220.06726152461027,223.14268453545603,11030767
2016-07-28,223.8624267578125,224.76760773179427,220.96150584746889,221.37592728037663,15610838
2016-07-29,221.3650665283203,223.54621401344878,220.73252152722608,223.3499014213819,9629597
2016-08-01,220.18722534179688,222.54287442689485,219.21661154877083,222.0412093617356,7978251
2016-08-02,220.90701293945312,222.4774408028136,219.4892613161394,219.86006103054618,7710138
2016-08-03,216.7955322265625,221.25597577475318,216.2611508539917,221.25597577475318,11872282
2016-08-04,216.5883026123047,218.11510853219008,214.49439901474827,217.8969996407805,10187608
2016-08-05,221.6595001220703,222.25931418807218,217.4716925456135,217.67889601132066,12109001
2016-08-08,224.49497985839844,225.53102619863375,222.18295284060696,222.455603511198,13556347
2016-08-09,224.8112335205078,225.64007640111723,222.69551910211632,224.00421608834083,13290768
2016-08-10,218.9112548828125,225.65100951633352,218.55136061946686,224.93123554964967,13471958
2016-08-11,221.19053649902344,223.09904758407637,218.02787013865404,218.54044060561066,14169454
2016-08-12,225.9236297607422,227.47226116073028,221.82306604022682,221.82306604022682,16365425
2016-08-16,223.5461883544922,227.88667193409114,221.49590645940378,226.02179716356284,13367575
2016-08-17,221.0160675048828,224.39684303904727,219.68555944665835,223.37170202107345,15486572
2016-08-18,222.05210876464844,223.2735477770104,221.60497094047827,221.60497094047827,7749690
2016-08-19,221.3650665283203,222.91368357236286,219.6637586771128,222.04121875430815,8177802
2016-08-22,220.6997833251953,222.41199645300998,219.68554780668342,220.73249966063074,6684236
2016-08-23,220.39443969726562,221.3868643652759,219.20570244876532,220.73250851031898,7320433
2016-08-24,222.58648681640625,222.90275929022746,220.51439396863023,220.66707020288533,8719596
2016-08-25,220.8851776123047,224.44045444299567,220.07814559846437,222.7391468592255,14960746
2016-08-26,224.20053100585938,224.8330613782724,221.29959526478325,222.0193837575349,9639663
2016-08-29,230.6458282470703,231.14749325710804,223.80791066416285,224.05875044918474,16193208
2016-08-30,232.59796142578125,233.05599009826088,229.67521491754115,231.63825318247834,18170724
2016-08-31,231.2020263671875,234.25563828343348,228.36652334781346,232.27078908187295,23295502
2016-09-01,224.48410034179688,233.98300561180895,223.7206900239731,229.67523808697118,42621045
2016-09-02,221.02696228027344,225.21476971578122,218.6167860918144,224.89849724507607,28124615
2016-09-06,222.45562744140625,223.5680120122679,221.38686465293074,222.45562744140625,11510431
2016-09-07,221.96485900878906,224.0151409394907,220.96152893376458,222.91366185799777,12927438
2016-09-08,225.40016174316406,225.95636856686406,222.52105141816577,223.14267635288076,12206479
2016-09-09,227.83213806152344,228.99904975967794,224.65856630672587,225.74913989229165,15269894
2016-09-12,228.2574920654297,230.32958503603754,224.47320040058517,224.7458365493452,33684893
2016-09-14,227.87579345703125,230.9839330024172,227.036059534669,228.5846765842298,18604842
2016-09-15,232.29261779785156,233.42681326863752,228.3665408728151,228.3665408728151,31371009
2016-09-16,234.5937042236328,238.58521346795038,231.00571099363268,232.72882949801365,39324529
2016-09-19,236.08779907226562,237.30925258705597,233.60129938288495,233.9393681764375,16678060
2016-09-20,234.2992706298828,236.60037783568936,233.17598064031816,236.43679615565773,11531268
2016-09-21,233.8739471435547,236.63309765406137,233.16507862631195,234.25565229591953,10943394
2016-09-22,237.51646423339844,239.01055392355443,235.34622237280945,236.21868711917966,18761415
2016-09-23,240.53736877441406,241.98783673646628,237.52737839301415,237.52737839301415,31085948
2016-09-26,241.4970703125,246.37195001629337,239.98116971879327,240.66822734039874,38213411
2016-09-27,242.21681213378906,245.58669624219195,241.36617294371084,243.63456353059317,19374535
2016-09-28,237.88723754882812,241.6715285784542,236.93843479039026,241.64971769021452,24820234
2016-09-29,233.91754150390625,242.27134473460742,232.8160625179267,238.83604244605863,21260295
2016-09-30,236.37136840820312,238.7379228953342,232.57615687234332,232.94695658148066,11199883
2016-10-03,237.89817810058594,241.66065879721748,234.7464169247979,237.091145996609,18125170
2016-10-04,239.13050842285156,241.7369825977741,238.18170558059822,238.41073448735253,13113580
2016-10-05,237.61459350585938,241.34437197880476,236.82938694734858,240.79908519761491,10789932
2016-10-06,242.28228759765625,245.65215753884016,238.18170914494164,238.18170914494164,21111045
2016-10-07,241.88966369628906,244.95416644191027,241.3443769039714,242.9802372809243,15280380
2016-10-10,239.13050842285156,244.72517647062278,238.61793794393364,242.98024701728107,11553662
2016-10-13,230.58038330078125,237.53824584338668,229.45707889029313,237.5273403994015,21938040
2016-10-14,235.05177307128906,236.00057598454413,231.56192846345715,231.8563900627462,15265659
2016-10-17,231.3437957763672,235.73882106229607,230.92937431476497,235.56431938582827,9826781
2016-10-18,235.80429077148438,236.16418506572515,231.64919917800785,232.51074401087524,11073137
2016-10-19,237.16748046875,238.7706392063159,235.86970332692013,236.5349500661773,17073242
2016-10-20,237.21107482910156,239.4903707880861,236.447664654893,238.607000733932,10125508
2016-10-21,232.1181182861328,239.27229411104634,230.85304297465063,239.27229411104634,43608816
2016-10-24,231.92181396484375,234.2556520990478,231.34381079403795,233.38318734009206,10513017
2016-10-25,231.38742065429688,232.34712892770003,229.93695279926723,232.2926017030756,7658966
2016-10-26,229.90426635742188,231.08209824247504,229.47893939004229,230.34049877114433,10945927
2016-10-27,228.73731994628906,229.8715153147331,227.58131368845213,229.26079585172525,12842476
2016-10-28,230.10055541992188,230.7658021388114,227.66856833413595,229.02088722237718,8127969
2016-11-01,229.23902893066406,230.31869728270755,228.45380764190023,229.30446161139287,10223897
2016-11-02,223.29534912109375,227.46136015158623,222.69553508602482,227.05784412653767,7039997
2016-11-03,223.3389892578125,225.69463837170628,222.60830982267387,223.31717836601754,7311872
2016-11-04,219.32568359375,223.98244003939422,218.1151354171956,222.53197205271658,11535892
2016-11-07,218.365966796875,221.7249313688768,217.90792352614616,221.1687390887076,9506040
2016-11-08,218.87852478027344,219.35837891455245,217.74431483379163,219.35837891455245,13432073
2016-11-09,219.1184539794922,220.07816228927382,202.84706361457168,207.2093727899421,21640144
2016-11-10,220.38351440429688,224.42955083103493,219.6419150514683,222.17205099875463,9764091
2016-11-11,218.49681091308594,221.93212782976445,217.04634312337697,217.64615712724017,14775330
2016-11-15,214.93064880371094,218.11512623681472,213.6546680053739,217.35173049490948,14487470
2016-11-16,215.18145751953125,217.41714646624354,213.9054913792178,217.02453589999087,16550762
2016-11-17,213.26205444335938,217.71159230367974,212.53136053786142,215.0614964756934,12628378
2016-11-18,215.38868713378906,216.5228825551867,214.18904448115077,214.84340031350146,18163751
2016-11-21,216.26113891601562,216.70826214266268,214.45077688029838,215.39957967636647,13232434
2016-11-22,218.431396484375,219.8164171631175,216.65375065322283,217.61345896353697,17646355
2016-11-23,220.07815551757812,220.4053334276661,218.0169681720391,219.20569079734793,13107911
2016-11-24,215.35597229003906,219.32567085243767,214.2326823060655,219.32567085243767,18913793
2016-11-25,216.74099731445312,217.22085147647007,214.70163532589027,215.93397978742965,10454964
2016-11-28,215.20327758789062,218.24598412611937,214.64708532864518,216.58831279346612,8312777
2016-11-29,217.61346435546875,219.05302685660882,215.50865511183503,215.71585857851105,9885281
2016-11-30,215.9448699951172,218.1042062918196,215.20327063341747,218.1042062918196,27596098
2016-12-01,217.62435913085938,221.38685416345433,217.02454509146204,218.11511871945842,12627845
2016-12-02,216.97003173828125,219.20570636261348,216.32659587742583,217.22085699115408,12481430
2016-12-05,216.7737274169922,218.049693655859,215.17056869430255,217.02455266257851,3987213
2016-12-06,219.24929809570312,219.54375965133346,216.93728566781272,217.24263810771973,6726369
2016-12-07,217.9297332763672,219.772797235121,217.319013771928,218.98759060370128,4930865
2016-12-08,222.4883270263672,222.87003215351368,219.06391544683692,219.21659167369296,8750556
2016-12-09,224.42955017089844,225.06208051585796,222.54285002058194,222.91364969590555,8239158
2016-12-12,224.04783630371094,227.21050246503756,222.58646310861394,222.58646310861394,9023848
2016-12-13,226.7960968017578,227.05784203938563,224.1241900010077,224.22233900511569,10365823
2016-12-14,231.09298706054688,232.1726552908185,226.44713621270844,226.79611047056923,24139260
2016-12-15,229.66432189941406,232.85970469511807,228.72642449453002,229.54436200251206,19331986
2016-12-16,230.58038330078125,231.63824048735304,229.45707889029313,229.45707889029313,14942206
2016-12-19,231.75823974609375,232.71794809985008,229.9696883886366,230.11147374453793,15009634
2016-12-20,230.74398803710938,231.42014019181653,229.70794163489361,230.04602499225058,11688169
2016-12-21,231.910888671875,232.79425880071662,230.5913007608954,231.22383110500155,20367894
2016-12-22,229.75155639648438,231.78002735864462,229.22808048883033,230.7657918775645,28892834
2016-12-23,230.61312866210938,233.15417023054383,229.4571077741469,229.4571077741469,10265033
2016-12-26,228.46469116210938,232.5107280122672,227.85397164057773,229.96968635445938,15321770
2016-12-27,232.22718811035156,232.7506640697548,228.3665438097478,228.55195094870814,17442849
2016-12-28,228.9554443359375,233.2850372135143,228.38834661333428,232.9251429541673,9637310
2016-12-29,232.39076232910156,233.1214562956236,228.91182330403737,229.0208923187473,8772325
2016-12-30,236.08779907226562,236.65491132985088,231.87818084023584,232.24898052865493,15711974
2017-01-02,236.67674255371094,237.74550537097053,233.8957664916517,236.43680818411772,7097888
2017-01-03,237.61459350585938,239.27227929828217,235.80424605151097,237.71275706567837,6434204
2017-01-04,232.76156616210938,238.39984173028458,232.13994119927543,238.37803083895733,10392483
2017-01-05,234.99722290039062,235.54250970213045,233.11053726397373,233.60129684154023,8734164
2017-01-06,234.4628448486328,236.65491209133418,234.05932882405543,234.29926317380685,7845839
2017-01-09,235.0626678466797,236.87303002381526,233.6013090424948,234.9099916110201,5228980
2017-01-10,237.71275329589844,238.70516328272092,235.56430797847543,235.56430797847543,11349916
2017-01-11,236.8839111328125,238.98872011962422,236.4367733571677,238.83604389964992,11475958
2017-01-12,236.28411865234375,237.82183011640626,235.52070836294743,237.0911361628406,4371992
2017-01-13,237.83273315429688,239.38135004796092,236.55675238979543,236.55675238979543,7234429
2017-01-16,234.74639892578125,238.6070283379646,234.24473390069468,237.73457818651454,12013154
2017-01-17,227.1123809814453,232.9469544645189,226.51256692094339,232.2926131766993,39234251
2017-01-18,225.21475219726562,228.58463642090047,224.38590930679072,227.40680475127732,15867619
2017-01-19,225.46560668945312,227.9957427433623,224.87668353620998,225.78186459618755,15284274
2017-01-20,223.7425079345703,226.28354965845992,223.3280864256083,225.52015387669454,8784907
2017-01-23,221.58316040039062,224.87669229680026,220.90700822033472,222.87004664760184,13708502
2017-01-24,224.06967163085938,224.3968349908142,221.82307709246723,221.82307709246723,9419288
2017-01-25,221.8885040283203,225.2474682433215,221.63766424862547,225.0947920226412,23856654
2017-01-27,223.58981323242188,224.41865618192324,222.25930524717114,222.53195593529892,21861796
2017-01-30,227.8866729736328,228.24656721941435,223.52437848418708,223.55709481925751,15678126
2017-01-31,227.97390747070312,229.84970218019618,226.90514478087738,228.33380170217706,15125194
2017-02-01,228.94451904296875,229.21716971520297,225.79275822557454,228.1702179242346,11312284
2017-02-02,227.60313415527344,229.19537282797552,226.45803329394766,229.0208857054899,9099129
2017-02-03,225.4547119140625,229.11904354762012,224.68039615815806,228.14842977134933,13219481
2017-02-06,227.19961547851562,227.9084839653648,225.10571179304637,226.18537997086602,9991907
2017-02-07,224.8548583984375,227.35227795892135,224.04784095514063,227.27593984833976,9905562
2017-02-08,223.60072326660156,226.45803730799202,222.91366564962914,224.85487860171116,16230826
2017-02-09,225.2583770751953,225.531027747659,223.96060005988468,224.22233072784405,9861688
2017-02-10,224.6912841796875,225.86910133056486,223.6879541444938,225.74914143853235,12518554
2017-02-13,224.62588500976562,225.5310661773769,222.9136862517605,225.31294269023726,8565757
2017-02-14,228.97723388671875,229.65340056065762,224.63675052823652,225.7491349789025,18244623
2017-02-15,229.30442810058594,230.65674698471244,227.98482555204262,229.6534169068137,15236663
2017-02-16,232.837890625,233.26321754094187,229.57707520279018,229.57707520279018,19655195
2017-02-17,234.58279418945312,235.17171731234387,230.86393569567684,232.61977049983932,14847356
2017-02-20,234.5609893798828,235.31349418974352,232.61977652895155,233.50313211617075,11650581
2017-02-21,237.35287475585938,237.95268878928093,234.0484230095452,234.5173717033126,14186476
2017-02-22,263.37396240234375,264.27912873475117,238.1816609774213,238.39978439824546,127323130
2017-02-23,257.9755859375,266.5366055146952,257.2339867539453,264.70443300003336,62249698
2017-02-27,270.2228698730469,274.12710707564094,259.6333755734562,259.6660773529102,83422197
2017-02-28,270.0374450683594,272.2077015775386,267.9544321253768,268.71784244961253,36111716
2017-03-01,269.26312255859375,271.42245889117874,268.28160339650844,270.48456150874114,24385665
2017-03-02,269.75390625,273.66906324335594,267.63819150796195,270.0047169453847,18063590
2017-03-03,274.5087585449219,280.8886327717915,270.800820104699,270.800820104699,84305639
2017-03-06,284.71661376953125,286.16708189554294,275.97021234563056,276.7881354278112,66724743
2017-03-07,284.62933349609375,289.4387660264565,282.70991683816817,287.6611347207693,42071555
2017-03-08,281.6302185058594,285.2291023287309,280.51783411551656,285.2291023287309,43336972
2017-03-09,280.65960693359375,283.11340473985325,279.51452070401393,281.36850450430023,31094457
2017-03-10,279.5472412109375,282.67720590423187,275.0867830828697,281.42303602587214,24785585
2017-03-14,281.2594909667969,287.69390864746225,280.3325133958633,287.63936685151594,27765035
2017-03-15,284.62933349609375,287.1049424373943,281.4557760391947,281.59753227141823,24107889
2017-03-16,283.03704833984375,285.8180091575145,282.15366376010695,285.73076561186275,15924023
2017-03-17,283.70233154296875,287.9010296392679,283.124328418439,285.2945555765743,22727289
2017-03-20,279.36181640625,284.91284724476634,278.8274351208135,284.858305467881,12869337
2017-03-21,275.6539001464844,280.0380056743551,274.67238094113867,279.6672205310077,22596181
2017-03-22,274.75958251953125,276.11188666158495,271.8913780195265,273.0800859456828,20291685
2017-03-23,277.7259826660156,278.65296004986203,274.3888291401525,275.51210453375325,11807911
2017-03-24,280.65960693359375,281.8047222831855,276.6680977767457,277.9004566821145,16282523
2017-03-27,272.8838195800781,278.9147199395627,272.03316575085495,277.2461140560793,32452615
2017-03-28,271.7168884277344,275.69747727130755,270.92074736301197,274.38879491616166,21707345
2017-03-29,274.0943298339844,274.825009107492,269.0122475698726,273.0146472489437,18924345
2017-03-30,277.1479797363281,278.0422553459146,273.29825573311905,273.73447353291084,27862325
2017-03-31,288.1082763671875,291.76170259699813,276.1337475475613,276.1337475475613,45390562
2017-04-03,299.8319396972656,301.1079204149999,291.63081227253303,292.71049498446496,44886623
2017-04-05,308.63287353515625,309.2872293250443,301.0206694355143,304.3142010339264,40323877
2017-04-06,313.7585754394531,316.0269661161793,305.841018959726,307.32418851912024,50620850
2017-04-07,306.8007507324219,312.7771100135423,305.91739502379556,310.0070684185835,31875272
2017-04-10,301.2933044433594,310.792193627303,300.409919804937,307.54228397584944,30768410
2017-04-11,299.3303527832031,305.45938876335964,298.83959310450695,302.71112873865724,32249647
2017-04-12,295.3278503417969,302.4057021648282,294.70622545034604,301.6095610427846,27448279
2017-04-13,297.68353271484375,299.5592983934516,293.8774013320534,295.32786921145197,12713918
2017-04-17,303.58355712890625,304.3905892359677,297.7271725898525,297.7271725898525,11837502
2017-04-18,298.8613586425781,307.54232616249385,298.1633810152431,305.3502879516684,16016414
2017-04-19,298.5559997558594,301.5550993963854,296.1022015481623,298.59962154088436,11572557
2017-04-20,298.71954345703125,302.48202367357453,297.53080634420576,300.78074523688343,8393496
2017-04-21,305.90643310546875,309.9415637718871,300.68256539061576,301.10789225675256,30230907
2017-04-24,309.1563720703125,312.9952051139542,305.4047825849342,307.3350899915316,25512511
2017-04-25,312.5153503417969,320.1384749846657,311.0539915557881,318.448087288009,36764315
2017-04-26,308.9491882324219,314.0967043393965,305.928306893378,312.995239734481,16763153
2017-04-27,307.43328857421875,310.6286861796481,305.8410643345287,309.06916371802555,12571594
2017-04-28,304.314208984375,309.78888786542814,303.3981225026031,307.48779533622826,11848658
2017-05-02,298.9376525878906,305.79736636197384,298.01067525842427,305.79736636197384,18591411
2017-05-03,298.8395080566406,301.16241130403563,297.7271236508428,300.32267755770084,9500038
2017-05-04,296.1894836425781,300.9116730615425,295.338829687565,299.9083428540943,14365934
2017-05-05,289.71142578125,298.23974655293347,289.0025572379298,296.98557659474193,15598448
2017-05-08,288.2173156738281,292.16520329004334,287.55206896104283,290.0931104757881,16066733
2017-05-09,290.1694641113281,290.8892234921245,287.96647682824334,288.78442889553264,21106150
2017-05-10,296.4402770996094,297.4217963567215,290.23491818388015,291.1400847592102,22906024
2017-05-11,296.5384521484375,298.763221451979,294.8153333788241,297.53086232991257,13783848
2017-05-12,294.5535583496094,297.5090066766222,293.1576323017237,296.6474619814442,7523427
2017-05-15,293.16851806640625,295.8513447878458,290.8565055799695,295.8513447878458,6738085
2017-05-16,295.8294982910156,300.3226573883644,292.4923161777331,293.5938096255828,12655992
2017-05-17,295.131591796875,297.9343641852991,293.9646654088469,295.10978090513663,9844573
2017-05-18,289.51507568359375,294.4553728265061,288.806207267769,292.3287675790319,9790379
2017-05-19,287.6611633300781,291.3364007680988,285.7308555946252,290.74750664949414,12813204
2017-05-22,288.8171691894531,290.8783714002991,286.86505056480485,289.32973974050793,8801430
2017-05-23,284.7602233886719,290.06044510595825,283.98592212742875,289.1552493667427,9223001
2017-05-24,283.04803466796875,286.5378941508673,282.48095143000967,285.1855604972358,14326531
2017-05-25,284.0840759277344,286.2543033858169,282.77536415319435,283.54969450780237,25922008
2017-05-26,291.6853942871094,293.23399677759835,283.54969840886093,284.4112432242728,21430443
2017-05-29,295.96038818359375,297.82526281349783,291.31452337504686,291.61990493129684,24022633
2017-05-30,296.4947814941406,297.661707745534,294.1282272175831,295.7422912572665,9658309
2017-05-31,292.42694091796875,298.3705979337097,291.35817815007647,298.16337991135885,16423338
2017-06-01,289.71142578125,292.27427836711075,288.56633940204534,290.6820541461166,9534069
2017-06-02,288.94805908203125,291.99078086685734,287.2576710326924,291.1837486285866,11495005
2017-06-05,289.95135498046875,292.49239675682173,287.0068262528644,289.27521731295246,10835031
2017-06-06,286.3415222167969,290.95465656746495,285.94892619036233,290.95465656746495,9591064
2017-06-07,292.05615234375,292.71050817926755,285.51271046863064,285.99255005999987,11199223
2017-06-08,290.46392822265625,293.32124252691807,289.6678160789554,292.2742905571139,7903123
2017-06-09,291.3363342285156,295.0988143803336,290.3111933583966,293.3866159687537,13836547
2017-06-12,287.7920227050781,290.038632026423,287.25764127078133,289.3406543359069,8432435
2017-06-13,286.6795959472656,289.43874628483593,285.94891658482817,288.0428202288354,6025338
2017-06-14,296.0912780761719,296.6365503289753,287.01768570940146,287.01768570940146,52939271
2017-06-15,301.86041259765625,304.2705887065898,296.4402463537665,296.6365443608263,28290813
2017-06-16,302.9182434082031,304.4450345986029,298.66497489778385,302.98367606836274,32710880
2017-06-19,307.37872314453125,308.80738014397826,303.2236466084416,303.2236466084416,15236956
2017-06-20,308.05487060546875,310.1815050838986,306.9861079240045,307.3241912636536,10142474
2017-06-21,310.15966796875,311.46835031865766,306.28810445692517,307.0624346312959,19992472
2017-06-22,312.482666015625,315.2636275144517,311.40298319371925,311.784688359443,22118609
2017-06-23,313.1805725097656,314.52198585265955,312.0354862863288,313.2133034030124,31143289
2017-06-27,313.4641418457031,314.7401226352008,310.8140458182937,312.34086641154175,32591540
2017-06-28,305.0340270996094,314.074889223181,304.39059123489363,314.074889223181,15567803
2017-06-29,303.7688903808594,307.5422905415671,303.2018072843435,305.36114346879157,12898245
2017-06-30,300.99884033203125,303.7034486438776,299.9191577120531,303.61620509317356,7814271
2017-07-03,301.22784423828125,304.2051323670682,299.0358063166584,302.78736640859466,9195278
2017-07-04,310.1488037109375,311.2721082818491,302.9619258182576,303.18003472910993,18816782
2017-07-05,314.663818359375,315.7107703000372,310.5959559432503,311.7846932425498,27209010
2017-07-06,314.64202880859375,316.2669840600454,313.64958947085097,315.9834133235371,13590313
2017-07-07,325.2424011230469,326.68194916082825,314.0858237501943,314.74015053099635,35845310
2017-07-10,325.6131896972656,327.3690393774526,324.79526665271794,326.1039493479977,3504540
2017-07-11,325.9403381347656,328.1323762569308,324.3371940418335,327.3908059978966,20995547
2017-07-12,329.59381103515625,332.625612532755,326.62744221678514,327.04184918522674,17104482
2017-07-13,334.6321716308594,335.26974492424296,331.12557722025053,331.69719769206,23010262
2017-07-14,337.19342041015625,337.6880812587091,333.19216507304014,334.170509308723,20530867
2017-07-17,341.15069580078125,342.8765053065951,337.90791271272013,337.90791271272013,18749450
2017-07-18,334.1485900878906,341.16175107886903,332.19193058709504,340.062507796024,19640167
2017-07-19,337.01751708984375,338.12776687565776,332.5435855651652,332.5435855651652,11790198
2017-07-20,336.1271667480469,340.7659660180265,334.9839257847286,338.51250452999676,13626050
2017-07-21,348.460693359375,349.93366907014655,339.6557421270225,340.7659626407307,97142371
2017-07-24,355.1111755371094,357.23270229695584,348.46074095327907,351.75847056104095,43429394
2017-07-25,352.23114013671875,357.24370195476524,351.23081152501555,357.18872658756004,20063064
2017-07-26,356.7599792480469,358.33189887783334,352.0002518103649,352.681793660867,21954323
2017-07-27,350.6152648925781,358.68370016015956,349.1972349728015,357.91425045104086,18409364
2017-07-28,350.53826904296875,353.0665487377584,346.92175305334956,349.83474288721385,14331863
2017-07-31,355.10015869140625,355.8916219933319,350.8790602164746,352.1871686895664,16567422
2017-08-01,352.5499267578125,356.76001845260976,349.88974123745953,356.76001845260976,12311920
2017-08-02,358.1780090332031,359.6070162054877,353.5391804266931,353.95691098734613,20786240
2017-08-03,362.77288818359375,366.0266786006533,355.50689381672566,357.66141167569447,19707381
2017-08-04,356.62811279296875,365.60893926253345,355.0781772670211,365.60893926253345,18579866
2017-08-07,355.35296630859375,358.7056415909039,354.51753451555027,358.7056415909039,9537088
2017-08-08,352.3190612792969,356.3862696685581,348.8564351443782,355.7157345874601,10961296
2017-08-09,351.4945983886719,356.1554114571411,348.4607097285341,352.08820316656966,10436651
2017-08-10,348.31781005859375,353.2204503327047,346.9107870521037,350.2305007613479,10188164
2017-08-11,339.9415588378906,347.36144256565643,337.02853961889866,340.9748491325664,16996281
2017-08-14,345.8334655761719,348.3507382987404,343.1842872111325,343.1842872111325,13440617
2017-08-16,344.30560302734375,346.48210520503886,340.8099854953141,345.6027047526509,13576650
2017-08-17,344.52545166015625,351.24183934212317,343.21734309809506,344.9431529401772,15828719
2017-08-18,346.3501892089844,346.8778412499965,341.4585551099161,343.8439227308212,7935890
2017-08-21,343.93182373046875,348.27385040535904,343.01946158325046,346.7019306140107,7573558
2017-08-22,342.9754638671875,347.33944509592527,342.09606353362403,345.60265805485136,9533641
2017-08-23,347.8121337890625,348.8014555298424,341.45850211335465,344.03075037998343,8320052
2017-08-24,344.7342529296875,350.2414754216198,343.95379646717896,349.5599628754376,12654347
2017-08-28,344.4045104980469,347.7901772211408,343.2283076476144,347.15263318614853,12316426
2017-08-29,336.8417053222656,344.61336720844696,336.3690287013287,343.37121155779795,15164812
2017-08-30,343.8658447265625,344.8991349911947,338.84230586501064,340.22734452560223,10334911
2017-08-31,350.5492858886719,351.1978366994043,346.04236259993326,346.2622053575539,25104625
2017-09-01,353.9789123535156,355.4079195948004,351.53859910026716,351.7254507639491,15431918
2017-09-04,354.6934509277344,359.70601293106546,350.84608497778424,355.1661275674554,21560532
2017-09-05,358.925537109375,359.4201979998934,356.3862798281477,358.35391657636336,25216776
2017-09-06,361.73956298828125,363.30050521525425,356.77099943555487,357.56243333503215,48745984
2017-09-07,359.71697998046875,366.0486571471458,358.3539254700023,361.8715271572122,16205339
2017-09-08,359.1893615722656,361.98145280788725,357.07881227566315,360.5524160987992,13248413
2017-09-11,359.6289978027344,363.5643002551419,359.0354224046733,361.1239871378895,12690592
2017-09-12,362.2012634277344,362.7508703043641,359.23329823942754,361.7615485749285,6500191
2017-09-13,373.30364990234375,378.0963393329069,361.4317889996409,362.3111893648229,29377106
2017-09-14,371.0392150878906,378.799899798418,370.2257968265762,376.29363347946594,11867640
2017-09-15,370.1377868652344,374.9964286055112,367.0379163169201,370.22572395725757,28595395
2017-09-18,371.78668212890625,374.2050405095932,370.70942326846944,373.74334136854714,5061995
2017-09-19,368.73077392578125,373.1937285783475,368.0272771147383,373.17174430300236,7718697
2017-09-20,372.4902038574219,383.63655436704994,371.588819213282,376.42550656543386,24942703
2017-09-21,369.9399108886719,374.49080230392065,367.697456267361,372.4242218722812,12950541
2017-09-22,359.4091796875,369.3023971813547,357.56244184178007,369.3023971813547,12294087
2017-09-25,361.23394775390625,364.048023186431,354.04488391361116,358.3539194922093,14229631
2017-09-26,360.59637451171875,363.65227698559784,357.1227707862714,361.2999007079691,10564143
2017-09-27,351.38470458984375,363.0587077764853,349.7798230336181,363.01473922293127,18448855
2017-09-28,345.800537109375,353.03356932788677,343.05241457234666,351.6045620454738,29547622
2017-09-29,343.3602294921875,348.8564453060825,342.5687661965656,348.1309348391371,16666208
2017-10-03,351.03289794921875,353.45122669666364,345.31681082607685,349.55992229792037,18345748
2017-10-04,360.0467224121094,362.72886249907623,349.82374165494014,351.40663870845333,18907611
2017-10-05,362.3771667480469,364.26787325859016,359.9588375935405,362.7508994541874,10631751
2017-10-06,368.0492248535156,369.06053077049916,361.6955644489999,362.3111534490549,12997688
2017-10-09,365.2351989746094,369.2584389106859,364.07000298871617,368.90666114125344,8850408
2017-10-10,370.75335693359375,372.5561260737543,365.3890474118601,365.3890474118601,14732024
2017-10-11,369.4123229980469,377.4368184671019,367.5875694059078,371.6767621056397,15420644
2017-10-12,383.7464599609375,385.52724490054436,370.26971810699587,370.26971810699587,18642942
2017-10-13,385.37335205078125,391.6390468293051,384.0102975852104,386.6265144876887,21509701
2017-10-16,385.5272216796875,392.2106168420422,378.7118915266222,386.49455905206776,32009221
2017-10-17,384.45001220703125,388.6930948847174,381.30614333029655,386.0548937079238,13898844
2017-10-18,402.1038513183594,403.59881131458104,384.7357757350589,385.79105024753915,36671941
2017-10-19,400.08123779296875,405.357610334306,397.0473199127622,402.67544083968835,8014767
2017-10-23,413.2061767578125,415.3827078170376,399.72943597723133,401.4002994111317,27455320
2017-10-24,410.7878723144531,416.7018181492623,408.1277164485432,416.7018181492623,13857773
2017-10-25,413.272216796875,415.9103886022918,408.69934066184766,413.36015390028865,10011782
2017-10-26,416.5699768066406,421.1428239258228,409.3589283368881,413.3162156869909,16840049
2017-10-27,408.8531799316406,420.6590868200903,407.0284265589064,417.7131061662602,11498547
2017-10-30,414.4154357910156,415.75650599319505,409.18303128823794,410.67799142410144,7823263
2017-10-31,413.68988037109375,415.8443979115637,409.8864835887435,415.49264952993616,9504986
2017-11-01,418.83441162109375,421.14281943352836,415.84446186294304,416.72386230375264,17571371
2017-11-02,416.21820068359375,420.5712343970542,415.18491028699304,418.94433915495716,10277678
2017-11-03,415.64654541015625,420.32931321375895,413.3821064679399,420.32931321375895,4798537
2017-11-06,410.0184326171875,414.4154346102954,408.4795039332275,414.4154346102954,9757496
2017-11-07,398.6741943359375,411.11764596845586,397.0693129398096,410.3921649071863,20447574
2017-11-08,390.3639221191406,398.3664332566556,388.7370563717959,396.82750461178887,17752793
2017-11-09,395.9481201171875,400.08128150544513,392.23265998245427,393.4198402650277,15007224
2017-11-10,388.62713623046875,396.1459639767803,386.5825398883443,396.1459639767803,13923102
2017-11-13,384.8457336425781,392.16670310241875,384.0762546214768,389.1327849220655,9088619
2017-11-14,389.8802795410156,393.5297574558687,383.85641173480246,384.73581213699094,12481463
2017-11-15,388.5611267089844,391.5950150144635,386.0328473190869,388.9128750686924,15272059
2017-11-16,397.4210510253906,398.36640415948153,389.3525876503477,389.3525876503477,15160866
2017-11-17,400.9606628417969,406.67672121771665,399.4656734078237,404.0605337355176,12219276
2017-11-20,404.89593505859375,406.4348930391286,397.92674364990773,398.45436625934656,9231195
2017-11-21,410.04034423828125,413.16219895689915,406.9404737919459,407.5120942227907,13082246
2017-11-22,409.24896240234375,412.722565918559,406.03914083551564,412.1949139652783,11058315
2017-11-23,416.3940734863281,417.6691908418121,407.4462090190028,409.35889972798043,16031638
2017-11-24,418.1968078613281,421.89028357421563,416.56994211274895,417.71315379733244,13987125
2017-11-27,418.30670166015625,421.01085543962597,415.07492530020517,416.50396182534405,10237135
2017-11-28,414.7891540527344,418.30672618333006,412.48074642479656,417.6471979190636,10153618
2017-11-29,415.95428466796875,417.71308513275244,413.7557987627382,414.1295313871181,8038351
2017-11-30,405.2037048339844,413.9536804010444,404.3023202790737,413.9536804010444,20637767
2017-12-01,400.1691589355469,409.4687706723062,399.1138844693508,406.47882145950064,11114967
2017-12-04,396.4317321777344,401.7960418329414,394.563010170205,401.664136187916,10103208
2017-12-05,401.7520751953125,404.8519459226566,393.7276096242593,396.18990704611383,18306627
2017-12-06,407.44622802734375,409.05110959665984,399.59760634189985,400.1252583403562,24078081
2017-12-07,409.6007385253906,411.5573978424175,405.841309827271,408.94118087702634,12095301
2017-12-08,404.9619140625,411.9751038268248,404.1045272667384,410.61204931282754,12224184
2017-12-11,402.829345703125,407.16039461887163,401.6861340560478,405.59945239690927,10792248
2017-12-12,402.5875244140625,408.47948628420266,399.2458265248869,402.74141434065905,15782031
2017-12-13,402.16986083984375,406.69873936687645,400.43304423120264,403.1591826692399,9147866
2017-12-14,405.1817626953125,406.6767227835391,399.5755963235818,404.082519566807,10983157
2017-12-15,404.4122619628906,410.2162865025176,403.5108773626947,409.35887045103846,24408414
2017-12-18,404.9619140625,410.0843973177775,379.30555858398816,400.98267190458023,18581421
2017-12-19,407.1383972167969,407.6000669751246,404.52218053177035,406.1051069776101,8891691
2017-12-20,403.7087707519531,407.77597926606916,403.203132397973,407.116450978269,10443493
2017-12-21,401.42230224609375,406.2589892377491,400.1252007408886,403.8406310661712,9071450
2017-12-22,404.69805908203125,405.5774594112423,399.81740339823574,402.16980881811315,10658428
2017-12-26,408.83123779296875,412.83249332087905,403.708754868408,406.6547358258531,11596338
2017-12-27,406.1711120605469,412.21693500261443,404.0825470392404,410.23832071798626,9520350
2017-12-28,406.3689270019531,410.8538364423893,404.12647228173506,406.8305967702033,15511891
2017-12-29,404.98388671875,409.9304956175748,403.8626592818835,407.3802608772716,11089700
2018-01-01,400.01531982421875,405.7093940695705,399.0259980520491,405.7093940695705,9453202
2018-01-02,400.6308898925781,404.3243657644046,398.54232491426063,401.4443374776237,9499419
2018-01-03,402.23577880859375,407.1604032514544,401.4662998187556,406.7206883923315,13507800
2018-01-04,404.6541442871094,405.3137019595081,402.63153206669205,403.70879100899003,9008932
2018-01-05,405.9512023925781,407.5561131706841,404.63211654099234,405.3136584175376,7441284
2018-01-08,408.2816467285156,409.35890561611836,406.06117612456933,407.20438784091283,8827020
2018-01-09,413.7338562011719,415.03095773275516,406.2809817737514,408.1057058870631,14294571
2018-01-10,414.34942626953125,416.5698965690251,411.3374927821635,414.6352218215553,11727682
2018-01-11,412.326904296875,414.4814222462539,411.1177103025346,414.10766016833725,7849171
2018-01-12,417.2734680175781,418.9443317853938,412.54673102033144,414.63529605434854,15071161
2018-01-15,417.3393859863281,421.4505628794267,415.6025988835957,417.713148018475,11120925
2018-01-16,405.8193054199219,416.701844644829,404.52220381560244,416.701844644829,10825151
2018-01-17,406.5008239746094,408.47946735645695,398.8060931893132,407.1603815523922,13204016
2018-01-18,404.3902893066406,408.7432931606718,402.3676773045552,408.4794818607916,9381821
2018-01-19,409.49078369140625,410.8538380784073,405.4455597284336,405.8412766742237,9973533
2018-01-22,427.1666564941406,428.3978052812969,413.31618127350276,416.8337534298782,45700733
2018-01-23,432.3330993652344,435.7187657999639,428.7056059033461,428.7056059033461,22526810
2018-01-24,424.9022521972656,431.6735857569043,423.2753569639145,431.6735857569043,14289485
2018-01-25,424.7043762207031,427.3865166606427,420.4172955393989,425.58374728199215,13669901
2018-01-29,424.0887756347656,429.7168970320304,421.80235223436125,424.83627036811043,9897064
2018-01-30,417.8890075683594,424.6603695937107,417.2734185291451,424.6603695937107,9182956
2018-01-31,422.6817321777344,424.08875512111547,413.997679439338,417.7131392989015,12551686
2018-02-01,415.0090026855469,427.6503134810664,411.82119464193335,423.5391658544019,16524809
2018-02-02,397.640869140625,415.0529120567235,396.16789352142234,411.1176098459672,28965593
2018-02-05,396.6735534667969,401.2244449119785,387.7257191964092,393.09002877417123,19191099
2018-02-06,392.254638671875,394.8488713165877,382.97700995694254,385.61521115403156,24062503
2018-02-07,393.26593017578125,398.10261751571784,391.33125523980664,396.84948446786,15532284
2018-02-08,397.7289123535156,400.41108238725053,392.3646016375524,394.8049446075877,13825894
2018-02-09,394.78289794921875,396.60762212940665,389.5724486546818,390.89156386035035,11580639
2018-02-12,402.5435485839844,403.73072877633416,396.6296025455643,397.0473331188459,11877059
2018-02-14,410.5240478515625,414.41538164372116,404.9618505804261,405.8412508666512,22247829
2018-02-15,411.4035339355469,415.8444754880624,408.1057748365837,412.28293440517,13363743
2018-02-16,405.0937805175781,414.4593450190421,403.6867283365745,413.14022993041374,9628162
2018-02-19,407.60009765625,409.79858394534585,401.6861513406502,404.96189649843313,8941900
2018-02-20,405.0058288574219,408.72128855189936,403.9945522581919,408.47946153904,8458450
2018-02-21,408.63336181640625,410.0184004584889,405.4675382405737,408.919157384304,11917390
2018-02-22,406.43487548828125,409.3588720438302,404.52218490865516,405.4015852379144,11196908
2018-02-23,410.7878723144531,412.4367515729764,405.73134252001597,406.89653839741874,10610664
2018-02-26,412.7445373535156,415.4706754324035,411.8211684776262,412.8764429998568,8435611
2018-02-27,417.9329528808594,420.2633445577793,412.5906277020147,412.87642325542,14021366
2018-02-28,419.7137756347656,420.8350030278222,414.7231983785712,415.9323628729262,56650480
2018-03-01,417.0096740722656,422.0662047892978,415.9324150946048,417.603278932061,8956590
2018-03-05,406.3249206542969,417.77904956283504,405.22567767112326,414.6352105217487,12325694
2018-03-06,400.49896240234375,411.6453128884909,397.9707120301943,408.47948917870684,16019726
2018-03-07,391.2213439941406,399.79544642431404,390.47384926054247,399.79544642431404,15853546
2018-03-08,400.7627868652344,402.1038864106876,392.7822891783494,394.69495055104676,13283967
2018-03-09,401.48828125,404.2364037076672,400.58689661426115,402.27974450961244,10638527
2018-03-12,409.0510559082031,410.28223395917274,403.44491926263026,404.5221780436031,8315150
2018-03-13,409.73260498046875,411.5573584635263,405.11578993817983,409.7545892549272,11148731
2018-03-14,408.50146484375,409.8205506904809,404.1704452784072,408.39154346914756,14724464
2018-03-15,400.91668701171875,408.6773714867615,400.1252530517518,406.7207121605015,12711836
2018-03-16,395.750244140625,399.99332672388886,389.5944708832624,399.68551751496886,30814962
2018-03-19,393.7496337890625,398.76216623768994,392.21067573086674,396.1679629073655,12630833
2018-03-20,391.2432556152344,397.4869649328683,390.03409131135777,392.7822133485303,15192983
2018-03-21,394.3651428222656,396.76148735593546,392.7822457661031,393.4637582500549,14715126
2018-03-22,399.31182861328125,400.98269243975307,393.8595809265666,393.96950231626795,22129723
2018-03-23,393.04608154296875,395.728221801563,390.93553243556585,391.5950606869405,23469999
2018-03-26,396.2119140625,397.6189370483925,392.43050126406655,393.06807460615215,13227705
2018-03-27,395.6402587890625,400.4549614662703,394.4091101156281,398.8940486887464,15179544
2018-03-28,388.1214904785156,393.9035314207151,386.93431017267153,393.88154714378294,19160609
2018-04-02,392.62835693359375,396.14595840040124,389.79232670657075,392.6503412089737,12494499
2018-04-03,395.5303955078125,396.4757487632019,389.2427162241091,391.7709961145938,13922126
2018-04-04,393.48577880859375,400.91666945676945,392.2326457420129,397.7948142524174,14214534
2018-04-05,399.33380126953125,400.1252646038529,397.26722050027786,397.97074672539765,8527915
2018-04-06,400.5649108886719,403.8626402150307,397.9267391681857,399.2458250284288,9664888
2018-04-09,402.763427734375,404.08254304643236,401.2464832824648,401.2464832824648,7813897
2018-04-10,403.22509765625,406.2370314163251,401.9499803418064,403.8186730872744,8455132
2018-04-11,409.29290771484375,410.12831012022974,402.7853572018601,405.3136367463454,13140816
2018-04-12,408.34759521484375,411.84318315544266,406.36895167065467,408.8532335631459,10822592
2018-04-13,412.8105773925781,414.06371064907415,408.347651342466,410.10642301676455,12616816
2018-04-16,412.01904296875,413.3161739112137,408.2596438473364,410.8758313045042,8934275
2018-04-17,415.1849060058594,416.4820370712529,411.5574121921365,413.31621308142917,9599816
2018-04-18,412.436767578125,416.92167706918997,411.1396366544429,415.62457549700974,7360987
2018-04-19,414.3274841308594,415.5146643576494,411.11766250647923,412.92043179788385,9802587
2018-04-20,407.99578857421875,414.12957725683026,405.0498370939298,412.43675877211217,7326696
2018-04-23,411.557373046875,415.228835066044,408.2596437067435,408.9191719638684,7674482
2018-04-24,426.5290832519531,429.0133944540038,411.11766575439253,411.46944351616685,19921115
2018-04-25,426.7269592285156,431.69552279157006,423.67105694467574,428.1119979069819,14079382
2018-04-26,428.8595275878906,434.42169638194673,423.0994709509119,427.8262372256467,34096999
2018-04-27,438.0711669921875,444.53471994533214,433.3224168389882,435.2131231902759,25518647
2018-04-30,423.5611267089844,436.4442638257751,422.11010588427666,431.78348021065676,19406069
2018-05-02,427.6943359375,430.55235065688134,424.33062414298183,425.18804029939815,13381914
2018-05-03,422.81365966796875,429.9807391073415,421.78036934405463,429.9807391073415,8634812
2018-05-04,419.449951171875,424.17668762438456,417.7131347727149,423.36324011139175,8302649
2018-05-07,426.94677734375,427.93609901457063,420.50520902228476,421.6044520619188,7683268
2018-05-08,425.2319641113281,431.78348344312815,424.3965323198635,429.8048400138968,10792648
2018-05-09,429.4530944824219,432.79479254745905,423.099462498123,424.7043733772384,9831044
2018-05-10,431.4096984863281,432.92667206546025,428.37578067956395,430.90406019428417,8781584
2018-05-11,434.9712829589844,435.8726382057994,429.91475310958987,431.4536816629702,8774740
2018-05-14,433.80609130859375,436.15849689669636,429.4530872516334,436.15849689669636,5642499
2018-05-15,430.4423828125,439.6980266146841,429.43107682589437,432.2451520389496,10501479
2018-05-16,420.4172668457031,428.26588784406755,418.7904011418488,428.26588784406755,18840763
2018-05-17,415.6685791015625,422.11014830735087,413.97573108643536,421.82435270920104,10353948
2018-05-18,410.6120300292969,419.25208522362976,409.7985824738615,415.77848159557163,11440117
2018-05-21,409.51275634765625,411.425446901046,405.4455482253105,409.24894505794754,14491208
2018-05-22,407.4901428222656,410.67795061488795,406.7206638788049,410.30421795593594,11310073
2018-05-23,401.11456298828125,407.1604150015514,399.7514791723163,407.1604150015514,9991028
2018-05-24,402.6974182128906,404.9618571093157,400.1911523055173,401.8839707336553,11632489
2018-05-25,404.8739318847656,406.0171435033568,402.08187033713955,402.7633828425202,17782410
2018-05-28,404.69805908203125,407.60007136297725,403.68675310616374,406.67670248488076,11369679
2018-05-29,403.40093994140625,408.0397390524784,402.0598699073972,405.18172479659034,17878384
2018-05-30,402.807373046875,405.9292282293453,398.6302432865486,402.25776615814925,13105124
2018-05-31,405.11578369140625,405.5334848996768,402.12583435665135,404.96186442106887,37080158
2018-06-01,409.16107177734375,411.44749534776264,403.8407004960732,404.52224245228683,19174278
2018-06-04,413.68988037109375,415.0749189752529,409.16100255163656,410.4141355126854,12250151
2018-06-05,416.6799011230469,419.91167798794737,413.7559041448496,414.54736749073487,17436812
2018-06-06,419.6478576660156,420.3513545348371,414.48140577808334,416.39409659320154,9164022
2018-06-07,427.1007080078125,429.14530436580736,419.66981730657943,419.86767578932023,14999572
2018-06-08,432.8167419433594,433.78404996074806,422.37388934369153,424.9021688072741,14289325
2018-06-11,432.0693054199219,439.67607040391886,430.4863788391981,434.0259646939955,15018718
2018-06-12,438.44488525390625,439.6980182380766,431.03597936866976,432.3990337241269,16285583
2018-06-13,440.79730224609375,442.2922917374588,435.08124365073724,439.6980590796212,12962502
2018-06-14,443.19366455078125,444.88648313201196,434.15786307013644,438.57681989400896,11997529
2018-06-15,445.9417419433594,450.0309344869239,439.36826762935056,442.336232799825,24705890
2018-06-18,446.53533935546875,448.6898569663923,442.77591099788714,443.5673742339309,12363932
2018-06-19,437.96124267578125,446.2055805499414,436.905938780823,445.8098342514566,13881382
2018-06-20,448.1622009277344,449.76711165971903,437.43358152034756,437.93921983084886,15735681
2018-06-21,453.74639892578125,455.52718391629855,449.06360156036607,450.00895474351086,22988909
2018-06-22,445.19427490234375,452.53722816258426,443.4134899365319,452.1854504134907,35370008
2018-06-25,441.65472412109375,446.9530815357164,440.70937087641374,444.71062662098865,11369371
2018-06-26,430.4423828125,442.3362276303299,428.81551713496145,442.3362276303299,17649122
2018-06-27,427.5212707519531,436.17482003994144,426.1269438480996,433.1206209592908,19595831
2018-06-28,418.2701110839844,428.69421733753336,416.21184731295983,425.8170683951717,18770484
2018-06-29,430.4426574707031,431.7927219188633,420.0628126422111,420.1070751127927,17425606
2018-07-02,425.1973571777344,430.39834460059154,423.60387887568197,430.39834460059154,14570004
2018-07-03,429.93365478515625,433.098510190637,425.08676634062783,427.1450303933809,11084063
2018-07-04,438.2551574707031,439.09617383964246,429.80079041244744,430.15489012665074,10938521
2018-07-05,426.9237060546875,446.35549221211556,424.3121611726955,441.30942278425584,40946479
2018-07-06,432.7001037597656,435.1124673438082,426.9236744411174,427.03433061032035,20039239
2018-07-09,441.3536071777344,442.63724815616905,435.33373490601286,436.9272426740533,11309207
2018-07-10,454.0130615234375,455.252440135157,442.63728258968735,443.8545299681209,22846197
2018-07-11,459.81158447265625,460.741125742649,450.5383325519175,453.7031872971072,18953870
2018-07-12,479.0884704589844,486.45837816909665,461.49363722739486,462.26825996028464,52736376
2018-07-13,486.8124694824219,490.884734386246,478.048235627263,478.26957749632805,39301408
2018-07-16,476.3663024902344,490.8405441035162,474.97197556521667,486.81254107161766,14427529
2018-07-17,483.5148620605469,485.10834043675396,473.44485523669994,477.29580809640555,14150770
2018-07-18,483.6033630371094,488.937137840134,476.85313025017547,486.1927763505536,10241565
2018-07-19,489.04779052734375,493.54054891068466,480.8589981297776,483.93532808698376,11885426
2018-07-20,499.5825500488281,503.9424912089298,492.1683512652057,492.8323177444315,17538801
2018-07-23,495.8865051269531,500.0915573734525,492.6995486419767,500.0915573734525,12779803
2018-07-24,491.74786376953125,498.7415101516092,490.1764872506868,496.63901362888686,9775749
2018-07-25,493.6069641113281,497.0816859521699,488.7601057972345,491.32738797163836,13014255
2018-07-26,491.6151123046875,496.41776742607743,490.3536024039706,491.3716687277913,14053674
2018-07-27,500.1137390136719,503.45564380885503,492.2790462225454,495.53242608654807,14610585
2018-07-30,509.6526184082031,512.2641632405656,499.2949049235677,500.18015432592085,30344461
2018-07-31,524.9678344726562,526.9154422077543,507.77142201803036,509.47555662545886,30350826
2018-08-01,527.7786254882812,532.4484640300158,524.7022950364188,526.9154777352431,21227054
2018-08-02,517.1552734375,527.4023594922769,516.0929742378468,527.4023594922769,13668930
2018-08-03,520.9619750976562,523.8612553695951,517.6864343032773,520.098827431446,14536058
2018-08-06,527.8892211914062,529.3941449850735,520.2537392278248,520.8512529511331,8785462
2018-08-07,524.1710815429688,531.7844621932755,520.9840657513095,528.9072836683633,8879612
2018-08-08,538.9994506835938,541.1241082944092,524.5252096295219,524.5252096295219,17307566
2018-08-09,539.110107421875,545.196344330461,536.476402010622,540.6814545371221,14976885
2018-08-10,533.0238037109375,537.8043273307189,532.1828168559637,536.0337695932534,7833494
2018-08-13,525.7203369140625,531.1426369232181,523.507154442885,530.080278607436,10211072
2018-08-14,535.8567504882812,538.7781325107724,524.2153666760712,526.7383864812343,11592139
2018-08-16,531.518798828125,538.2469297718325,529.1728291288373,532.6033178447335,13086024
2018-08-17,532.8246459960938,537.9813709699346,531.1868756757327,535.1484549846034,8379864
2018-08-20,546.61279296875,547.4537798214348,534.5508868824152,534.6615725949496,16639535
2018-08-21,552.0572509765625,553.9605963018237,543.1159955616758,547.6530465225219,15923396
2018-08-23,561.9058837890625,563.9198554134165,548.1620048381349,551.6587985281662,17429373
2018-08-24,565.4691162109375,566.5535761373131,557.7451093330017,560.0468165790594,14550512
2018-08-27,571.6660766601562,573.5915235392732,566.0224643295545,566.3101408198725,12188510
2018-08-28,583.8385620117188,585.6091196578678,573.2152752302367,573.6578998679208,19018790
2018-08-29,572.8611450195312,588.2649559431339,571.0906463804185,582.6434454777053,24230135
2018-08-30,564.1192016601562,574.1670787043577,562.3486436101803,572.5956722390557,21545859
2018-08-31,549.6005249023438,562.1492573480824,547.3651820272736,562.1492573480824,33479841
2018-09-03,544.067626953125,556.7934703656733,542.6954313774909,551.0834348230343,26686176
2018-09-04,549.7333374023438,555.4212115157528,544.0012008268734,546.7233717913517,19333815
2018-09-05,543.115966796875,554.4696148937215,534.9271738135313,549.9768266412864,22584608
2018-09-06,558.3426513671875,560.2459965298393,542.3855889134629,544.5102464095141,24487897
2018-09-07,565.9560546875,567.1733021176628,555.2885043132686,559.8919192232029,23389269
2018-09-10,555.8860473632812,565.2478248682096,553.3408669206563,564.3625164512283,15440786
2018-09-11,547.8521728515625,561.4411643250952,546.3250881432887,557.2803741025751,23787332
2018-09-12,554.4031982421875,557.1475301010046,543.9348004989483,554.0933018992939,17642490
2018-09-14,554.6908569335938,564.6280456958488,552.2563624002771,557.457349483421,17233514
2018-09-17,542.6290283203125,553.6285756317748,540.7256832758947,553.6285756317748,14773803
2018-09-18,538.7559204101562,548.6046437585512,537.5165714076329,542.6732962459503,16660044
2018-09-19,535.9230346679688,541.7879586197372,531.6073559811463,541.7879586197372,24642640
2018-09-21,538.9109497070312,547.7194178254392,523.8612958858874,539.5748867726132,41713856
2018-09-24,545.351318359375,548.8260108024501,533.1566240877464,537.5608874708122,22098277
2018-09-25,544.70947265625,551.0834453269367,528.951561303614,546.878392681093,21250513
2018-09-26,553.9161987304688,555.0449209996481,543.1822863322004,548.4275355411055,13992341
2018-09-27,554.9564819335938,559.0509078246089,547.7636242912354,555.5097923127173,23642923
2018-09-28,556.8156127929688,562.9019092990245,552.1015119629488,557.6787605123563,24220992
2018-10-01,545.1963500976562,556.704946131616,532.9352921219858,556.704946131616,16039441
2018-10-03,533.4221801757812,548.6932041353247,531.1868960326858,544.2225767537168,16135428
2018-10-04,496.7497253417969,526.9154556769621,489.55686709787676,526.5170934450266,50774608
2018-10-05,464.2601318359375,493.67336908457037,459.52390003318254,486.6797218717258,47998260
2018-10-08,491.06182861328125,494.4258648450093,453.9466852504677,464.7691837675426,53983473
2018-10-09,482.4968566894531,497.21454264575715,478.57950963389004,496.4841822927592,24042005
2018-10-10,487.83056640625,493.91683291284284,479.9516108884304,484.2009259167395,20784941
2018-10-11,481.5008544921875,493.42991434329895,461.67070791989903,470.9660918957569,28926389
2018-10-12,498.6529846191406,499.7374445000079,487.7419921166012,489.09202677293666,19814528
2018-10-15,504.4958801269531,507.66073530336155,494.93492089423233,500.1358791922086,19406012
2018-10-16,515.141357421875,516.7348063938479,504.6065346457416,507.26240112320806,16358598
2018-10-17,509.6082458496094,522.024191060263,504.6064105205769,521.8693019960216,27967162
2018-10-19,487.4764404296875,491.7700475018947,473.73256019501423,486.9010283540417,55606079
2018-10-22,470.3684997558594,493.45202534091646,468.0225300115831,491.32736792200456,28798142
2018-10-23,466.8495788574219,471.27594387522913,461.95842837507354,465.9864311784535,23128845
2018-10-24,462.88800048828125,476.2556509134501,456.536158583615,475.7908654180512,29869514
2018-10-25,456.2705078125,460.63050852172944,449.896535320371,458.5722447244144,30833933
2018-10-26,462.51165771484375,467.8675930652,452.3752876806667,457.20001437553316,20085933
2018-10-29,481.5008544921875,484.1787928343291,462.9986114742478,462.9986114742478,16781215
2018-10-30,467.86761474609375,480.4827719550035,465.6986652988151,480.4827719550035,19263668
2018-10-31,469.748779296875,471.784911714554,463.44120095796404,468.75284431979924,35999348
2018-11-01,467.53564453125,472.6923697947122,464.7691811842669,472.6923697947122,20552752
2018-11-02,475.7908630371094,478.49096241044083,470.58987495759834,472.2940391860144,36739798
2018-11-05,482.60748291015625,483.6698117450583,471.4087528995298,475.14904983069204,16585905
2018-11-06,488.71588134765625,492.2127051462479,483.1828952711081,484.2452241065534,18886485
2018-11-07,491.6371765136719,493.54052149624897,489.8666484662768,493.54052149624897,2808599
2018-11-09,484.0017395019531,493.00941737855555,480.2614724335663,489.66751250930923,23712291
2018-11-12,478.04827880859375,486.3698592250039,475.6359151924671,485.8829720740352,12690610
2018-11-13,486.6575927734375,488.2289399381306,473.64404303650656,475.39246962124497,14899604
2018-11-14,485.99359130859375,492.5003509359988,480.4827666892778,489.1363149600316,17034346
2018-11-15,485.5067138671875,488.228914608546,480.92540091962326,485.5509763329752,14943663
2018-11-16,499.0293273925781,500.15804992215857,485.6174148995349,485.99364589349165,24131016
2018-11-19,509.0329895019531,509.7854515614715,500.6228830432787,501.46387005097574,15987574
2018-11-20,503.4557189941406,511.6445127328904,500.1801778604713,506.81978507221055,12511640
2018-11-21,492.6110534667969,507.0410615999847,490.02163993065284,503.49994588336864,16422494
2018-11-22,488.16259765625,498.12194950131465,486.9453501080115,493.319323469768,12670591
2018-11-26,491.2167663574219,494.6471964249783,485.7502035747858,490.88479783247743,13969873
2018-11-27,499.3833312988281,500.18005560369375,489.31332585750846,490.3977857090579,14896607
2018-11-28,510.2058410644531,512.4632857475384,498.542357170042,501.2645281617081,17507771
2018-11-29,517.2218017578125,522.267842172091,513.4593731372116,513.9019978936522,27640198
2018-11-30,516.8011474609375,524.9677789775235,514.4772794365788,518.9036440678603,23443212
2018-12-03,511.887939453125,520.0545716674077,508.36892549379166,520.0545716674077,12182825
2018-12-04,510.051025390625,512.5740455041195,505.58039732565175,512.5740455041195,11358720
2018-12-05,511.3124084472656,512.9280769901476,504.29660122667514,506.26636947361516,12729759
2018-12-06,497.3694152832031,508.59021642539426,494.9791534586504,508.59021642539426,12831451
2018-12-07,501.86212158203125,503.25641875590645,490.59699938710315,499.9366748362823,15779984
2018-12-10,482.5853271484375,493.23074619157273,479.4204720397295,491.3274009700011,20521072
2018-12-11,485.8165588378906,487.8305601586093,466.98234748758017,471.8513369923307,29518062
2018-12-12,491.5487060546875,492.8766391720069,481.4787287925514,486.45837456551925,27572962
2018-12-13,490.0216064453125,499.29485901164674,484.7099627810662,499.29485901164674,20337275
2018-12-14,492.3011779785156,493.4962940984288,483.2713690591499,488.2731754146962,15795834
2018-12-17,500.1358642578125,501.5080598511615,491.99136337161264,493.96110227857696,11077711
2018-12-18,503.0130310058594,504.16385513832273,495.9750624295153,497.2144705906611,12841994
2018-12-19,503.1900634765625,507.837740503206,501.5965556374403,505.27045843181776,16118419
2018-12-20,499.4941101074219,501.2867696752321,494.0496490564129,496.19640838128,12609700
2018-12-21,486.9895324707031,500.7334121178466,485.1304498257496,497.96691938314893,18115814
2018-12-24,482.0984191894531,488.31747334945453,480.9475654515845,487.29940701814274,9065704
2018-12-26,486.170654296875,486.90101453525165,471.69641421389167,480.61556706264236,15771193
2018-12-27,495.84228515625,498.852251139613,488.6715881289746,490.08801663787307,27294221
2018-12-28,498.2104187011719,502.50399626800674,496.2849127090147,498.1882579195662,16768547
2018-12-31,496.3070983886719,501.8843468967366,494.07178455752864,500.600676170901,15799099
2019-01-01,496.19635009765625,498.98500354776144,491.37162328363314,498.0775934791784,9746670
2019-01-02,489.73388671875,498.85222039888913,487.3436249759111,493.31923501144814,15628818
2019-01-03,483.6919250488281,493.36354038015054,482.5189400816617,490.22081646225075,16288287
2019-01-04,486.3034362792969,488.8707479276948,478.53516673110533,485.7501554591943,18516544
2019-01-07,489.0035400390625,495.06767517209585,487.3436384673368,489.99947507255644,12060290
2019-01-08,488.9592590332031,491.30522873951855,485.1304376755269,489.15844012280803,12304389
2019-01-09,491.6593933105469,494.42588634089293,486.3256179134447,492.21270373570025,12614237
2019-01-10,490.2207946777344,491.7700401073639,488.2289245811867,490.3314508444639,8925160
2019-01-11,486.037841796875,493.00938668171045,481.854920775515,490.26502528205026,14139060
2019-01-14,485.4845886230469,487.1223294251018,480.88114438580243,484.6878346813324,8994060
2019-01-15,500.02520751953125,501.0654049949557,489.11418486997286,489.11418486997286,22011407
2019-01-16,502.7917175292969,506.8197201745907,500.3350619936165,502.393296235088,13961606
2019-01-17,502.1499328613281,508.10338294893256,500.1801642588443,506.57629815183714,16379077
2019-01-18,524.2374267578125,526.6940822128304,502.50396544977406,508.5016772065438,56181172
2019-01-21,547.8521728515625,548.8481079387703,526.1408115885986,528.5089422923119,48206814
2019-01-22,546.7234497070312,551.9465982608722,539.8404290416297,545.7054129345357,36207430
2019-01-23,542.8060913085938,550.7293089254705,540.9027462181267,545.9045229540942,19313542
2019-01-24,552.1678466796875,554.713026959405,540.0617379573561,542.2306577517834,28775487
2019-01-25,551.5259399414062,559.8032558772323,546.8340012546289,553.4957079436691,18703992
2019-01-28,544.2447509765625,555.9303984566689,541.0798955042951,553.5180050276912,18744303
2019-01-29,535.8788452148438,545.1742589755294,531.7623174984154,544.8865233857091,20405845
2019-01-30,529.2614135742188,542.2307307181926,527.2252808955305,537.8043656072043,17164298
2019-01-31,543.182373046875,544.3110954962458,531.6074129717023,532.0500376390211,22279301
2019-02-01,553.2744750976562,555.5098184046919,543.1381334083609,546.2144636186489,20187323
2019-02-04,571.4005126953125,574.0784806662556,549.7776764638679,551.9686981888808,25528059
2019-02-05,571.688232421875,577.3761668533017,565.9560946142955,571.8874430916759,20479210
2019-02-06,579.9654541015625,583.2409946417941,572.883282546338,573.7685318299614,20586783
2019-02-07,571.1790771484375,584.8122689945444,569.2757323297593,579.9653820304875,20150710
2019-02-08,565.5576782226562,575.6498162527372,563.145285109626,568.7003724990501,14230054
2019-02-11,554.7351684570312,564.8052045928157,553.7392334148291,564.7609421263937,16457901
2019-02-12,556.1295776367188,563.1896492860535,553.9606572500587,553.9606572500587,13998153
2019-02-14,541.8765869140625,549.3129183280569,539.1322546519556,549.3129183280569,14496604
2019-02-15,550.8399047851562,553.252297636153,537.3616008246254,544.3331455070256,20994460
2019-02-18,540.061767578125,554.4032201240432,537.8043227333932,553.2965993868063,21106139
2019-02-19,538.2911987304688,548.7374358904422,536.1222788619095,539.1321855608721,13658461
2019-02-20,546.3693237304688,548.8702417164039,539.57482832799,541.7216465839695,13776558
2019-02-21,551.9244384765625,556.7492248237998,544.1561684297326,547.0997112247437,23142949
2019-02-22,545.484130859375,551.2162685698074,542.673375318835,550.9064312740302,19152470
2019-02-25,545.4618530273438,550.1981136755784,540.3051285442053,547.0996231918582,17176522
2019-02-26,540.1282348632812,546.5686316823941,533.820684561968,535.3698711563272,22160532
2019-02-27,541.566650390625,551.0391128042148,535.1484160679546,543.5806810693128,24308835
2019-02-28,544.9086303710938,548.8038457853164,542.916760195535,546.1037761145965,24688859
2019-03-01,542.6954345703125,549.910453132345,541.0134608104729,547.5423224852349,17329606
2019-03-05,547.8300170898438,548.7816896146917,539.3977517583712,541.5224091283327,15577500
2019-03-06,559.8475952148438,563.5214978834231,546.70128895691,548.7816838409304,26332276
2019-03-07,562.2600708007812,566.4872253380775,556.9041346329068,559.493577776652,17738092
2019-03-08,560.86572265625,564.1191025568273,558.6082777903562,560.4009372146203,13211934
2019-03-11,577.2432861328125,580.7400799174743,561.2640637135738,562.1714737819083,21258869
2019-03-12,589.30517578125,590.4781607218365,581.7360574304449,582.9090423710314,24561597
2019-03-13,596.3652954101562,601.9867474570777,587.8666645373902,591.8061426746194,24577591
2019-03-14,593.8200073242188,602.871946999757,591.4076144308954,597.4496475061777,22753310
2019-03-15,585.0116577148438,601.455609336697,580.3860816359203,595.3472108928156,34764353
2019-03-18,597.58251953125,601.079372818546,588.26500375624,589.1502531477479,22104063
2019-03-19,609.3124389648438,610.8395237390288,594.5061994229327,601.9867341954044,21448030
2019-03-20,608.8255004882812,614.3805883246756,603.7572998317772,609.8656981021215,21639437
2019-03-22,593.9085693359375,611.2378271135251,591.6732852516752,607.5196617727818,25078643
2019-03-25,586.2509765625,591.7397001118269,582.8205465049533,588.9732071022316,17394088
2019-03-26,605.1959228515625,607.1213698963418,588.7076500196026,588.8404374331935,20734876
2019-03-27,597.2283325195312,609.9320140041797,595.0151502686878,609.9320140041797,22079870
2019-03-28,601.9866943359375,606.3245934275687,594.3733726565703,597.6710151211328,22930248
2019-04-01,616.084716796875,622.7021032334529,603.1154596255492,606.4131020011401,22088854
2019-04-02,615.1331176757812,621.0644661420826,610.8838022216285,618.8070210005278,17526740
2019-04-03,608.71484375,621.0201646238312,607.2983856558683,616.4831138425319,17169813
2019-04-04,598.910400390625,612.4772302504579,596.3430591887059,610.3968352667464,18320845
2019-04-05,599.28662109375,603.7129859979176,594.4618939853823,602.4072136697757,14717266
2019-04-08,588.3756103515625,600.8801417011313,585.9190138260517,600.2162046801037,19081843
2019-04-09,590.6773681640625,593.4438019252227,584.7238594627548,588.2207125793918,20774977
2019-04-10,589.3273315429688,596.6751382297164,587.1584113334028,592.22661208358,16651949
2019-04-11,596.1439208984375,598.888252928807,588.264965445455,590.0133624275286,12558520
2019-04-12,594.5061645507812,600.6145623846402,591.651146738665,597.560333920002,12948769
2019-04-15,593.2003784179688,597.0955936790656,590.9207727394057,595.347137600993,9285737
2019-04-16,594.7938842773438,601.9866828312216,593.1339531383726,595.3471355615848,17360317
2019-04-18,613.4732055664062,615.1551793737904,604.1999524621015,608.6263175144761,39286534
2019-04-22,595.5020751953125,605.0851649965012,593.7093566824035,601.9866741912256,23607922
2019-04-23,603.6909790039062,607.7410840250107,595.789920547327,596.6751700288495,19807450
2019-04-24,615.0446166992188,617.3905868751744,604.7532666512986,606.5459854597473,16101112
2019-04-25,607.4754638671875,625.180984035765,603.1376235404474,614.8675328682084,30469914
2019-04-26,616.5052490234375,617.8996055066781,606.7230065254395,608.6263518787861,15069884
2019-04-30,616.5052490234375,618.0987570789824,604.996711056551,618.0987570789824,22348580
2019-05-02,621.9275512695312,625.8448682453895,611.768990059855,616.1510924873053,18992003
2019-05-03,623.6095581054688,627.4384094458284,620.8652259081734,623.2111958810029,14240262
2019-05-06,613.0084838867188,620.9317029750202,609.9985175168247,618.8070451649759,15832114
2019-05-07,594.68310546875,617.4789222260629,593.2223852056566,617.3903973068092,19417647
2019-05-08,575.18505859375,593.1339922776132,571.9759409135609,593.1339922776132,31958919
2019-05-09,556.151611328125,570.47090294577,554.0712163675477,570.47090294577,42670173
2019-05-10,553.8056640625,565.5576740793575,551.083433698049,559.9361634824019,24557430
2019-05-13,545.351318359375,558.0771031610542,543.3372873863411,552.3671264964185,17603659
2019-05-14,557.9223022460938,561.8617807817881,545.1079313861411,547.3211142708041,28438234
2019-05-15,556.350830078125,565.6905068440055,553.5622353372404,563.4773242204387,24419559
2019-05-16,560.091064453125,562.9903444412419,556.881947222031,557.700832340462,14451308
2019-05-17,560.9986572265625,565.2258124900211,554.1819992790998,560.8216073157641,17276949
2019-05-20,586.8927001953125,592.1158479311179,576.9776133563562,581.4482992477308,26979100
2019-05-21,593.04541015625,605.0851552655346,588.7297311552686,589.6814037049653,30343560
2019-05-22,593.3110961914062,601.8539899601304,590.9651260000627,595.6349646937085,24689918
2019-05-23,590.4338989257812,616.1511018080408,586.4944211091025,607.2983718851489,38766006
2019-05-24,591.7396240234375,599.2423185345325,582.7319466350825,596.675036517145,22269265
2019-05-27,580.142578125,592.0274353972119,578.526968428138,591.8503855178528,16076686
2019-05-28,585.9411010742188,590.8322514138105,581.3376863176912,584.1927040808862,42594251
2019-05-29,581.204833984375,590.168248475365,577.2653566726345,584.7237883590988,15558515
2019-05-30,588.596923828125,594.019223371127,582.6213139410421,582.6213139410421,23494381
2019-05-31,588.7741088867188,593.9750973055054,584.3698449976683,592.2045392551104,25724066
2019-06-03,602.0752563476562,605.1958488284881,584.8123628335076,590.920760397822,18556942
2019-06-04,598.2907104492188,608.2943239066423,596.7193632541569,600.8579927431291,15442761
2019-06-06,587.53466796875,602.82779506063,584.7681748617575,602.82779506063,16764835
2019-06-07,582.0238037109375,587.4903663054001,577.9072759524873,586.9149542153037,14722419
2019-06-10,583.905029296875,587.3797219595616,579.8991869751485,584.6796520973529,11768468
2019-06-11,588.3313598632812,590.6994905962937,583.3960059300211,585.1001405330676,11492074
2019-06-12,589.6593627929688,592.4258560740252,586.4945072440522,590.788085432952,10297599
2019-06-13,587.4903564453125,590.787998934032,579.2573010665908,588.7076038554885,15686169
2019-06-14,583.1967163085938,586.4943584434794,579.5892369328708,585.1221629957886,14942768
2019-06-17,567.5938110351562,584.2812339912606,565.911778180256,584.2812339912606,14908257
2019-06-18,567.0184326171875,570.0947629240811,561.7510214030443,566.0888616521408,16797371
2019-06-19,565.4027709960938,576.3137950100071,558.8739088523005,569.6299846715991,14492763
2019-06-20,573.9899291992188,575.4285481413866,565.690509101577,566.5757585163682,10748848
2019-06-21,566.3544311523438,573.6579750124874,564.6060340567591,573.6358142299943,23236832
2019-06-24,558.7852783203125,565.0043019951196,556.4393087293655,563.100957025972,11267228
2019-06-25,573.5914916992188,574.543164242957,555.1777744289116,557.2360676913559,14966899
2019-06-26,572.8390502929688,577.4646257823792,569.3864597139271,571.4447530500222,11593027
2019-06-27,563.9862670898438,574.0562431959233,562.591910883796,572.3963713113941,24905533
2019-06-28,554.6688232421875,567.8372915725133,552.699054776036,565.2921110232309,18942165
2019-07-01,561.640380859375,563.3223546770223,551.7252923519377,556.8598569334886,13478857
2019-07-02,565.9118041992188,567.0184250293855,559.1837315656976,563.8978322942693,10146746
2019-07-03,567.7045288085938,569.4529851929734,564.3847841285344,567.8594770169232,8806492
2019-07-04,568.3462524414062,571.4447432351052,566.5756947157804,567.1954283317691,9351405
2019-07-05,559.2059326171875,571.2235793121671,557.723110081436,568.8332873495464,10926753
2019-07-08,554.2039794921875,561.3083116822136,552.4998451082868,556.8376847003334,14009219
2019-07-09,566.6199340820312,568.1249169517715,551.3047078871608,552.8317924411703,17535754
2019-07-10,566.0667724609375,570.7144501025082,561.5739839200136,566.5979221124492,12018196
2019-07-11,567.2618408203125,570.9136422948378,566.2659057082456,569.6742340526625,8608376
2019-07-12,566.7970581054688,575.4284751870541,565.7125390667155,567.9036197336648,15692436
2019-07-15,564.8495483398438,570.7808378847185,562.304367511211,568.7889675136885,10659498
2019-07-16,572.3300170898438,573.1710630706701,565.2699466652127,566.5536173225701,10070773
2019-07-17,567.3944702148438,574.1004393146007,566.5755852089366,572.9052938747893,9482233
2019-07-18,558.5418090820312,569.4085686468941,556.8376747286476,567.4609612021368,11942908
2019-07-19,552.8539428710938,563.4550687182115,550.0652895035726,561.3525721722013,16336536
2019-07-22,566.7970581054688,568.5675567105824,543.2487175124882,553.7392172248569,29092589
2019-07-23,563.720703125,572.7283212128182,557.8999823849913,568.7888438003976,20316348
2019-07-24,557.32470703125,566.044650794516,554.8680510801075,563.6986805761317,15189179
2019-07-25,545.1077880859375,561.7288456848177,543.1159181038291,559.4935026021844,21805071
2019-07-26,537.2731323242188,549.9768149769168,535.5910994760233,545.1078253964605,20387504
2019-07-29,536.0115966796875,540.9027468061763,533.4221538311792,538.6453019932452,17626045
2019-07-30,522.7103881835938,540.0175454119949,520.5193664215706,537.3395773958161,20853117
2019-07-31,516.2257080078125,524.5251264768442,514.5215145756243,520.4307600937482,21229950
2019-08-01,522.422607421875,525.9415616463125,509.18771817142454,514.9641169585354,22628222
2019-08-02,527.3842163085938,533.5738082205122,517.4764342690546,523.532441715617,23766807
2019-08-05,509.1271057128906,519.6582800335883,502.29182705371574,519.6582800335883,30399133
2019-08-06,502.4254455566406,511.91023878797483,499.62011264743677,505.29760041612724,29067994
2019-08-07,494.00946044921875,506.9898045620142,491.20409739999894,501.6240130506623,25349369
2019-08-08,513.1348876953125,515.6507583695545,487.7308302056483,493.54190350121627,31198568
2019-08-09,517.4765014648438,523.4434533759943,513.1126227962699,517.3652107876658,21970009
2019-08-13,567.638916015625,580.1293917889301,545.9308139324703,549.1146665266605,104827144
2019-08-14,573.6503295898438,580.8640689784442,570.1324864795871,580.6637220080089,31688983
2019-08-16,569.0859985351562,575.231061711341,566.8595315394489,574.9638928058723,21977767
2019-08-19,575.5873413085938,577.4575832737376,569.9766154131626,570.4441907669835,16317602
2019-08-20,568.1732177734375,575.5873639681415,566.6814947931508,574.3405755757227,14969299
2019-08-21,565.94677734375,569.3755644859428,563.9652445438119,568.0396602662252,10677848
2019-08-22,555.170654296875,565.9690001563606,551.675104712561,565.9467658023939,14031953
2019-08-23,568.128662109375,571.7577958939527,546.1533935304763,551.7195912204171,21307915
2019-08-26,564.0988159179688,576.2107721314826,560.6255006974678,576.2107721314826,19202504
2019-08-27,567.6832275390625,572.2029231996468,561.6049279832656,572.2029231996468,28401906
2019-08-28,562.5401611328125,570.4218813522989,559.3117811362898,567.1935013557762,11605488
2019-08-29,552.9441528320312,561.1820993687841,550.0719976379863,559.4899700160746,18890222
2019-08-30,555.9721069335938,558.5770931023615,543.7042736035451,554.6139685195744,24735240
2019-09-03,537.2029418945312,553.5007204611325,534.3530213828047,553.1667296097228,18730619
2019-09-04,534.865234375,536.6909483563797,528.1413039705059,534.5980654192097,32949395
2019-09-05,533.7296142578125,540.2309023757294,531.3695629057722,537.3810413836705,22995486
2019-09-06,544.3721923828125,547.266641257182,532.2379435925851,535.6889646599803,23186819
2019-09-09,544.2385864257812,549.0477457084417,540.2086995227424,543.5483703495372,11747929
2019-09-11,549.6712646484375,552.1649008896854,544.3722356169108,544.3722356169108,12127900
2019-09-12,538.9618530273438,552.3651834163759,536.8912642441294,549.9383694188567,11880005
2019-09-13,545.752685546875,547.0440021410868,537.4256821215511,539.6966776511717,12947715
2019-09-16,539.1400146484375,542.858204835973,528.1634972590346,529.454873228426,20547730
2019-09-17,533.217529296875,539.2513017834867,531.4586376216965,539.2513017834867,15640772
2019-09-18,536.8912963867188,541.6113996591116,533.1062843578578,536.5573055032447,14933909
2019-09-19,525.024169921875,538.6724360290432,522.174308515453,537.8486354259852,13766222
2019-09-20,558.5548095703125,565.4791456790705,522.9090409219021,528.9872826439796,48165560
2019-09-23,551.8086547851562,570.4219587525063,549.9384128123469,567.3716909391333,21610844
2019-09-24,569.3977661132812,578.3481633555577,553.3894480019216,553.7679670566171,34958974
2019-09-25,569.7763061523438,576.6561146490986,565.0116743389566,571.7578389113681,18192270
2019-09-26,577.4576416015625,578.3482047938991,571.5352180220854,575.3202304898084,18350457
2019-09-27,582.9124145507812,585.5619288812624,571.7577850305494,575.5427970097883,19058663
2019-09-30,593.2432250976562,594.8017698849055,581.3538516822917,583.3354436432543,25263770
2019-10-01,581.0645141601562,597.5849362038297,575.8990695365911,595.3584688773351,17920384
2019-10-03,583.8030395507812,585.4283468989939,570.5555272924099,572.6484099833085,13524851
2019-10-04,582.4893798828125,591.6179488730752,580.5969035775893,587.7438805028344,14992253
2019-10-07,583.3799438476562,588.144574835985,579.6394603175088,582.4893213904081,10061584
2019-10-09,589.903564453125,592.2191475563906,575.5428471529523,582.7566465089587,17588647
2019-10-10,606.8246459960938,609.6076848767422,588.2335800605686,590.0147653702712,35006390
2019-10-11,602.304931640625,608.0937694300144,595.1579555654829,607.2476751387983,16597126
2019-10-14,604.7095947265625,607.8043907217964,601.525742419961,607.8043907217964,13394275
2019-10-15,607.4481201171875,610.0531062053814,603.0619484845057,606.7133758781993,9672791
2019-10-16,611.099609375,614.350224276401,607.2477751806866,610.0086398066982,19403660
2019-10-17,621.8534545898438,622.9667180114293,610.9437584190024,612.2796626348761,16038940
2019-10-18,630.6924438476562,635.8355938604333,622.8330172017672,625.1930686305542,28121951
2019-10-22,629.712890625,639.8210196591194,624.9036715114763,634.54428464092,27786502
2019-10-23,620.0277099609375,634.9673523948646,615.908766295107,630.6702961024129,18446160
2019-10-24,639.6428833007812,641.8471160772802,617.4227401722367,623.8572069872114,22642488
2019-10-25,637.3050537109375,641.8692781119589,628.4214205506927,641.7134593171186,13539957
2019-10-27,638.6632080078125,643.450132721921,636.7706724719341,641.6689472852668,3014841
2019-10-29,653.2689208984375,659.0354654669868,642.1588194992843,643.6728361854762,25768505
2019-10-30,658.6347045898438,661.0615781305346,650.2631739322103,659.0354579712998,16341366
2019-10-31,652.0665283203125,663.3325067228137,650.8865026462532,660.8165771280641,19463741
2019-11-01,648.7491455078125,650.931084439674,641.6689908799688,647.9031106067357,13904301
2019-11-04,649.0831909179688,655.0278484266997,643.494758660676,652.7568529986388,14063434
2019-11-05,644.4743041992188,654.1149164864012,641.6689712156925,651.5099899088991,12685356
2019-11-06,638.9526977539062,644.0958483615741,636.1028363395386,642.4260127980896,14625505
2019-11-07,649.5061645507812,651.4654032117422,637.7503758842035,638.9972235731321,14084039
2019-11-08,643.6727905273438,649.9736724969666,641.8025487418026,645.2313352569838,12019353
2019-11-11,635.7910766601562,643.1161656257182,633.4532595413081,640.8228766581775,11357841
2019-11-13,655.6067504882812,657.2098236579902,636.7708042321007,636.7708042321007,25225749
2019-11-14,651.3541870117188,659.7479525828084,648.2593909614728,657.25431637005,14258133
2019-11-15,654.9611206054688,662.0635700076792,651.5323334784945,652.6455968983422,15691605
2019-11-18,649.7733764648438,661.7072190766786,648.0812471500655,655.7625618479275,14076051
2019-11-19,672.2830200195312,674.5763092701517,652.356105073382,653.2466682094622,30176255
2019-11-20,689.1596069335938,700.1806517569983,687.1780744035942,692.4548091499332,43538120
2019-11-21,684.6843872070312,692.8778052437542,680.6545001439249,687.9795894631586,14897371
2019-11-22,688.6475219726562,698.889294670371,684.6843973559228,686.6882237413482,22352865
2019-11-25,695.3491821289062,696.796376789713,690.651313481399,690.7181354342704,15146156
2019-11-26,694.7703857421875,701.9395972615475,692.8778499230012,698.2659351892099,35330983
2019-11-27,699.045166015625,701.561095873568,692.9223368095898,694.6367599013516,9642739
2019-11-28,703.698486328125,705.4128499201177,696.417925337267,700.2919340451285,13747479
2019-11-29,690.7182006835938,704.4332294556285,689.248712082968,704.4332294556285,18559594
2019-12-02,706.4593505859375,718.9052971997955,702.2290568533912,712.4708300137888,31225364
2019-12-03,703.0750732421875,709.7990029904348,700.2697400300401,709.2424307785986,12990426
2019-12-04,691.408447265625,702.4517277091587,682.9700937922422,700.4479011474155,20987607
2019-12-05,690.5845947265625,703.4535881327247,687.5343269551083,700.8931300628573,19942460
2019-12-06,692.3880615234375,698.2214285325554,686.2429974104203,691.5420265271395,13085234
2019-12-09,700.2697143554688,702.4071251649631,688.6475096381411,692.9446250588585,12642677
2019-12-10,695.52734375,700.7150224336392,692.0540287591915,700.0248063059641,10173333
2019-12-11,695.727783203125,701.1158091150277,690.4732823124417,692.6997496186247,12364641
2019-12-12,698.3104248046875,700.8263546736185,693.1672744072167,699.2232816841165,10326606
2019-12-13,704.8562622070312,708.0178801238153,700.1806870147386,703.5648862571924,12668303
2019-12-16,697.5979614257812,709.7544444582198,696.5960482571616,708.9084095503324,11892718
2019-12-17,695.8612670898438,703.1195340018024,692.6774151407083,697.6646869176287,20324601
2019-12-18,701.7169799804688,703.5649282550722,695.549681497034,695.9949630752343,14742077
2019-12-19,716.9014892578125,719.1057222184004,699.9135513793175,700.7595863676426,20507816
2019-12-20,712.0700073242188,720.2856594061476,710.734103320188,719.150161810269,21271510
2019-12-23,699.7354125976562,702.4739238931126,693.6794050834533,694.703552662622,25107772
2019-12-24,688.6253662109375,700.0248722166903,686.866414747346,698.622205476839,18048449
2019-12-26,674.7988891601562,691.5196564072455,672.461071963697,686.4878562421779,29761019
2019-12-27,686.7996215820312,688.5139853597664,677.4261769632532,679.9643413744825,17677571
2019-12-30,687.6234741210938,689.1597253859453,680.4319681129946,688.4027466561997,17123749
2019-12-31,674.19775390625,687.4007381135765,671.5260051917422,686.6437000385328,22203005
2020-01-01,672.2161865234375,680.0088516309808,670.3905321258029,675.9566705310696,14004468
2020-01-02,683.6602783203125,686.1762083080744,673.2849207275859,673.2849207275859,17710316
2020-01-03,684.4840698242188,686.4878962665452,678.1831277621862,682.6360622006584,20984698
2020-01-06,668.609375,680.3651059474896,667.0508300218751,676.8473220199032,24519177
2020-01-07,678.8956298828125,683.304036115152,673.9528263419015,676.4019343098523,16683622
2020-01-08,673.7969970703125,683.2817317108661,672.3943304886236,674.6207976476823,16047902
2020-01-09,689.3154296875,690.2059926741842,681.8567565985553,685.1296647498189,14982742
2020-01-10,689.1596069335938,693.7461255846073,685.5972357997355,691.0520831577536,12478359
2020-01-13,687.4006958007812,694.0800969009713,685.0406443123888,688.0018555733295,18282382
2020-01-14,681.0330200195312,690.2060574437152,677.6710552541097,685.7531231921615,15816535
2020-01-15,678.5616455078125,685.708622508407,676.068009361063,683.9052024938248,15817859
2020-01-16,684.8179321289062,687.2448055274269,680.4095262908653,680.8548672498658,12847975
2020-01-17,704.0101928710938,705.7690846391494,691.6310096398801,691.7645940988411,29463471
2020-01-20,682.3466796875,716.4784927540825,679.6971651864098,716.4784927540825,32545850
2020-01-21,683.036865234375,688.3581283514012,677.73783646965,680.6768135829059,18922720
2020-01-22,682.7919311523438,688.7588822425179,681.7900179448524,687.534328261155,10322817
2020-01-23,679.8975830078125,686.621513138243,677.1590121473655,684.1946393801801,11247739
2020-01-24,677.5374755859375,684.1278207028573,676.201571520967,679.9642896946181,14628445
2020-01-27,670.8580322265625,678.8288097703885,670.1678160991427,674.5762817936037,13387750
2020-01-28,655.3617553710938,672.3942783497732,651.7326219117568,671.7708247894806,24532236
2020-01-29,658.9686889648438,665.4476838598071,651.9330029814765,656.385937187332,24746565
2020-01-30,642.8935546875,658.9018717010598,641.2237192109507,658.5901746274501,22402689
2020-01-31,628.5996704101562,647.123919300985,626.6181376421537,647.0125691802425,34750310
2020-02-03,616.9551391601562,623.3896651574961,606.9583015760081,610.0085691432375,30712290
2020-02-04,635.1677856445312,637.8840627653415,622.4323756025095,623.4119950902905,25383901
2020-02-05,645.0086669921875,646.9234370233874,636.9043647870463,638.9526598272524,18472100
2020-02-06,649.1499633789062,653.2466727335321,641.268301219584,647.5024215657478,15538577
2020-02-07,638.3961181640625,646.7231209827357,636.0137726868787,646.121961162775,12209212
2020-02-10,639.2644653320312,643.6728717218461,628.0653070065835,635.8802065407942,15142476
2020-02-11,646.9012451171875,652.8904307204514,643.4724582072458,644.5188995976021,13999816
2020-02-12,654.7161254882812,656.742245701073,647.9031394730254,648.4152429768247,13533565
2020-02-13,656.430419921875,658.0334927711046,651.2872699744411,658.0334927711046,13565659
2020-02-14,662.4197387695312,668.5870368609382,647.0570496970056,657.8109261027595,21227841
2020-02-17,658.2561645507812,670.6798756802237,656.4972728187931,663.0430895240688,13149130
2020-02-18,653.4247436523438,657.2097556655767,648.97180932506,657.2097556655767,11127161
2020-02-19,669.6334228515625,670.8134485862718,656.8534867255756,658.7459628812005,14084409
2020-02-20,661.6849975585938,671.5037233050037,660.7276124968037,666.6055073331329,16892268
2020-02-24,643.4279174804688,657.699577615814,641.0233376549481,654.4711971958799,21370214
2020-02-25,630.71484375,646.3001152119884,627.864922735704,646.3001152119884,27745062
2020-02-26,619.8495483398438,628.9112950285784,617.7789594939649,627.8648537048206,29362748
2020-02-27,617.2891235351562,620.6510881290094,609.6077499205786,618.0683364567957,25054993
2020-02-28,591.6401977539062,604.2643163833105,590.0148903377343,603.3291656588368,39315769
2020-03-02,586.0740356445312,609.6077893226085,579.3723403742132,603.4181975497225,29500495
2020-03-03,597.9634399414062,602.883950336585,588.679050886282,592.1078381691597,27398798
2020-03-04,596.560791015625,602.8394402286901,582.4004193020814,602.0379333100583,22105261
2020-03-05,583.84765625,604.687430011387,581.554366792972,602.1269715894884,30510390
2020-03-06,565.9688720703125,573.6057169779667,552.6545991174132,565.5235905903087,33734039
2020-03-09,496.12457275390625,552.6101407818697,487.59719353402716,552.1870935973562,88187018
2020-03-11,513.669189453125,524.7569973633897,493.3860202311153,493.3860202311153,59578576
2020-03-12,473.3477783203125,490.26895266015714,466.98007386558294,483.14426957764243,55970485
2020-03-13,492.1837158203125,507.6354013912499,419.64530200918597,444.40363928088584,73297403
2020-03-16,452.28533935546875,480.7841591374453,447.5206784786443,472.2567802513006,38482258
2020-03-17,448.85662841796875,472.0119237181846,446.7192174587202,466.3344054216944,45445979
2020-03-18,431.2674560546875,461.280292373532,427.9277554968568,456.5601596607462,44730415
2020-03-19,408.6465148925781,430.59951868687136,397.2915088300032,409.7152202964063,61404010
2020-03-20,453.2872619628906,460.8349919401429,414.1236220114131,418.3539154289049,63360475
2020-03-23,393.66241455078125,423.0295668803202,389.92193040058896,407.9786036891489,40670949
2020-03-24,420.0906066894531,431.9354232678665,398.8946097412174,414.1236553813101,45734887
2020-03-25,481.9196472167969,512.7785178891949,428.9296612692312,429.17456609975056,73130298
2020-03-26,474.772705078125,497.34913321338615,464.15244304869213,487.9534251497577,45744488
2020-03-27,474.5055236816406,493.0742985498193,465.86682419167437,487.59718710077345,41657940
2020-03-30,458.8534240722656,478.6022243792753,454.2001132600208,463.37318015277566,30229866
2020-03-31,495.9464416503906,503.09338839129396,466.6683494310366,478.2237318418846,44292810
2020-04-01,481.1181640625,500.7778787446454,465.42154418897144,499.7314374197435,41597459
2020-04-03,479.78228759765625,505.1640794985781,470.3643151321363,505.1640794985781,41367807
2020-04-07,537.0693969726562,540.587180545846,489.82365880229355,490.7587797499459,54373624
2020-04-08,530.8575439453125,547.2666748233642,516.5413553079427,525.4472243442474,49880330
2020-04-09,543.2366333007812,548.9586489969397,531.2359703282597,540.5871192951221,33032857
2020-04-13,529.5216064453125,541.0324597756588,525.4471322437827,536.111950755027,23673784
2020-04-15,512.0216064453125,550.3837133914021,508.97133852649563,533.0394909756521,35321842
2020-04-16,520.1259155273438,528.7646148704049,509.8619089009577,512.0215540116548,37455706
2020-04-17,545.0401000976562,547.7119081332823,531.0801379395491,541.477788467049,33269335
2020-04-20,553.85693359375,559.7347681895708,535.2436321732976,545.9306852340615,36030932
2020-04-21,550.9848022460938,557.5083250081677,518.3224819342147,538.8059664932713,61371628
2020-04-22,607.2031860351562,616.6879797457742,578.8825082607582,587.7883765401166,142683366
2020-04-23,610.4539184570312,617.1110859522549,602.6167250854138,608.8731391707544,65464502
2020-04-24,630.9818725585938,665.6925449622661,599.9003334036723,601.2139434989201,134986308
2020-04-27,636.659423828125,656.8089776563307,633.6536843523593,638.5519000387314,58482901
2020-04-28,635.9469604492188,648.1034431126441,619.9163502379175,645.6766291201964,78453401
2020-04-29,635.4126586914062,647.3020336819599,632.3178625081999,643.4057306477636,37494672
2020-04-30,652.8013305664062,665.6926172797448,640.3553848329962,647.4355395070829,71345899
2020-05-04,639.0863037109375,652.3560500195231,631.1822890196224,641.2237145072914,53456868
2020-05-05,650.4189453125,658.5901284085901,644.4297604788242,647.3242091452047,44903763
2020-05-06,650.4635620117188,661.2396721044524,643.6728107196592,651.9107566845831,40489094
2020-05-07,671.0361328125,674.0196380436263,643.4501981639638,647.9031324834183,50026966
2020-05-08,695.4605712890625,703.5203455803562,684.4617604589652,687.9796035544326,84262770
2020-05-11,702.1399536132812,719.1501837188379,700.1361272712575,703.564854514178,67085063
2020-05-12,658.7014770507812,698.3772514173569,652.3560664564766,696.79641276918,100683202
2020-05-13,672.6770629882812,686.409748828676,653.5951127082542,686.409748828676,66430125
2020-05-14,645.4813842773438,672.7894520264449,642.8292538253183,660.3378567998212,49266771
2020-05-15,656.0223999023438,659.3038688511236,636.1088647098294,649.0998481549159,62152260
2020-05-18,647.6389770507812,666.181474909855,641.9076865534937,660.7873261418357,62796089
2020-05-19,633.3218994140625,657.0563561877386,630.7821895369445,654.9436171986698,42315854
2020-05-20,644.4699096679688,650.3810366625504,626.1746060014038,633.8163858969135,55320985
2020-05-21,647.86376953125,656.9439458804737,640.5591310175457,645.054274887475,39167981
2020-05-22,643.5035400390625,655.3932125372227,641.2334956643825,652.6062491431145,37828973
2020-05-26,640.132080078125,651.6621368125705,636.6483020759156,650.9653812121286,33216635
2020-05-27,649.7966918945312,653.5950802585778,634.7154397533718,643.2562252592883,35667956
2020-05-28,661.7987060546875,665.1700639694456,651.3474905739236,654.0445650157022,40126278
2020-05-29,658.27001953125,661.6863216286777,652.9882315987021,659.8882522484166,40022527
2020-06-01,683.42041015625,691.5116927649323,663.4619289082036,665.282470467664,39943702
2020-06-02,690.3203735351562,692.2533351438987,683.6226027052328,685.9601224657711,22153960
2020-06-03,692.9951171875,701.243705152625,689.2640858781962,694.5009892228203,25381289
2020-06-04,710.1441040039062,714.5044150378368,692.7029193183236,694.0514268333575,34202350
2020-06-05,710.9981079101562,727.3155053046211,707.4019692570653,716.9766512645857,33076685
2020-06-08,705.5139770507812,727.4953066184803,703.491186313025,727.4953066184803,31414953
2020-06-09,690.9722290039062,711.5825211649343,689.1067431761999,701.3784997663072,25857161
2020-06-10,706.705322265625,710.0317358884901,692.2758817982025,693.6468614517847,22132647
2020-06-11,691.2196044921875,704.8173987803085,688.2078600528312,703.9408658151709,20385805
2020-06-12,714.1897583007812,716.0777164159133,672.9242267053721,674.2727936948124,38548899
2020-06-15,725.7647094726562,731.3386948164322,701.7381151752447,703.491240249132,53107403
2020-06-16,727.1807861328125,741.0483050918923,712.6164520349436,738.5535392456209,51187003
2020-06-17,726.1243286132812,735.159560417052,720.1682571993283,722.9327480146142,41782053
2020-06-18,744.3521118164062,748.4426971382073,721.7415020695015,722.3708411805889,40471557
2020-06-19,790.8770141601562,804.0927203501327,747.0942467519249,750.6903261392612,105804173
2020-06-22,784.9209594726562,811.0152901303186,779.90883714488,797.1702444845414,60198705
2020-06-23,773.5707397460938,792.8324674172671,771.4130562292277,786.6516143231465,37962078
2020-06-24,776.69482421875,796.8556158794696,769.4351890087056,780.3134354719743,51586221
2020-06-25,772.2221069335938,786.2020448440715,770.0419514480267,776.3126926255497,39679374
2020-06-26,782.8981323242188,787.5506408989148,771.8175772674693,777.1218971867132,30921913
2020-06-29,774.5820922851562,782.0440358258111,771.1657900960829,776.7847199037966,25621946
2020-06-30,766.018798828125,782.6058621926095,762.1754070277087,780.8078522990025,30276420
2020-07-01,781.0775756835938,786.2020588284339,767.7943931621406,773.1661294381369,28464103
2020-07-02,794.5241088867188,797.7963678741063,783.1050776743974,786.6932867305611,28789533
2020-07-03,806.9586791992188,809.2605842388523,797.9769338084662,803.3027790862244,29434266
2020-07-06,835.7996826171875,838.59798707909,808.8543846026165,814.6767489280919,47016185
2020-07-07,823.0040283203125,841.4640390934211,815.2635191046126,839.5007072874031,35189589
2020-07-08,811.5172119140625,828.1943368707433,807.9064394035229,823.2746966326685,26204095
2020-07-09,823.3650512695312,828.2170013060332,806.2139692943585,816.4820787561033,36418942
2020-07-10,847.6473999023438,850.6037089763864,823.3650271392274,825.2832912510764,43759967
2020-07-13,873.3515014648438,879.0835514065949,857.5544142629645,859.066414273634,69608392
2020-07-14,865.2271728515625,876.3753807908606,851.8222470073741,872.9000495434234,67331128
2020-07-15,832.279052734375,893.1203044400035,811.5172588286548,874.6828596649843,139669773
2020-07-16,832.0083618164062,843.5627758296462,818.0392246836387,833.6331798351821,60961724
2020-07-17,862.835205078125,866.5813597597964,829.5710849624811,832.7305263268679,49726765
2020-07-20,866.5361328125,871.9974193757844,857.3964422325445,865.5883422314392,36592938
2020-07-21,889.8480834960938,892.3079337086934,874.0284930342241,875.156852095807,42173371
2020-07-22,904.4943237304688,907.2023737684211,884.9510810546108,895.0160590595337,59771457
2020-07-23,928.7765502929688,938.6609588483409,898.7846915588252,904.4716140026857,58333751
2020-07-24,968.65283203125,976.2579590026274,928.776564146926,928.8668185460966,120597372
2020-07-27,973.1889038085938,992.4161962400035,960.4158758519521,983.389323046393,80304827
2020-07-28,982.8927001953125,990.2496273324197,970.6838232619775,973.1888006028569,55114422
2020-07-29,946.3113403320312,985.1946329524699,934.4861032246416,982.9831015871683,72663399
2020-07-30,951.8177490234375,965.7416994124951,935.1856889845394,947.372003332624,72857444
2020-07-31,932.9740600585938,960.9122737981927,926.5198556854664,954.3678150249528,74958061
2020-08-03,906.7509765625,928.4154946857375,904.0879942280135,925.8428264432459,46715383
2020-08-04,970.6613159179688,978.0633706821992,902.8017056351508,911.9865832893145,92041055
2020-08-05,959.7613525390625,991.152334357933,956.082888808404,978.9660801786949,74549993
2020-08-06,963.214111328125,978.3792977984335,951.3437476637285,973.549911434821,49322975
2020-08-07,968.7882080078125,973.9109808198931,956.9404677314833,961.2733354792168,32984416
2020-08-10,956.7824096679688,977.1606220933874,951.479128353328,974.4976996368632,26958997
2020-08-11,963.0787963867188,974.9040336698868,947.9812996710002,963.5301281069163,46828306
2020-08-12,960.2803344726562,968.1337801877427,950.8923849420117,957.3014618538515,30264617
2020-08-13,957.7754516601562,965.3805786775785,952.3367286962583,960.4609378961798,24830322
2020-08-14,954.0519409179688,973.5499968825059,942.9714216597392,958.0011681580643,33224635
2020-08-17,943.9191284179688,950.0799458521248,934.3280471075294,950.0799458521248,30979066
2020-08-18,956.19580078125,963.3044692046789,939.8571273001791,941.0531772225081,30547672
2020-08-19,962.0631713867188,972.1958989128857,957.4594807962734,966.3284079855683,34087543
2020-08-20,946.4918212890625,958.6104445458395,942.4071530026558,956.850185253758,22537845
2020-08-21,939.6314086914062,957.7529046597705,937.4423813079499,955.9475181738237,25280895
2020-08-24,945.9050903320312,949.854317250222,934.5086218851164,943.9417586729289,32717218
2020-08-25,939.7442016601562,952.9234928104662,937.8936880228628,950.5313333957848,19388008
2020-08-26,964.658447265625,969.4652701628314,923.9020783795879,941.0531605726751,59870421
2020-08-27,952.6075439453125,970.3905257659359,949.2901575537568,969.4878026998181,28085062
2020-08-28,955.112548828125,962.6725488024437,950.6442396447251,956.8501848269598,27166900
2020-08-31,939.1123046875,981.2227244337602,929.9274278526689,981.2227244337602,62076132
2020-09-01,942.0686645507812,957.9333821236513,930.8527051045198,947.8232778251647,38616258
2020-09-02,960.5511474609375,964.9743291453718,941.0530940448734,944.2124754240062,26949439
2020-09-03,953.2846069335938,965.3129161947521,949.177375013291,960.4609660708118,18586429
2020-09-04,937.55517578125,946.4466666938623,935.2758940537118,940.3986668867657,28475945
2020-09-07,939.9925537109375,950.4186091878753,922.6609018892434,940.6018903476146,21926473
2020-09-08,951.0278930664062,957.3015291324416,939.0220876589311,944.2125515075138,27397082
2020-09-09,975.5133056640625,978.4244877673116,939.4508806683891,941.0531948204808,55310877
2020-09-10,1044.4110107421875,1058.3801472724467,981.8320607367515,985.3300156152798,140304404
2020-09-11,1047.0062255859375,1055.175562246342,1032.269926063605,1043.5083899488072,59470807
2020-09-14,1039.2431640625,1065.1729199258552,1029.9679721043801,1049.3758922384438,44063445
2020-09-15,1046.60009765625,1049.7143521325797,1032.7437783357252,1043.4858431799203,27178393
2020-09-16,1049.172607421875,1069.3928153950412,1042.8538446608136,1047.1189617708817,33952295
2020-09-17,1037.528076171875,1053.3025400234242,1034.4137023752521,1047.1190390154095,25828669
2020-09-18,1040.6646728515625,1046.870616756089,1027.5079476144977,1044.5236446456088,33074915
2020-09-21,1018.1654052734375,1054.3405874780703,1014.3288768661703,1038.0921685931473,33627381
2020-09-22,997.9901733398438,1027.7111483287306,993.6572461097632,1027.7111483287306,34792254
2020-09-23,1006.8590698242188,1027.5983602691515,995.3498434566727,1020.0383606869218,42988708
2020-09-24,984.4724731445312,1004.6926220511629,982.1480045429355,996.5233454684201,29826318
2020-09-25,993.7249755859375,998.7349303522368,978.198771791248,987.9929259452438,28374935
2020-09-28,1000.2920532226562,1010.1088306263572,996.1396943292455,1005.1440030800964,19666849
2020-09-29,1013.2908325195312,1021.8437503790619,1000.2921093414723,1004.2413960622814,25842539
2020-09-30,1008.4614868164062,1023.1977860425367,1004.2413772750692,1020.0384044786468,24465159
2020-10-01,1004.3541259765625,1021.7534063617467,999.276480594019,1021.7534063617467,20783227
2020-10-05,998.464111328125,1015.1412378353376,995.665807141331,1012.8168289308439,18922799
2020-10-06,997.629150390625,1008.2582772733267,993.7024274130506,1004.3541775876134,18412175
2020-10-07,1018.9100952148438,1042.154304099075,1001.9846493971844,1008.7548038474227,53170865
2020-10-08,1010.6729736328125,1023.6491928550894,1002.9324648078214,1019.5870284539118,21077808
2020-10-09,1008.05517578125,1016.8789756571788,1000.6756850189712,1008.754766738928,18545499
2020-10-12,1009.6800537109375,1018.1201535189876,1004.8055997006869,1008.7548267067875,14226473
2020-10-13,1029.3814697265625,1031.660751903399,1004.625136856039,1006.7690374076642,23112012
2020-10-14,1032.4501953125,1039.8973756400565,1023.8745964460518,1028.5686599808257,26742011
2020-10-15,995.891357421875,1033.5785943001765,990.7008942866547,1033.5785943001765,20036197
2020-10-16,982.03515625,1007.6263364491078,980.6134107518138,999.7278829970974,21583600
2020-10-19,982.2156372070312,1005.9112356598181,972.7148700429033,988.4667686868913,31200385
2020-10-20,973.0535278320312,989.7984063552932,971.4060864555798,983.479583144778,18482288
2020-10-21,958.9263305664062,989.3469566317945,946.8077081194176,978.5146980903152,34082321
2020-10-22,950.9600830078125,962.4919326942683,943.761160688031,960.1900874152456,30802210
2020-10-23,953.7133178710938,963.6202899304686,946.1984454833869,950.5313131498879,23422125
2020-10-26,915.822998046875,948.7034169019341,911.0387387404159,948.7034169019341,37324416
2020-10-27,918.2603149414062,929.7018515417203,904.9456412841947,918.4408237514781,36478896
2020-10-28,907.8567504882812,928.7314227324945,906.028800472741,921.5550042670169,29924017
2020-10-29,914.8298950195312,921.6452355897476,898.6266653128221,901.3347148477378,30655304
2020-10-30,927.2870483398438,932.0713070827725,912.5280676575319,917.8087852454236,34021563
2020-11-02,847.3765869140625,914.875118139784,839.1169961667077,914.875118139784,99366895
2020-11-03,835.1677856445312,861.6165651396491,828.2622490237949,853.0410235222982,88691623
2020-11-04,863.5120849609375,870.6433759833506,829.1196689111366,829.1196689111366,80180117
2020-11-05,882.3783569335938,885.063843200435,871.9974294692396,882.3557933334056,37205373
2020-11-06,915.8455200195312,920.7425971059893,892.8269476303738,898.1754160907856,66674086
2020-11-09,925.5719604492188,933.8315508837121,918.9371879060812,930.7172966945931,35838510
2020-11-10,940.8499755859375,943.3098257434691,921.2842310899437,937.4423348777667,36934242
2020-11-11,901.425048828125,945.5665526357731,892.8043809348467,942.858502861752,56724780
2020-11-12,893.6619262695312,906.502703689629,886.8917719189561,894.1133176465529,40046527
2020-11-13,901.06396484375,919.2305871473199,894.4518154997988,894.564633496026,45388670
2020-11-14,903.7269287109375,909.5944198559474,900.5901107359409,909.4139110537326,5226220
2020-11-17,899.6422119140625,941.0531016992426,895.9186211486201,941.0531016992426,46542562
2020-11-18,896.9115600585938,905.6225415308988,884.680120055657,899.6421732719438,30402290
2020-11-19,890.5702514648438,907.4053832429535,888.3360969077845,896.9116378432019,27796343
2020-11-20,857.3287353515625,895.3770527052618,855.2976532438502,891.4052025799142,57471248
2020-11-23,880.4375610351562,889.148483349999,869.4021701299365,880.5729426320072,45327567
2020-11-24,886.4629516601562,890.9538240299142,871.9973571487645,886.4403880618394,30936268
2020-11-25,879.1286010742188,899.5068137121415,876.6011198738435,893.6618865906463,32637879
2020-11-26,881.2951049804688,886.8917730806558,871.1173098416299,881.4982370696008,25838637
2020-11-27,871.0044555664062,882.8748194602481,867.2131737985623,875.8338420233673,47336811
2020-12-01,882.333251953125,887.456025013745,871.1173516152288,875.7661696758335,19750687
2020-12-02,883.8001098632812,885.5378055525415,873.3514915114731,883.9580550659119,22188887
2020-12-03,886.4629516601562,894.1583922194357,884.0256651975251,890.0511607131228,27785372
2020-12-04,878.6547241210938,888.6971374121213,875.6081607043218,888.6971374121213,18464552
2020-12-07,883.8226318359375,886.8917588790096,875.8789913444388,875.8789913444388,18242188
2020-12-08,899.867919921875,909.120487964561,880.1216067950427,885.1541251431139,43403061
2020-12-09,914.8525390625,917.9442894095523,902.3503351540464,907.179721423537,29175254
2020-12-10,905.8482666015625,915.552166728337,903.1402167199674,912.437912349106,16065507
2020-12-11,905.306640625,919.8399265746882,891.0666814664153,908.556276462948,26944202
2020-12-14,898.7621459960938,909.4590234227397,896.5279914527346,906.2770186070177,17312747
2020-12-15,891.1119995117188,898.0400999784191,885.1316300478255,898.0400999784191,18551265
2020-12-16,892.1047973632812,900.40957493361,887.2077202532149,897.272697360613,18561011
2020-12-17,896.1895141601562,904.9456238899453,892.3756687000254,895.6930552499342,20252358
2020-12-18,898.875,904.9004961820984,886.8918178223723,893.7071594170455,18466344
2020-12-21,875.4727783203125,912.6184341659626,837.3567682633857,907.2023343255363,44135540
2020-12-22,874.1187744140625,884.13862467934,852.3413781920493,879.6703154945026,28140001
2020-12-23,877.3458862304688,880.7760906412614,866.8746448149003,871.0947542977892,19501410
2020-12-24,900.0485229492188,902.1472362313513,878.2711268911072,878.7675857883312,20776988
2020-12-28,904.1783447265625,910.8131178458168,900.5675716632815,905.7129083554405,17221499
2020-12-29,898.197998046875,908.2404117114976,894.8128611333499,906.7509753463718,18611939
2020-12-30,900.6578369140625,905.9385552751692,891.6535274403722,900.5450189082468,22043630
2020-12-31,896.0540771484375,908.0598221912284,893.0300772883096,899.7551043755919,18781189
2021-01-01,897.047119140625,901.3348599535196,894.5647051802756,897.27275515116,10015175
2021-01-04,898.55908203125,902.1923588792536,888.2458453983129,900.4772865018267,24513534
2021-01-05,887.3882446289062,895.2867576296607,882.8296217394585,888.6971124168427,24123091
2021-01-06,863.986083984375,887.3431107117481,859.8788522034279,887.297983512097,46401468
2021-01-07,862.5869750976562,877.8649808483686,859.8789250447446,866.8070252352164,32325918
2021-01-08,872.7647705078125,874.8861072218933,863.015742571038,865.6786654184649,27540187
2021-01-11,856.313232421875,875.0665690475399,854.1693322211945,875.0665690475399,33307825
2021-01-12,883.3036499023438,884.6350813991116,857.5092762592445,858.9084582491231,41161546
2021-01-13,875.0665893554688,891.3826993524976,865.8817711258671,886.2373626282811,26619458
2021-01-14,884.9058227539062,887.7493136723414,875.1793599061967,877.8648459446861,21553242
2021-01-15,874.4572143554688,890.86357691647,866.6038285437963,884.9058318391973,20593268
2021-01-18,895.4447631835938,901.3348178565226,868.093322463363,879.7154269171596,35100458
2021-01-19,910.0909423828125,916.6805284572496,900.2741645341835,900.2741645341835,32006615
2021-01-20,927.3773193359375,928.8667555895526,903.320643603404,912.3475752102067,30924537
2021-01-21,947.552490234375,956.8501859101181,936.539722158253,939.6991037539394,39087742
2021-01-22,925.0755615234375,954.7514714069698,918.5536065523528,952.7880800202875,30532660
2021-01-25,876.0595703125,918.4633817134077,871.9974654980874,918.4633817134077,54207104
2021-01-27,855.2977294921875,868.8380990078514,852.1383477435087,868.8380990078514,42370131
2021-01-28,846.9703979492188,868.0707665841978,844.0140887864603,848.5952159319003,34067814
2021-01-29,831.3538818359375,863.4670185270817,825.9602859922227,854.9817319108826,43712383
2021-02-01,855.43310546875,859.8111004411335,834.084477925657,839.2298143671649,34180952
2021-02-02,869.1990966796875,875.6081736879117,837.2213427448476,863.9860695183817,41470034
2021-02-03,871.38818359375,881.0243335187519,857.554427887479,870.3275152709535,30301696
2021-02-04,868.5220947265625,875.6081993096957,859.8111124753323,868.3866534338506,25626981
2021-02-05,868.2738037109375,877.7069402051127,866.5812949964159,871.1172947571725,20248046
2021-02-08,880.7760620117188,888.6971388465231,870.6659579070334,872.4712846072483,21183400
2021-02-09,882.8974609375,897.9949582317895,881.1598247943388,885.5153163375164,19604141
2021-02-10,891.0892333984375,895.8058015904561,869.8760478719553,881.8141615916637,21234156
2021-02-11,927.8287353515625,931.6652040177879,890.1640575276463,893.6619528050209,42539278
2021-02-12,921.4647216796875,937.8936480254456,909.6394857850835,927.738416899162,30497029
2021-02-15,917.4026489257812,930.3562442810988,913.9724445678881,924.3759353313053,15791099
2021-02-16,929.5438232421875,938.5255683500038,918.4858688517324,920.6297689320974,21421660
2021-02-17,940.2632446289062,945.9952940995148,925.5268269442237,929.7694401272191,23742994
2021-02-18,933.2449340820312,951.6146304224952,929.3633380518262,941.0531936529034,18646877
2021-02-19,938.9317626953125,950.0574077634237,926.7454493980867,928.4154541842837,23403483
2021-02-22,906.3447265625,943.2647459186029,900.4096042931712,938.7964367473062,23804335
2021-02-23,913.2728881835938,926.5649977273687,908.8271426020757,924.3534067368045,25644108
2021-02-24,930.220947265625,932.1391518608341,914.491550200775,916.2292459832904,10807663
2021-02-25,967.8403930664062,971.2931609562635,935.6369439506498,936.9909986645049,34855693
2021-02-26,941.4142456054688,963.123891576847,934.5989040579532,955.4962007136306,37481215
2021-03-01,948.590576171875,953.2394537638484,930.897848571293,952.4269850885058,17680764
2021-03-02,950.53125,961.3635079846885,942.9035601228561,957.7527951178306,17150760
2021-03-03,993.9055786132812,1001.9395335212855,951.0730007855624,957.3241328149178,31924461
2021-03-04,982.0578002929688,988.421750465709,973.8659000002634,983.9308776144062,21435754
2021-03-05,983.3441162109375,998.3513582522689,971.7671384426377,973.098629670046,25511666
2021-03-08,988.9407348632812,1007.3555561541084,978.5146809764005,978.7403169614485,19506841
2021-03-09,988.9181518554688,999.1862609710787,968.8559482883367,992.9576927650287,15154484
2021-03-10,984.8109741210938,999.7730887336929,979.5302558776189,996.1171885060364,11519358
2021-03-12,964.7938842773438,995.8463528292266,958.6104430105866,990.7010162557301,16864952
2021-03-15,951.8402709960938,969.894016181107,939.022056998036,965.899662068002,16698099
2021-03-16,948.0941162109375,959.5582754400099,945.7922708635552,954.1421160708194,13873801
2021-03-17,927.6707763671875,949.1773492874154,918.5310260738679,946.9431947370554,19210236
2021-03-18,906.7960815429688,940.9628627496759,903.1401815146905,935.5918307044085,20647480
2021-03-19,939.6990966796875,945.9502287147974,894.9257507304794,898.6267780925764,41787429
2021-03-22,930.8527221679688,936.088313055874,917.6734905482226,934.7343179799378,18572478
2021-03-23,942.1814575195312,952.2013071535108,927.9641218620927,930.6496079854647,17421165
2021-03-24,924.0374145507812,938.6835185270156,920.9231603023551,938.6835185270156,16822814
2021-03-25,898.829833984375,927.0614339788925,895.9186520687285,927.0614339788925,22001648
2021-03-26,900.2741088867188,908.8722130154059,890.8184686126791,908.1049312659724,20180202
2021-03-30,915.9132080078125,924.7595715908199,898.8749446091667,906.2995626603248,20441701
2021-03-31,904.0879516601562,925.2108826971944,902.2374380883726,910.8130382876154,16250796
2021-04-01,912.5507202148438,916.2291839450849,904.1105608753422,910.813084242052,11723312
2021-04-05,899.3489379882812,913.9724790288182,885.582933146535,913.9499154284324,14875099
2021-04-06,895.6027221679688,904.9229807916713,888.6971267728383,904.4942127215924,14009194
2021-04-07,903.9751586914062,923.8569132620463,899.6648545655975,902.6888544411458,24266353
2021-04-08,905.1035766601562,912.6184496390974,899.5294718287386,907.6536814191865,15369188
2021-04-09,894.5872192382812,905.5548598128081,893.661932570132,901.9892738152234,14037885
2021-04-12,862.5869750976562,885.2670360594527,857.6673339221142,884.1838040998745,20901482
2021-04-13,871.9071044921875,875.8789544165105,865.6108457842467,868.3865862271591,19411189
2021-04-15,877.5490112304688,885.0864478844724,863.4219285584875,869.4248015602077,19723716
2021-04-16,872.0425415039062,880.0764962565872,869.492436882543,874.0736236379038,15656948
2021-04-19,858.3216552734375,864.9564280013587,853.0409372873982,859.3597599294095,18478808
2021-04-20,858.0734252929688,866.1298835841033,853.2440391612164,862.2934748740392,17203668
2021-04-22,860.4430541992188,864.0763909126439,847.038126173648,854.0565402952617,14490954
2021-04-23,859.5177612304688,866.084783440233,855.4556567138424,860.2624793969826,11828857
2021-04-26,874.6378784179688,885.5378891909199,862.7449497505725,866.581418789522,20846778
2021-04-27,897.5660400390625,901.4250123029811,874.8182915364723,875.6081368680552,19992524
2021-04-28,901.47021484375,906.2996013229371,893.7297060704715,901.7184741400474,17122437
2021-04-29,913.543701171875,922.7737059327087,905.9837012820783,913.0246189844161,17412606
2021-04-30,900.2064819335938,918.9372550182458,897.0696639164535,906.5253048610995,19828769
2021-05-03,884.206298828125,893.2106078294329,877.0073762854873,887.3431167617707,23640186
2021-05-04,865.0467529296875,888.1556413637521,862.5192714204591,880.1216860397934,21849830
2021-05-05,866.62646484375,874.9311830141904,861.1877417678091,868.0933376376232,12393609
2021-05-06,871.5460815429688,873.351467984722,860.5332540943049,867.4162861727356,14624666
2021-05-07,871.8845825195312,882.6717141211767,869.289350739611,874.5926322966467,12288548
2021-05-10,869.3796997070312,878.6773959888417,867.0101633558089,875.1569368648484,13941237
2021-05-11,872.5164794921875,874.9537063750458,862.0678019203975,864.3245797004668,13478264
2021-05-12,863.489501953125,872.4035558387152,860.7137615341056,871.1398152651564,13177961
2021-05-14,874.3895874023438,876.5108642766377,860.2625054108522,870.2146050700743,13291616
2021-05-17,884.7930908203125,886.1922131252846,871.2752855358857,874.3895996285223,11873078
2021-05-18,897.2501831054688,903.8623926091062,890.2768962963072,894.1133650520243,12064918
2021-05-19,901.3573608398438,910.1134700489604,890.0512067367108,893.6619198826413,16317002
2021-05-20,896.0992431640625,907.6085298258828,894.1133478678807,901.7410386469029,11422532
2021-05-21,903.8397827148438,907.0217278069957,896.3700373777015,899.0780871843959,10785605
2021-05-24,896.2120361328125,907.1120455871035,894.5646545808229,906.2995769189343,8551760
2021-05-25,886.0568237304688,901.3348284850034,884.6350781454706,901.0640055897504,14780102
2021-05-26,889.1710815429688,893.436318314461,887.0272410491106,891.4052361303035,7480204
2021-05-27,891.9017944335938,899.5294855338184,885.6506620923865,889.2839988316376,26819294
2021-05-28,945.476318359375,950.0800090423911,898.1754320907405,898.1754320907405,56469931
2021-05-31,975.039306640625,989.2115150434242,941.0756583298827,948.7259121956556,59124142
2021-06-01,978.9208984375,993.8603885283871,968.8107347954659,977.611970938607,28013832
2021-06-02,993.5219116210938,997.2455024822107,973.5499025688986,973.5499025688986,24630162
2021-06-03,997.313232421875,1015.5249829566307,991.197541606595,1002.4359457378657,23974257
2021-06-04,988.6699829101562,1000.38234182816,985.8490553582253,999.6376236399614,14468646
2021-06-07,1005.3245849609375,1011.9142309078353,986.1876070242225,993.8604848949419,16336573
2021-06-08,999.54736328125,1005.2117222594065,992.1227450436447,1004.9635226595291,9674735
2021-06-09,981.674072265625,1002.4358661639994,973.9786315641471,1001.5332028305284,11409161
2021-06-10,985.2849731445312,1006.4981611610059,982.8251227181646,989.9789185964415,14155653
2021-06-11,1002.375244140625,1009.1011338517071,987.4063134106076,988.6745196444147,13762778
2021-06-14,1016.75537109375,1022.8018129970553,994.1773836624807,1003.2131430271446,20332436
2021-06-15,1019.0653686523438,1030.3430126999276,1014.6720508016263,1024.0475051449755,15174215
2021-06-16,1001.6731567382812,1017.7290947897937,999.0688775364099,1016.755357809192,10797349
2021-06-17,1003.507568359375,1012.2715613635339,987.315775310826,996.419402245226,15745975
2021-06-18,1008.0366821289062,1012.2715036865906,989.3311797612216,1007.9687553467284,29369026
2021-06-21,1013.2905883789062,1017.9329709190221,996.4873942658087,998.0046654296643,12186448
2021-06-22,1008.0820922851562,1024.047523693767,1005.1834033496904,1020.877007795391,12871913
2021-06-23,998.8424682617188,1019.336948449686,997.1892837583877,1019.0652413259819,16653951
2021-06-24,975.3587036132812,1003.0319792586279,969.2443347205035,999.5218896905816,91461975
2021-06-25,953.1431274414062,975.3587813357442,942.5675134722279,975.3587813357442,55355022
2021-06-28,944.7868041992188,963.1299720367883,942.5222185353294,961.0918688993542,20277042
2021-06-29,945.6019897460938,955.2038659394034,943.9262228096128,946.3719464304492,27144063
2021-06-30,955.951171875,961.3861531398231,947.0739679222726,949.4291224770184,19762858
2021-07-01,950.19921875,961.6127163035006,948.863085632743,959.2802038142157,12534407
2021-07-02,964.2848510742188,966.0286046961062,947.9345027993265,949.7688254664646,14086620
2021-07-05,973.8641357421875,975.3814069298204,965.3945518663345,967.6364952540457,11702287
2021-07-06,962.3599853515625,973.2752927037599,960.2765977537204,971.4863144110957,10070124
2021-07-07,955.679443359375,963.6961219133111,950.2218196134942,963.6961219133111,10454892
2021-07-08,947.7760009765625,958.8045791709611,942.5221577829742,958.8045791709611,11185460
2021-07-09,938.0835571289062,947.3683817256788,935.7736870853545,945.6925548959384,9037675
2021-07-12,943.92626953125,951.8070347554016,939.5782363454429,941.9560333000883,8585292
2021-07-13,950.9917602539062,952.5090313833667,945.7152147930674,951.1276138236502,6717133
2021-07-14,944.7868041992188,954.2301252196338,942.6354298484742,951.2861518765445,8532544
2021-07-15,943.1336669921875,948.8630578642602,941.3899132919198,948.8630578642602,9448356
2021-07-16,956.7438354492188,957.808201493028,945.5114761829108,945.5794029707818,8828185
2021-07-19,950.6520385742188,961.9976083202988,947.6174964042133,951.1275859545519,8354449
2021-07-20,948.3194580078125,954.7509382666392,943.8809159970199,950.9010950356152,6741464
2021-07-22,960.5029907226562,961.9523350417173,950.289713605715,959.7330340406753,7972397
2021-07-23,953.7092895507812,966.7306870173245,952.0561048845019,966.7306870173245,9937030
2021-07-26,940.6426391601562,960.6389323639107,938.0383595793566,954.7510454031105,12389668
2021-07-27,930.7462768554688,943.745031435626,924.8583903750485,940.6199201537044,10824523
2021-07-28,922.7523803710938,932.1051326635076,913.1957878078247,932.1051326635076,12897848
2021-07-29,929.9536743164062,939.5329082786225,925.4924300252735,930.2933681370648,13765738
2021-07-30,921.8239135742188,936.6116474595756,919.9216040760916,932.1051183084293,11350608
2021-08-02,938.6724243164062,941.7975357253354,924.4734496016514,930.4293230086479,10925104
2021-08-03,945.579345703125,947.0513322851771,934.9131634487219,946.5984271599676,11817299
2021-08-04,952.8261108398438,957.468493410625,945.239695070289,948.5912889902256,13169800
2021-08-05,966.6400756835938,975.9474827845528,953.0525024475675,957.604315821072,21252078
2021-08-06,946.168212890625,972.3921457790564,941.5031281309346,964.6925186543999,16620987
2021-08-09,940.7784423828125,946.5078930939915,935.9548618556917,942.522196064497,7494143
2021-08-10,945.7151489257812,957.0154935941663,939.2384442496343,942.9750161589803,11919198
2021-08-11,958.9630737304688,960.1859355324891,943.6091647712293,949.7461759426325,9184963
2021-08-12,955.88330078125,962.9941092821113,953.3922326146494,962.4052906590396,8137612
2021-08-13,971.8033447265625,973.7282964676544,955.1812882059611,958.9631450993386,12780901
2021-08-16,984.4171142578125,997.7782056289792,963.8772875225334,973.4791642916643,21935444
2021-08-17,980.2276611328125,989.7162669243918,972.7998007947025,982.3111087496648,12658169
2021-08-18,984.0321655273438,990.4409443539315,974.9511803260805,984.6436264377176,10075860
2021-08-20,972.9810180664062,983.7377705115615,967.8856701396296,970.6031610804986,9426282
2021-08-23,979.3670654296875,984.6435509846982,965.7568499022403,984.6435509846982,9854395
2021-08-24,989.0369262695312,992.7961409161452,976.3098780018888,980.5899844960273,11864472
2021-08-25,997.5969848632812,1005.4778098902966,987.4063495975512,989.8068486851395,13380559
2021-08-26,1010.2107543945312,1016.7554463089577,998.6839861429403,1000.0427614622415,18589616
2021-08-27,1008.8292846679688,1015.7816567389563,1003.6887127626729,1013.1773175448565,10480636
2021-08-30,1028.23681640625,1030.7732288164937,1013.0867479284576,1019.0652631807153,14027062
2021-08-31,1022.7566528320312,1034.351288521445,1015.5552151770501,1031.2488192815088,26485463
2021-09-01,1026.8101806640625,1038.495504793424,1024.9532755584123,1029.482446811587,11145486
2021-09-02,1039.1749267578125,1045.2440116453542,1021.3299483032399,1021.3299483032399,9956770
2021-09-03,1081.7943115234375,1084.7382844176575,1042.8433961232756,1046.2402142010292,30664428
2021-09-06,1098.5977783203125,1123.2365131929273,1092.4380047519112,1092.8909697996994,33641710
2021-09-07,1105.52734375,1113.272195169168,1092.4379602260194,1100.5904921516135,17349882
2021-09-08,1101.2017822265625,1111.460402276985,1090.0147098003558,1110.5545921591392,14301651
2021-09-09,1098.5977783203125,1104.145971203985,1094.2950296674799,1099.6394421897962,8963249
2021-09-13,1074.117431640625,1101.9492019199529,1072.5322338327235,1101.9492019199529,16311160
2021-09-14,1072.71337890625,1084.2853708994928,1071.6036685532943,1075.6799942004575,8908356
2021-09-15,1077.174560546875,1085.0779069197367,1072.7359589929417,1072.7359589929417,9071075
2021-09-16,1099.775146484375,1103.647571826163,1072.0565884901453,1078.6465641491313,13448882
2021-09-17,1082.722900390625,1112.2984866148895,1075.9517858407112,1107.837242193017,34882133
2021-09-20,1084.444091796875,1095.3140549772365,1073.415512979037,1074.3666078022443,11779819
2021-09-21,1089.1318359375,1094.5215333838828,1079.7563812162018,1089.2676895218028,9915736
2021-09-22,1100.817138671875,1106.0255780999046,1086.210482648724,1090.6264428510565,10995912
2021-09-23,1127.7203369140625,1130.9360171926044,1107.6107744419755,1108.4713001643795,15748397
2021-09-24,1124.459228515625,1134.7631343059459,1119.613065939266,1133.9026086017536,15192163
2021-09-27,1143.36865234375,1145.837138258342,1121.1078331879216,1126.4069614315592,15373834
2021-09-28,1154.0574951171875,1161.689135216267,1138.092065214608,1147.6939414575027,18035258
2021-09-29,1144.90869140625,1163.9991145771864,1141.3758992926414,1163.9991145771864,9719875
2021-09-30,1141.0133056640625,1147.965677369511,1132.4532137255203,1143.6176447212324,13590654
2021-10-01,1143.0289306640625,1150.320936930379,1130.0302358504632,1133.1779894261922,8958928
2021-10-04,1157.72607421875,1166.1955973057436,1149.075293250508,1156.2993722307872,10918552
2021-10-05,1181.75341796875,1183.0216242133338,1153.7403880823629,1157.2505376163047,13533634
2021-10-06,1159.4019775390625,1186.6222902143543,1155.4389825506435,1186.6222902143543,10258881
2021-10-07,1165.0860595703125,1177.0204479976474,1162.9573276219362,1175.3219190109808,6336665
2021-10-08,1209.8570556640625,1215.8129290316733,1169.207605953432,1170.906015220909,15772493
2021-10-11,1201.4327392578125,1231.9367793726578,1198.1264896541243,1223.512539721895,14768666
2021-10-12,1208.2943115234375,1215.1787568517786,1196.269354160262,1197.9678831315707,6682011
2021-10-13,1220.591064453125,1231.7102112927382,1208.9736680853593,1213.3669853963502,9959762
2021-10-14,1223.0596923828125,1230.7820226229398,1217.0811759648275,1223.0370501176033,8623469
2021-10-18,1226.320556640625,1243.2596035729455,1205.8033136478314,1208.6567177514992,13594479
2021-10-19,1237.3037109375,1246.1356302424738,1226.5016753447112,1233.6577079515857,8833409
2021-10-20,1223.0596923828125,1242.2408058239628,1219.0287701738525,1242.2408058239628,12710570
2021-10-21,1187.77734375,1235.560187794889,1179.0359922815946,1235.2884806281218,20831669
2021-10-22,1189.99658203125,1206.9810344630644,1182.7951444896785,1186.6449281501523,11027475
2021-10-25,1178.4017333984375,1213.819979870448,1163.9989792562783,1213.819979870448,17198417
2021-10-26,1205.2373046875,1208.792739180254,1179.013369646043,1185.3316395816128,9750178
2021-10-27,1189.99658203125,1212.3707315877277,1186.6222858874532,1201.138372284091,9896298
2021-10-28,1176.9522705078125,1194.774603252533,1173.283745409445,1186.6447146030193,9886181
2021-10-29,1148.7132568359375,1175.843002928945,1133.0649360229452,1175.843002928945,14233025
2021-11-01,1149.4151611328125,1157.6582624374937,1129.6225892164332,1148.7131311991511,15481114
2021-11-02,1132.656982421875,1154.0347494893902,1130.1433322293192,1152.6759743257276,10569130
2021-11-03,1124.866943359375,1141.3531452072293,1114.6309640383438,1135.0348760961226,11989430
2021-11-04,1131.7738037109375,1134.513996271511,1127.7655248366461,1129.1015379278679,1705656
2021-11-08,1133.1778564453125,1141.3530297583548,1112.5474040608012,1141.0812028496898,20337183
2021-11-09,1142.123046875,1145.384011549245,1126.429444729638,1134.5593339553402,15682497
2021-11-10,1154.8953857421875,1158.56403111527,1133.9479393972968,1139.8585280650227,10253470
2021-11-11,1157.0015869140625,1164.2255472479787,1148.3960890914113,1150.4342522284085,10722478
2021-11-12,1174.46142578125,1177.0204805624614,1158.1110771767962,1160.783343266853,8712341
2021-11-15,1167.53173828125,1178.5829582987624,1163.9989466772256,1177.5864592461573,4803269
2021-11-16,1140.402099609375,1166.2636363626991,1130.0302662731583,1164.9275032865714,11337581
2021-11-17,1115.98974609375,1131.819202659116,1114.6309708056715,1131.819202659116,10202029
2021-11-18,1120.201904296875,1127.3127730233773,1109.6715745881545,1114.1781038166205,8505625
2021-11-22,1070.5848388671875,1109.1961291306902,1064.8101030658254,1103.353466536403,24124307
2021-11-23,1080.59423828125,1087.5692534410966,1045.7875684738456,1056.6801744196864,25326999
2021-11-24,1064.9910888671875,1091.4867243500764,1061.4356552775093,1077.9444973476766,16820296
2021-11-25,1129.1016845703125,1133.2006528139436,1067.5954770563671,1074.7742721480843,42401936
2021-11-26,1092.709716796875,1122.1493269988055,1087.6822964764374,1117.7107252384765,15763138
2021-11-29,1105.7989501953125,1132.2947064909179,1086.5951994258771,1104.7120019443607,24325354
2021-11-30,1089.44873046875,1121.3794713466475,1081.9529437331894,1117.8013949441001,32172299
2021-12-01,1117.3486328125,1120.519028933976,1098.3713010103995,1101.9493776790864,10104610
2021-12-02,1124.52734375,1130.5737867535804,1114.9028239659328,1118.5714698041102,12720411
2021-12-03,1090.739501953125,1131.6153710496726,1087.0029299803193,1131.5700865288095,19222481
2021-12-06,1070.0638427734375,1098.3259382907745,1067.595476803198,1094.2497321105475,10332254
2021-12-07,1078.7825927734375,1088.8146726752468,1068.8863664494722,1076.2010153934032,11235122
2021-12-08,1095.200927734375,1101.4058665244686,1089.8565147837464,1097.9184786382343,8744178
2021-12-09,1112.5703125,1120.926625884508,1098.326051956675,1102.85522364802,13213547
2021-12-10,1113.7025146484375,1116.8955527047663,1100.7489847314073,1105.2328712872275,8364414
2021-12-13,1091.3736572265625,1120.5642045309762,1088.8146024741634,1120.2924973928066,12901733
2021-12-14,1078.0125732421875,1089.7205393231307,1074.9553887174345,1077.944646457222,12991523
2021-12-15,1074.8648681640625,1089.2676234327396,1069.38448219365,1079.7563157042177,9366969
2021-12-16,1088.769287109375,1094.0231302341062,1072.8039773873268,1089.5845283011158,9761279
2021-12-17,1060.03173828125,1090.6263454753455,1050.7694958949853,1086.1198166210095,21049821
2021-12-20,1031.4525146484375,1049.7956192892589,1017.751672013911,1049.7956192892589,14325846
2021-12-21,1046.8065185546875,1062.5454064146618,1038.1784989493156,1046.8518030785813,12836561
2021-12-22,1071.649169921875,1074.276151843881,1051.6755775302054,1052.9889486908655,17658543
2021-12-23,1071.263916015625,1077.9444602528379,1068.0029516992752,1075.2269101223426,9072401
2021-12-24,1074.6837158203125,1083.3796623765666,1058.718285237532,1073.4155095265614,7886494
2021-12-27,1073.5286865234375,1077.0388360812635,1063.4966072069749,1069.588333994207,4017223
2021-12-28,1086.2783203125,1089.1996512774408,1074.7968966086662,1075.9517717574063,6374613
2021-12-29,1088.1353759765625,1095.6085205634522,1078.8957755234705,1082.926817028114,15425312
2021-12-30,1068.478759765625,1089.245070757408,1062.3643899373753,1087.003127167027,29333171
2021-12-31,1072.57763671875,1079.7110276415224,1068.8863489128844,1074.7742955921874,9477290
2022-01-03,1088.7467041015625,1090.603728995159,1070.4941656370397,1071.1509110384136,5421611
2022-01-04,1113.3175048828125,1114.6309956772857,1088.81462402871,1094.2044407783767,10847728
2022-01-05,1118.526123046875,1121.877776996668,1101.9267085410534,1115.0840198447643,11643813
2022-01-06,1094.47607421875,1111.4605249543165,1091.0791361515087,1110.1923187691705,14447422
2022-01-07,1103.30810546875,1113.2949007403674,1092.2342419850618,1101.020877531252,13112115
2022-01-10,1104.2138671875,1112.8193642531028,1094.2723568788356,1110.5547786779957,9246731
2022-01-11,1112.1627197265625,1120.9492358826358,1102.8551919025351,1103.3081569787676,16205164
2022-01-12,1141.851318359375,1143.595131948247,1116.4426269818646,1119.2960312179016,14800442
2022-01-13,1148.2828369140625,1150.8645340891296,1136.0993826537385,1141.9194026287705,11856712
2022-01-14,1149.95849609375,1162.776052313962,1144.0026230998735,1148.146875628832,19930176
2022-01-17,1155.9595947265625,1161.734329339856,1149.0526273304495,1149.5055923237667,8036453
2022-01-18,1142.16845703125,1160.5342073047743,1139.4282640408564,1157.0921041700744,6215029
2022-01-19,1142.077880859375,1151.3173615953267,1136.3710722869748,1145.882379974198,9755485
2022-01-20,1122.0816650390625,1136.8015335141931,1111.9136106984854,1132.3176461756468,16494486
2022-01-21,1122.2626953125,1133.3139167394952,1110.5548482538704,1110.5548482538704,13338594
2022-01-24,1076.9935302734375,1134.4461715764583,1066.666981959244,1120.9717499530957,21868937
2022-01-25,1074.887451171875,1081.8623458947789,1043.9757327083191,1064.1532222498897,24510205
2022-01-27,1058.96728515625,1067.1198169153088,1046.7159051568356,1058.0161903944513,20020431
2022-01-28,1057.9483642578125,1076.0876922422228,1054.5741878483832,1071.1509600753575,14667727
2022-01-31,1080.933837890625,1089.9016105598887,1067.1650674426833,1068.9768076649402,12143683
2022-02-01,1077.3558349609375,1096.333045361315,1063.0436492942567,1090.6263567842825,13200509
2022-02-02,1079.5523681640625,1090.1732649193555,1075.7252273627023,1090.1732649193555,10017691
2022-02-03,1065.6026611328125,1087.659819731054,1063.0890104902376,1083.3797131393435,9572839
2022-02-04,1055.8875732421875,1063.6551874088461,1051.2678326966015,1060.2808911532845,11061241
2022-02-07,1049.4560546875,1067.4368843783152,1043.9756693517945,1060.7336971993545,10714467
2022-02-08,1067.09716796875,1068.8862659765236,1046.240291320876,1055.5931024543218,12060849
2022-02-09,1079.5299072265625,1081.2056742872649,1067.9805561051007,1073.9363098694528,11486225
2022-02-10,1078.420166015625,1085.055306543387,1071.19608713209,1085.055306543387,12464491
2022-02-11,1076.314208984375,1079.982854527415,1061.6849113374171,1074.887506839841,15943370
2022-02-14,1059.1712646484375,1066.599124811997,1047.5991516117767,1059.9412213800138,10719633
2022-02-15,1095.1329345703125,1097.8278430466569,1057.880422222606,1064.9006018983252,11212671
2022-02-16,1092.8682861328125,1101.9492706042658,1085.16871921443,1100.5904953127101,10392840
2022-02-17,1106.7049560546875,1111.8682307103675,1091.5322435754686,1096.106699582626,12853252
2022-02-18,1098.0543212890625,1112.5476464311962,1096.129369451274,1107.1126644779383,6775458
2022-02-21,1086.9576416015625,1103.987376793005,1080.028031731223,1092.4379072087868,11107193
2022-02-22,1082.0208740234375,1085.146105195485,1063.066305633856,1065.6705251768456,13494914
2022-02-23,1075.249755859375,1089.9696221846223,1072.5096827529123,1087.5012562225045,7310110
2022-02-24,1021.6695556640625,1059.7827129241718,1016.0760782454672,1043.975778151862,24846650
2022-02-25,1034.4420166015625,1045.3119804850721,1030.954508957098,1032.698202879161,14570089
2022-02-28,1068.682373046875,1072.2151647642706,1015.8948766365417,1015.8948766365417,21297446
2022-03-02,1086.3463134765625,1087.4560239699686,1054.9364629191114,1057.3142599474093,21471786
2022-03-03,1077.174560546875,1093.7286874382123,1073.4379888203655,1087.0028583304952,10186748
2022-03-04,1053.283203125,1070.8337101992126,1050.9280486616494,1065.7157207883167,10805667
2022-03-07,1014.3323974609375,1047.1915918601796,1006.3836454479082,1032.0640445664155,17983310
2022-03-08,1012.4979858398438,1017.253699474235,987.3610616449254,1001.6279629474421,21289374
2022-03-09,1066.214111328125,1072.0567736389658,1011.8865764630572,1012.724579802494,20414228
2022-03-10,1083.4927978515625,1089.267532756051,1068.8862634347242,1087.0029472759036,17980493
2022-03-11,1086.6180419921875,1091.9852168591085,1076.1556390217638,1076.1556390217638,12257423
2022-03-14,1095.54052734375,1098.0542977910961,1075.2271823953638,1081.0698447752459,8340678
2022-03-15,1070.44873046875,1099.6619166858584,1060.2127522331937,1099.6619166858584,15925769
2022-03-16,1088.5203857421875,1090.581191192119,1076.6312801930274,1078.850581492875,11149828
2022-03-17,1124.0064697265625,1131.1172183134404,1093.8420644373464,1101.8361008572806,21422098
2022-03-21,1117.52978515625,1125.0482148088292,1104.6669425964524,1106.9315283978274,11999466
2022-03-22,1146.4033203125,1148.1243719419283,1111.2795389519592,1114.2233926126817,22557065
2022-03-23,1150.0491943359375,1161.666592238369,1142.7120228084564,1142.7120228084564,15462187
2022-03-24,1167.91650390625,1170.4076314115275,1136.8237728076303,1136.8237728076303,13168266
2022-03-25,1175.7069091796875,1184.8331776508987,1167.169339474114,1169.6604672992412,14222488
2022-03-28,1187.5283203125,1191.060992805179,1171.4723190412603,1182.1158606493575,9891424
2022-03-29,1187.7999267578125,1194.7974641560254,1180.9382429362058,1194.7974641560254,8684065
2022-03-30,1210.627197265625,1217.4435974390792,1185.3317132868501,1195.6582636427747,15811550
2022-03-31,1193.325439453125,1209.1550162306944,1190.5400818204482,1207.0036419353132,13223718
2022-04-01,1202.882080078125,1207.094259791017,1187.55087204633,1193.8916640782966,7922880
2022-04-04,1206.4373779296875,1211.5553673825946,1196.4505836886062,1202.7008059618925,7929162
2022-04-05,1189.3851318359375,1209.2456310104756,1186.9620503043643,1200.7307025551163,13149870
2022-04-06,1186.214599609375,1193.2121362457021,1171.7439190700502,1171.7439190700502,12257215
2022-04-07,1165.2900390625,1180.304256772375,1162.640414854713,1175.367404397338,15496499
2022-04-08,1184.6748046875,1188.9096265891387,1159.4698932414146,1159.4698932414146,15152495
2022-04-11,1182.2064208984375,1195.0466201854251,1169.8869936426172,1177.5865608022991,9254209
2022-04-12,1159.9454345703125,1178.7641486995603,1157.3863798447205,1171.698565177911,13217742
2022-04-13,1155.68798828125,1174.2349955581562,1152.9025109003892,1166.0371790472568,10354235
2022-04-18,1152.155029296875,1159.3791077095213,1142.1682359661668,1147.2409404358555,9974224
2022-04-19,1196.065673828125,1208.385101413979,1155.4163428280708,1158.564096562945,26141820
2022-04-20,1231.234619140625,1238.2775602010167,1199.8247720277507,1203.4481327307994,25072240
2022-04-21,1260.0631103515625,1263.1882220689733,1237.3718474027373,1245.9320610290454,21708633
2022-04-22,1249.510009765625,1269.0760391912017,1242.8973909745034,1249.5552942902013,15054154
2022-04-25,1220.61376953125,1249.3287095526507,1206.414795351199,1242.0821076628993,17063215
2022-04-26,1257.1417236328125,1265.9057172545076,1226.3659755709643,1227.4076394974306,12227666
2022-04-27,1258.364501953125,1280.8518611647926,1247.8114113086813,1248.1738072854712,19338945
2022-04-28,1277.1607666015625,1291.269173560739,1261.874722290275,1272.676879438306,25614076
2022-04-29,1263.7542724609375,1293.6015662528664,1257.8889681093667,1293.6015662528664,18214862
2022-05-02,1259.315673828125,1270.6612443033114,1249.1702630612974,1250.9593611931234,9467006
2022-05-04,1220.0023193359375,1263.6410258882418,1212.1442565160846,1261.3764403153348,19247660
2022-05-05,1196.1109619140625,1236.4659436174286,1192.0800401164388,1233.5219702392728,17210669
2022-05-06,1186.9393310546875,1204.3087009820067,1174.6651887519583,1183.112189870724,19649948
2022-05-09,1140.583251953125,1176.2732081933118,1135.4652620079833,1166.2410086662385,18083752
2022-05-10,1120.8133544921875,1144.3424996019623,1113.2722828322585,1130.0303130323607,19511677
2022-05-11,1109.331787109375,1125.4783543216395,1096.9444341111473,1119.9073998813726,16643899
2022-05-12,1086.7313232421875,1102.787203178042,1073.4155164726255,1099.458311385817,20490321
2022-05-13,1099.0506591796875,1122.3306194635952,1093.9553113783713,1098.7789520224087,19308778
2022-05-16,1099.3223876953125,1123.6892942266647,1094.54403200538,1102.6059947530612,13437911
2022-05-17,1145.497314453125,1150.366239393939,1101.496331090796,1102.9003909379085,16551828
2022-05-18,1149.6641845703125,1163.9990123371506,1136.0313867118257,1150.2530031709177,17276788
2022-05-19,1123.1683349609375,1137.9561265637965,1116.918112875952,1125.0480019185666,14699118
2022-05-20,1188.6605224609375,1197.6962234407256,1133.200752456055,1137.9563467189944,21793091
2022-05-23,1180.7117919921875,1201.8403770570499,1174.4161648907582,1191.8534622113486,15252755
2022-05-24,1184.765380859375,1194.7974606402702,1176.5449216952304,1180.7571013596234,13527818
2022-05-25,1183.0216064453125,1203.2670225299603,1178.2658929997126,1193.4387237828619,12714544
2022-05-26,1171.743896484375,1193.393371125466,1154.0347740615534,1188.6376579513867,17882023
2022-05-27,1166.308837890625,1179.9189929679753,1150.4567396045152,1174.4387272800036,16521973
2022-05-30,1206.935791015625,1211.1025664956994,1174.9597635821942,1184.3803827895526,13853398
2022-05-31,1192.374267578125,1213.2764285050255,1184.6973432373502,1196.337262181718,70620653
2022-06-01,1192.75927734375,1202.587575606305,1184.9237375655662,1193.1215535044294,9776989
2022-06-02,1233.8843994140625,1237.575687367432,1192.9858825014019,1192.9858825014019,22126569
2022-06-03,1258.88525390625,1276.0282006397301,1241.9008029974498,1242.806733024834,23939791
2022-06-06,1253.4730224609375,1274.5110388345443,1246.3395117355965,1259.1119042533815,11093152
2022-06-07,1255.828125,1264.139152836091,1246.4527910651425,1254.5372764842177,12358255
2022-06-08,1233.7711181640625,1259.564728048269,1230.260968517713,1255.8281557796806,12479250
2022-06-09,1267.6041259765625,1269.528957983228,1227.4076388685442,1227.4076388685442,17278305
2022-06-10,1229.33251953125,1263.5957731905057,1223.5577842447772,1255.4432409626409,18093057
2022-06-13,1206.074951171875,1210.5588374187555,1184.9690106078476,1200.2324095352897,17620803
2022-06-14,1190.3134765625,1210.1286894158018,1183.6782159302647,1200.2551062805883,14714312
2022-06-15,1175.910888671875,1194.4805402025763,1170.5211912252462,1185.5354082981676,11195535
2022-06-16,1159.4698486328125,1204.331357067944,1156.752298028243,1188.0036507794862,17111475
2022-06-17,1173.0572509765625,1188.8414216894157,1157.7034029954712,1159.4697388409886,24457187
2022-06-20,1151.79296875,1185.331550638825,1141.8513382748356,1179.851164692969,12066797
2022-06-21,1170.38525390625,1174.5973137201734,1145.112415821389,1159.4698864092793,11720049
2022-06-22,1134.831298828125,1158.7000801408756,1132.7478510128988,1158.6095110793892,10617206
2022-06-23,1116.419921875,1143.6177098347453,1107.3842221697334,1139.1111811125647,19446323
2022-06-24,1132.3175048828125,1137.2768791745684,1117.8014186070498,1123.2365200121847,14240234
2022-06-27,1128.9658203125,1152.6534598644344,1123.9383995696694,1152.6534598644344,15474529
2022-06-28,1144.840576171875,1147.67133814574,1124.187598454475,1124.187598454475,13572847
2022-06-29,1168.5960693359375,1176.2278290145132,1132.7476201425022,1135.5557396776305,19205146
2022-06-30,1175.6163330078125,1184.7878859438251,1162.1873163749465,1168.5281075997498,23112959
2022-07-01,1090.943359375,1173.9631898181497,1071.150907551117,1166.2183382001654,81997149
2022-07-04,1093.2080078125,1106.025565464495,1071.6490989100685,1077.4691189892487,41857728
2022-07-05,1102.0625,1116.3973279805082,1094.7478514073186,1097.42011751126,17647327
2022-07-06,1092.3699951171875,1106.0027924376789,1081.5679595799388,1096.106567126978,23943726
2022-07-07,1081.6131591796875,1102.0623535548807,1075.6799289511744,1098.733462298577,23301033
2022-07-08,1083.1080322265625,1095.155633472675,1079.0996326989614,1095.155633472675,19010108
2022-07-11,1097.8277587890625,1100.046939975301,1073.4154479368833,1076.3594210782474,13847467
2022-07-12,1096.26513671875,1104.983845261713,1088.8146344584836,1088.8146344584836,10778989
2022-07-13,1076.8349609375,1102.4022679488555,1074.7742754785731,1099.3677256155834,14224132
2022-07-14,1085.712158203125,1102.3796184650857,1076.5632467388843,1081.5680252499114,16970315
2022-07-15,1087.8182373046875,1093.796752824721,1079.3487135847495,1093.796752824721,9603210
2022-07-18,1097.0804443359375,1098.3258884954794,1083.5154537448523,1096.5142680086967,15160908
2022-07-19,1103.806396484375,1108.2902834767385,1087.1389350761635,1087.1389350761635,16439888
2022-07-20,1133.6534423828125,1151.543703777921,1126.0670869457035,1150.4114709277653,23924246
2022-07-21,1126.0897216796875,1132.2947793542016,1117.484344754926,1129.5772288514759,16523230
2022-07-22,1133.6988525390625,1139.6773678755283,1130.030207237111,1132.2947927493988,10969995
2022-07-25,1096.242431640625,1117.5522733397709,1088.361726850526,1117.5522733397709,23110452
2022-07-26,1096.74072265625,1106.886133119494,1092.143624721455,1096.5595845623452,11303288
2022-07-27,1095.698974609375,1099.2316463703332,1087.90871936657,1096.038608509345,8655086
2022-07-28,1112.86474609375,1117.7788361232904,1096.5143960795697,1103.3081533989875,12496073
2022-07-29,1136.5748291015625,1140.0396942059215,1115.989778235377,1120.8359411287292,15130683
2022-08-01,1166.1956787109375,1172.038340631328,1135.7369249153332,1140.9681259695833,15700044
2022-08-02,1170.6343994140625,1181.1194448466035,1160.1719962455124,1165.1314906618964,13917913
2022-08-03,1180.4625244140625,1182.11564904104,1162.8440902328596,1177.586478112168,14250977
2022-08-04,1164.8594970703125,1185.6258045890304,1148.1468730281574,1182.1156551708407,14467127
2022-08-05,1147.69384765625,1167.9845468317753,1144.5008098568317,1166.7164604960217,13942438
2022-08-08,1162.7081298828125,1170.1359894573532,1146.3351396535795,1146.3351396535795,10165178
2022-08-10,1169.660400390625,1173.011933912273,1158.133573794528,1167.1239881901556,10724688
2022-08-11,1173.5556640625,1182.0704726435374,1168.618812190309,1178.990645714219,8198226
2022-08-12,1192.5328369140625,1196.3146936661199,1169.5247047340195,1173.193230375856,12650587
2022-08-16,1200.8211669921875,1203.5387175050762,1189.9512045412775,1198.511296976361,6607378
2022-08-17,1207.0943603515625,1212.416131193261,1202.746326698674,1207.0264335570182,6595965
2022-08-18,1209.283447265625,1212.782213795365,1199.6956731383873,1208.692707399817,7410035
2022-08-19,1187.7220458984375,1209.4648732471105,1183.677852607992,1204.148456169832,9460724
2022-08-22,1184.427734375,1195.651309470641,1175.0672431781986,1189.1535324408326,9471680
2022-08-23,1202.6944580078125,1205.6026043151621,1177.498175517267,1178.7023711633794,9678484
2022-08-24,1199.4910888671875,1213.2366377896576,1197.4918280790341,1199.6502220452273,10369622
2022-08-25,1195.9923095703125,1210.0103318429638,1191.6982378249359,1203.6715670494066,7871946
2022-08-26,1189.6077880859375,1204.1485194816453,1184.6095168359632,1196.4237108559755,10742038
2022-08-29,1180.36083984375,1206.4204546360302,1171.4546722003442,1174.6126958822672,19838975
2022-08-30,1198.6729736328125,1201.990130578996,1170.795826558723,1187.790261371782,23139054
2022-09-01,1163.4346923828125,1183.6780172121637,1159.0270403092493,1173.5450568236956,19909939
2022-09-02,1149.8482666015625,1170.2278880627014,1147.6671567250864,1163.4346809089884,12999345
2022-09-05,1167.7059326171875,1173.022349910166,1150.0753260593585,1150.0753260593585,11327815
2022-09-06,1179.9974365234375,1184.1552111927028,1168.7057123414318,1169.1601553219334,10899618
2022-09-07,1173.1361083984375,1179.1114147484413,1167.796974159679,1170.0689487334319,7488501
2022-09-08,1174.79443359375,1180.5198614611618,1168.2512248209334,1176.0894937430355,7057077
2022-09-09,1167.4788818359375,1185.9727033347192,1165.0704903678632,1185.9727033347192,8314850
2022-09-12,1180.5426025390625,1186.8814864106484,1168.04668408102,1168.04668408102,7435419
2022-09-13,1190.403076171875,1194.9243089400052,1181.8832020191865,1189.607891122723,8888657
2022-09-14,1176.1348876953125,1185.9725368614704,1169.0463716919833,1170.068717981627,8678219
2022-09-15,1164.4798583984375,1183.041828116281,1161.776157155841,1173.7040529111878,10365600
2022-09-16,1135.625732421875,1160.0722649582217,1131.899684568862,1155.8690579820689,20217708
2022-09-19,1137.1025390625,1146.3040180403946,1127.5147655140897,1135.6257495827476,7580254
2022-09-20,1137.2841796875,1153.119972213298,1133.5808482063046,1146.1903481529216,8411448
2022-09-21,1140.419677734375,1150.9843653188254,1133.7173348356014,1134.5125199123227,9207309
2022-09-22,1129.6729736328125,1137.352229588345,1123.3114939606403,1129.6275413603653,10308170
2022-09-23,1108.4981689453125,1134.1487732337614,1106.9532313002373,1129.1732182552973,9528051
2022-09-26,1080.2576904296875,1098.6380535950418,1079.2580600172903,1087.8460835662881,12479523
2022-09-27,1088.8455810546875,1102.3638454814661,1072.4191704410875,1087.8231145473603,16154822
2022-09-28,1059.8551025390625,1080.5528678614462,1057.4241154049128,1072.5327497220442,16997059
2022-09-29,1056.606201171875,1075.7816245647894,1051.017070236145,1072.373723430393,14671827
2022-09-30,1080.439453125,1091.4584634929545,1050.1084789606275,1050.1084789606275,18613024
2022-10-03,1076.690673828125,1098.2516553264609,1073.7370949613044,1086.687337582096,11852723
2022-10-04,1096.547607421875,1098.7287171700252,1086.0737854797874,1089.5499554327275,8948850
2022-10-06,1100.591552734375,1113.2691990866022,1098.7967377192742,1103.726980263936,13352162
2022-10-07,1105.249267578125,1110.49753632006,1097.2064333500286,1097.2064333500286,7714340
2022-10-10,1093.1851806640625,1098.547030597458,1085.0969133921378,1092.8216022630288,6329527
2022-10-11,1071.41943359375,1096.9110251312234,1068.32955827905,1096.9110251312234,9215177
2022-10-12,1079.3033447265625,1082.2342073300697,1064.6944639855953,1068.7386577474495,7417103
2022-10-13,1082.7340087890625,1087.8231445652352,1072.419200033899,1077.5538882747444,7328492
2022-10-14,1077.23583984375,1097.9790399185752,1076.5088032110611,1097.3655839798673,9106089
2022-10-17,1094.5255126953125,1096.911067683068,1064.9216983657,1070.1018190034106,16729355
2022-10-18,1113.8375244140625,1119.1766588278992,1099.705801236905,1100.5464186357249,12415820
2022-10-19,1133.2174072265625,1148.6441893082867,1109.497912475689,1115.3142054707246,19247142
2022-10-20,1136.2618408203125,1144.6227018334394,1129.173323936751,1129.173323936751,8717053
2022-10-21,1123.0843505859375,1143.6231056125362,1120.9942254138175,1139.4880471639096,8243452
2022-10-24,1126.8331298828125,1137.1252236758137,1115.6778227953112,1117.8133802746593,3370033
2022-10-25,1109.4298095703125,1135.5348605120162,1107.8167232856267,1135.5348605120162,12233241
2022-10-27,1113.7918701171875,1121.6529753517277,1105.4537260220727,1116.90446154382,12513059
2022-10-28,1147.8717041015625,1151.893061521459,1117.5634478847232,1120.0852998000876,17609592
2022-10-31,1158.5272216796875,1163.6846262416873,1150.62068370947,1154.6194450652783,12419943
2022-11-01,1149.5528564453125,1181.428644108962,1139.6243422706675,1181.428644108962,13963166
2022-11-02,1156.7322998046875,1158.7998289194838,1142.8051438822936,1150.666129478395,8981896
2022-11-03,1161.0491943359375,1163.0485752218901,1147.3719146666933,1149.5530246719463,6693449
2022-11-04,1178.1343994140625,1181.428720196316,1159.2088516372303,1160.4810755593053,12575815
2022-11-07,1184.427734375,1186.1090891689403,1169.6145286927685,1177.3392175630618,11789748
2022-11-09,1183.246337890625,1191.4027533204435,1176.9074538352093,1186.1090519678319,11254205
2022-11-10,1168.9329833984375,1179.8611290593667,1164.616195791804,1176.8848340514855,5966242
2022-11-11,1195.8785400390625,1197.7869359415272,1175.9759587388326,1181.4286729917058,12310132
2022-11-14,1190.0850830078125,1200.5134736804264,1183.7689145270133,1195.4015009715274,9043112
2022-11-15,1184.745849609375,1193.4247362453084,1176.8847439241665,1191.5617725862496,7086433
2022-11-16,1177.95263671875,1188.6763362500183,1172.954245151571,1185.972635134196,9716161
2022-11-17,1180.9970703125,1187.3358341262497,1172.3407797375921,1174.5900378958909,6661451
2022-11-18,1180.36083984375,1185.518244075579,1168.2966485184213,1184.4957775689334,5303197
2022-11-21,1159.1180419921875,1175.9760614312995,1155.5737233322704,1175.9760614312995,6390268
2022-11-22,1165.5474853515625,1167.115139084215,1152.57452872444,1156.436872717293,6611488
2022-11-23,1161.9124755859375,1171.3866679891707,1159.7313656787815,1170.0688915510787,6413408
2022-11-24,1171.931884765625,1178.702375351731,1157.8910283853108,1165.9792953074673,9389439
2022-11-25,1189.426025390625,1192.7430620390162,1173.294924490057,1176.4303522401324,7349922
2022-11-28,1230.299072265625,1236.4333911015242,1136.8980043426527,1185.472920181286,31527484
2022-11-29,1232.4119873046875,1241.2500078770877,1224.1419904117938,1228.6632233258865,11058913
2022-11-30,1241.1136474609375,1247.5206802015884,1226.0504438987869,1232.54834119291,26164986
2022-12-01,1237.4559326171875,1251.8602501218013,1234.1388951563645,1245.8622271692354,9485801
2022-12-02,1236.93310546875,1248.6792715763747,1227.1408877532265,1240.5001400003844,11589592
2022-12-05,1218.8936767578125,1234.4794719283639,1216.871700030192,1232.3210781772725,14828536
2022-12-06,1222.415283203125,1225.5051588426245,1209.146894711336,1211.0099786652759,8594245
2022-12-07,1204.375732421875,1224.5963402295367,1200.5815364526634,1220.0523915216042,8462111
2022-12-08,1203.807861328125,1210.964647555166,1199.650206627213,1208.6926729133027,7757008
2022-12-09,1185.563720703125,1208.6924740397408,1182.2692798901842,1202.330873974504,12655763
2022-12-12,1187.38134765625,1191.8798642806923,1174.6128344148897,1174.8401159938364,9479842
2022-12-13,1192.7886962890625,1196.4237590933476,1184.473147579326,1187.381293975718,8333348
2022-12-14,1188.471923828125,1199.127475241392,1186.4271108317469,1198.5367354613884,7268947
2022-12-15,1171.591064453125,1188.244637773301,1168.2513114103942,1182.564761948623,8688551
2022-12-16,1165.7974853515625,1189.9714223850988,1162.412300039899,1168.2513090093973,15837349
2022-12-19,1181.1107177734375,1183.2463953663826,1166.2973916450521,1172.7952889779006,7729933
2022-12-20,1191.334716796875,1193.2431129001116,1165.9794185762812,1174.1131186326063,7467588
2022-12-21,1174.3856201171875,1196.4237592798247,1170.5687080191292,1190.9710448813423,8527550
2022-12-22,1171.3411865234375,1183.541675654874,1166.3200787009303,1180.5199485444361,7451122
2022-12-23,1136.9888916015625,1177.112082738486,1132.4676588679463,1164.7524600759673,10257115
2022-12-26,1146.91748046875,1155.073896863254,1132.5358801607608,1142.6916774565434,5990242
2022-12-27,1156.3006591796875,1158.1636228081527,1142.9186909584178,1149.6210331376262,5763271
2022-12-28,1156.187255859375,1158.618243480646,1145.7588646322624,1153.2563929529824,7459393
2022-12-29,1155.66455078125,1158.209118855438,1147.5762834083114,1148.2578877514563,6930648
2022-12-30,1157.4366455078125,1170.97762738263,1154.6649160603042,1156.4824475075623,7289476
2023-01-02,1170.477783203125,1171.88642405352,1157.8910002870925,1158.708901395193,5316175
2023-01-03,1161.9124755859375,1169.160125804233,1157.7093889350726,1165.5476587645308,7658932
2023-01-04,1144.418212890625,1163.7300547153022,1142.3506838068283,1161.8896870062515,9264891
2023-01-05,1142.37353515625,1152.5293324862785,1137.806869836127,1146.6676067944138,13637099
2023-01-06,1152.7564697265625,1157.777577935928,1144.3047436595773,1148.0989399434065,6349597
2023-01-09,1179.974609375,1182.3375684218504,1155.687212453628,1156.5732620005954,10722753
2023-01-10,1162.5260009765625,1184.1552520379166,1156.8915568565494,1184.1552520379166,8047142
2023-01-11,1147.8717041015625,1162.3441677767541,1145.5768933771294,1159.8450319996036,11509553
2023-01-12,1123.0843505859375,1150.7570549852321,1120.0853394706564,1147.2810049505638,17688773
2023-01-13,1121.266845703125,1123.675117069892,1106.2717897707075,1117.0863548772086,20618583
2023-01-16,1110.5885009765625,1126.7421991055548,1102.8182596793808,1123.584175159578,13623855
2023-01-17,1126.35595703125,1128.2643528903968,1113.542012722695,1116.9044817084298,10751000
2023-01-18,1124.4930419921875,1131.9451378363888,1117.9725482719243,1123.947854631307,13448286
2023-01-19,1123.2889404296875,1127.4238787769261,1116.2911675478767,1123.6751148013898,11940054
2023-01-20,1109.9296875,1124.6293134044963,1107.475983857866,1124.6293134044963,14930286
2023-01-23,1104.3177490234375,1120.6305800710875,1101.9094778576764,1112.8150268033937,10954118
2023-01-24,1097.7972412109375,1110.3839043654414,1084.8014472016187,1108.7253859560433,16488755
2023-01-25,1082.620361328125,1097.2292417944516,1081.4617181061994,1096.2068953996695,12385018
2023-01-27,1062.0816650390625,1084.8014072954272,1050.403647808396,1083.4610350495245,25830975
2023-01-30,1072.2603759765625,1077.7812395145372,1045.564583725004,1059.5145777715713,21772103
2023-01-31,1069.5792236328125,1084.9378563899695,1063.7402148448057,1082.370452122445,22691594
2023-02-01,1063.240478515625,1081.438989315294,1047.3819702702858,1081.438989315294,19347800
2023-02-02,1057.35595703125,1066.920892525141,1050.1083077780725,1053.2890475640809,13662663
2023-02-03,1058.28759765625,1067.3754956611733,1041.9293331709027,1067.3754956611733,24699575
2023-02-06,1050.3128662109375,1054.6523697762398,1047.7455820077842,1051.9259524136774,14837879
2023-02-07,1047.7908935546875,1057.5603943899198,1041.9291690153093,1050.5627428744976,15135435
2023-02-08,1068.7159423828125,1072.3284093286718,1048.290888887822,1051.017186057536,21160332
2023-02-09,1070.578857421875,1077.3039157739506,1060.559478401166,1069.3974980927496,13172763
2023-02-10,1061.7637939453125,1070.0565070876198,1054.7887371045172,1070.0565070876198,10790445
2023-02-13,1055.72021484375,1067.8298390073717,1051.267130813873,1063.3767549774948,10352493
2023-02-14,1080.598388671875,1082.3250555378218,1055.8565481440585,1058.7192622894795,14321920
2023-02-15,1105.0675048828125,1107.4531801088635,1078.2809718116707,1079.6440602664363,33503591
2023-02-16,1104.204345703125,1119.5402651035183,1101.932370998388,1113.0196508263457,17264487
2023-02-17,1108.8162841796875,1112.1334412904273,1095.3661670147737,1099.6375221146495,11809520
2023-02-20,1097.0928955078125,1113.1557282640592,1095.1389471665602,1110.9973346913087,8836937
2023-02-21,1106.0445556640625,1111.8152960708703,1096.161352929149,1101.4551746278107,13311592
2023-02-22,1080.9619140625,1104.1815344089787,1079.212530949885,1102.3412867389513,11024335
2023-02-23,1075.78173828125,1088.1640768500556,1072.9872927091903,1080.5529686414243,9851910
2023-02-24,1083.1429443359375,1088.800224148405,1076.0089953829322,1077.8265267799054,9434053
2023-02-27,1075.9407958984375,1085.8467152410444,1068.6024012348664,1082.3705449963543,11199715
2023-02-28,1055.356689453125,1075.55458156191,1051.3126158801917,1070.6016220746747,21994038
2023-03-01,1065.057861328125,1065.7848978208335,1055.6745353261815,1065.1032935969702,11551145
2023-03-02,1056.9471435546875,1068.57973034707,1054.925046511839,1061.9228195758383,9333535
2023-03-03,1083.9154052734375,1087.5733043694927,1063.9902277008234,1067.443561368033,14643807
2023-03-06,1094.5028076171875,1101.7277412564927,1090.5495987349282,1090.5495987349282,10171916
2023-03-08,1098.433349609375,1099.1831022898903,1083.7336057675889,1094.5027369272827,15782657
2023-03-09,1072.032958984375,1098.2288726400263,1070.147279158801,1097.8199821583767,16235128
2023-03-10,1055.4249267578125,1065.103564973256,1051.9487563495386,1063.9676377715205,13334091
2023-03-13,1038.06689453125,1065.1034247048499,1033.750107312473,1058.287501818403,12771592
2023-03-14,1034.181884765625,1047.3592882483779,1031.0465769110588,1036.0221323528851,16027522
2023-03-15,1016.5059204101562,1044.3376390177314,1012.1209842377266,1037.88529372045,21728555
2023-03-16,1011.4393310546875,1024.207844384365,1000.6701985245505,1019.2095726723305,18363159
2023-03-17,1010.1670532226562,1023.2763079373278,1005.4413153341551,1020.0047033408911,34014213
2023-03-20,1000.238525390625,1008.7584596340857,990.5826039210764,1006.4864851819102,19524589
2023-03-21,1031.3416748046875,1033.2956228733447,1007.3950238049272,1008.2810732090079,21400360
2023-03-22,1034.4771728515625,1041.2249475152355,1031.47816188993,1038.294084967167,10920094
2023-03-23,1021.3906860351562,1031.4327819622354,1019.2322922558061,1030.5694484887376,16249370
2023-03-24,1001.169921875,1022.3902191400674,998.7616507955307,1020.231825565924,12375945
2023-03-27,1016.73291015625,1024.2077208751948,999.7613122149304,1007.6223573447278,14054323
2023-03-28,1021.4815673828125,1025.3439120336418,1016.4831753805086,1020.1183586375283,12576424
2023-03-29,1015.4381103515625,1020.0274916428302,1004.71434981678,1017.391938716083,18804065
2023-03-31,1059.2191162109375,1064.8536804760474,1024.5260415402947,1024.6623383806666,28171201
2023-04-03,1059.40087890625,1067.3755664241319,1051.9260666767912,1065.5580347791372,10293043
2023-04-05,1056.856201171875,1066.9210129823457,1048.995215362799,1066.9210129823457,16262928
2023-04-06,1063.94482421875,1069.647537063385,1053.357419977002,1053.357419977002,18435046
2023-04-10,1056.4017333984375,1068.0116029231133,1054.9022279148219,1067.829873819937,12961408
2023-04-11,1061.6273193359375,1063.7402807994256,1056.0383079017138,1060.559540630498,10542367
2023-04-12,1066.3076171875,1075.9179854968688,1058.7646577412916,1061.6272515959452,18179087
2023-04-13,1070.3291015625,1075.0093475188144,1064.1947822733791,1069.1930541875877,12378208
2023-04-17,1075.759033203125,1101.8867990924884,1067.3981721567704,1101.8867990924884,17929479
2023-04-18,1063.44482421875,1080.098395721067,1056.9242116194696,1080.098395721067,10405576
2023-04-19,1068.7386474609375,1071.4195123263064,1059.741614492453,1062.8542061722762,12273475
2023-04-20,1066.034912109375,1071.9193532094926,1059.6961482625013,1069.692811176778,7007330
2023-04-21,1067.37548828125,1072.8282030082607,1061.6500596936005,1068.1252410633845,7647317
2023-04-24,1071.465087890625,1081.8706418346944,1066.9210188410907,1079.1897769115358,12936186
2023-04-25,1079.666748046875,1081.7342770992536,1068.0569991057368,1075.1000833366595,9236126
2023-04-26,1073.3280029296875,1084.233551809527,1069.6701038322165,1081.0072593250222,8617834
2023-04-27,1080.1212158203125,1083.2792397187284,1074.191342363561,1079.189733985385,9167125
2023-04-28,1099.8646240234375,1101.409681900637,1082.2568535921685,1082.3704342762564,15565210
2023-05-02,1109.2025146484375,1111.3609082117491,1103.3180737047812,1106.9986888116582,12981805
2023-05-03,1099.6829833984375,1110.9974233118683,1096.4795270846325,1110.9974233118683,7061872
2023-05-04,1112.360595703125,1114.564421653396,1097.1838117593734,1100.1601065895743,8635233
2023-05-05,1109.5206298828125,1118.4267984938415,1106.9079133744922,1109.1798878043744,8746585
2023-05-08,1123.220703125,1128.5598368262858,1110.6112034431017,1113.269352129285,9153782
2023-05-09,1126.69677734375,1129.9912183396398,1119.290114376559,1124.6292481933926,6464721
2023-05-10,1134.4443359375,1135.9211253467272,1127.446563252221,1131.4453248412979,10872255
2023-05-11,1127.03759765625,1140.3058651251242,1125.3335267806174,1135.51203899488,10557860
2023-05-12,1128.8779296875,1130.2638545526538,1116.2229969798393,1122.2664514997994,6955341
2023-05-15,1131.1044921875,1138.0567125858797,1123.7886933664054,1131.3999221918086,6833343
2023-05-16,1114.9962158203125,1135.8074445597895,1113.3375770795326,1133.2628763872494,8717229
2023-05-17,1108.4072265625,1120.085122625347,1103.726981683513,1119.176357049332,8798967
2023-05-18,1106.02197265625,1116.4503639599598,1102.8865442699205,1113.0650580248443,10525531
2023-05-19,1109.611572265625,1111.4292240517473,1099.1150328365684,1106.0219413561279,8050447
2023-05-22,1115.5413818359375,1120.5397737195674,1105.2494084549478,1106.4534840047638,7434906
2023-05-23,1115.3369140625,1121.4485168171577,1113.9282731003457,1118.1087637100431,6092034
2023-05-24,1108.8389892578125,1119.630957590089,1105.749113749558,1111.4063935962217,8112254
2023-05-25,1108.7027587890625,1112.8151011277312,1097.8427615845399,1105.9537453747698,11487863
2023-05-26,1138.94287109375,1140.0787982471202,1113.6102893364032,1116.904610291511,12626260
2023-05-29,1145.3497314453125,1149.6210865747194,1139.2608448772517,1145.5314605509366,10010304
2023-05-30,1145.0543212890625,1153.1198717474913,1142.50963326853,1145.3496310598186,11342504
2023-05-31,1122.311767578125,1140.4649655887667,1118.267694287889,1135.9891655098565,27107927
2023-06-01,1119.2900390625,1129.1278089205925,1116.9044841377781,1126.9694153626442,14592692
2023-06-02,1115.6322021484375,1128.1962696801756,1113.7238061790024,1122.8117036497752,15800644
2023-06-05,1125.6517333984375,1128.6053121788445,1117.1090229973545,1121.085068396339,10908682
2023-06-06,1126.6058349609375,1130.4000307352399,1118.7221336360576,1128.4689187387335,7493309
2023-06-07,1135.148681640625,1135.9892989888378,1123.5388113588674,1130.0821412207565,10312545
2023-06-08,1135.8302001953125,1143.6458744813403,1131.8997070078415,1138.7156307485393,12071109
2023-06-09,1127.7872314453125,1139.8741383055774,1125.9922962095304,1139.1698179304815,5877018
2023-06-12,1128.787109375,1131.0818000837537,1120.085385478967,1124.8566162073034,6391969
2023-06-13,1145.46337890625,1146.6448585440896,1129.741286337972,1133.7173319025067,11248016
2023-06-14,1159.5494384765625,1160.9807953645839,1143.7137683594788,1145.5312995426727,13277380
2023-06-15,1159.86767578125,1164.4116242878063,1152.1201510303479,1159.5268135380984,11813494
2023-06-16,1171.1595458984375,1173.431520437393,1163.3438717544047,1163.3438717544047,24171579
2023-06-19,1159.52685546875,1174.1584519189826,1155.3692013285906,1174.1584519189826,6798554
2023-06-20,1161.9351806640625,1165.070488566,1151.893084884151,1157.5957972211602,6921096
2023-06-21,1165.206787109375,1167.7286388194623,1157.8001247424693,1161.889630244124,6961603
2023-06-22,1152.1202392578125,1169.296404389101,1150.52986917785,1161.4354185434336,7619166
2023-06-23,1142.691650390625,1151.1660925456156,1141.4420223330224,1149.1212794125972,6628570
2023-06-26,1133.967041015625,1142.9867893628173,1130.8544495978458,1139.1698775330913,12641159
2023-06-27,1134.376220703125,1140.305974461151,1129.9231362063101,1134.4216529822017,9689466
2023-06-28,1149.3939208984375,1153.1881169201986,1135.0122016455275,1141.896393407388,11354006
2023-06-30,1158.8226318359375,1161.7307784588775,1151.1888070463274,1157.0732487107562,11151555
2023-07-03,1188.5628662109375,1191.425580555085,1161.1400387375704,1162.3669506539804,12154387
2023-07-04,1176.3167724609375,1192.788615416969,1169.2735683249591,1192.788615416969,8061643
2023-07-05,1174.3856201171875,1185.5183304828597,1170.432411192628,1185.5183304828597,10248062
2023-07-06,1199.03662109375,1201.6266214253383,1170.546016490242,1170.546016490242,19117987
2023-07-07,1196.6964111328125,1210.9417123971473,1194.15172307179,1197.3325831480681,13375267
2023-07-10,1242.7947998046875,1252.3144236363512,1215.508392547687,1221.8244401255106,33240016
2023-07-11,1256.267578125,1258.6758491021378,1243.9535094175255,1250.905728718348,20069348
2023-07-12,1257.6536865234375,1273.2167658916628,1254.8818367760516,1256.9947982953927,18733835
2023-07-13,1246.4072265625,1271.8533855353082,1243.7945103332902,1264.9920307015198,14682934
2023-07-14,1245.3623046875,1254.5410670168455,1238.2736675009803,1249.5881074417618,15124144
2023-07-17,1270.808349609375,1279.14649384844,1239.5913298768542,1248.2249040830484,22220040
2023-07-18,1281.600341796875,1289.3250310279557,1269.127138140066,1280.0326878114854,25867313
2023-07-19,1291.3243408203125,1297.7540895736324,1270.944719940005,1285.9397747939042,39122156
2023-07-20,1289.760498046875,1295.224991076979,1270.1421687973038,1270.1421687973038,38717624
2023-07-21,1249.834716796875,1287.3235564344566,1242.3763715855305,1284.4190157057792,30249238
2023-07-24,1224.554931640625,1238.1179088392782,1215.6443158350814,1221.4042392370138,23727866
2023-07-25,1223.767333984375,1233.3179681079685,1220.9119513502328,1227.8041962368873,12026020
2023-07-26,1243.6563720703125,1253.8963030989198,1223.3735034161036,1223.3735034161036,12911012
2023-07-27,1232.087158203125,1249.2931304965796,1226.0072859774648,1247.5209111436616,17226898
2023-07-28,1244.4686279296875,1251.853175548335,1231.0287272255082,1236.6902137331379,20827852
2023-07-31,1255.00390625,1257.2930680054526,1239.594792375287,1244.4686660676819,8551174
2023-08-01,1237.2562255859375,1259.8037334029398,1233.367078862149,1257.8345208458425,9536632
2023-08-02,1224.0380859375,1236.665614699006,1212.8381883521488,1235.2871417271826,12748214
2023-08-03,1218.8934326171875,1231.201012494138,1210.1058926997707,1218.5981228148664,10168350
2023-08-04,1235.45947265625,1238.6348041373592,1216.776590964359,1230.1672134573323,22885610
2023-08-07,1242.49951171875,1244.7393951840495,1233.2195480808575,1241.0963994857652,5982870
2023-08-08,1235.016357421875,1247.7178038434138,1230.536470478926,1244.5424722858313,9844072
2023-08-09,1243.1639404296875,1245.034716513302,1221.453442754676,1233.1456430382627,11486586
2023-08-10,1248.702392578125,1255.3731247892663,1234.9179033647526,1243.0409059369185,15470598
2023-08-11,1253.969970703125,1259.7300139419374,1236.837916549459,1246.733138146324,22179330
2023-08-14,1268.7884521484375,1271.2746074053628,1243.0656093412765,1249.9578543039606,9575812
2023-08-16,1267.7545166015625,1271.5207081344915,1255.8654425931288,1255.8654425931288,10203112
2023-08-17,1249.465576171875,1269.2069834305885,1246.9302626576266,1263.7916479940673,13673744
2023-08-18,1258.7208251953125,1268.960755625946,1234.9671961841154,1246.142454602955,18639978
2023-08-21,1244.986328125,1262.5000997685252,1242.8371963360953,1254.8424457661688,9221746
2023-08-22,1244.68994140625,1253.8544488619668,1234.6115281978846,1243.4548358358238,7713044
2023-08-23,1246.0732421875,1256.2752862282496,1243.4795205761563,1247.061326610869,9517952
2023-08-24,1225.1259765625,1254.8178429548684,1220.778380707161,1254.8178429548684,14140020
2023-08-25,1219.46923828125,1237.5758385308063,1206.7476503203045,1213.3677682361918,22222400
2023-08-28,1207.3155517578125,1227.2007490808824,1201.0659665597248,1221.2722430466752,12580826
2023-08-29,1195.755126953125,1212.107851949824,1189.7277154191993,1211.4162410930335,16876644
2023-08-30,1194.618896484375,1206.9452265993075,1193.1120434864215,1201.5107618049594,12168946
2023-08-31,1189.15966796875,1198.0524282609965,1185.651919829385,1197.0643437840804,21638600
2023-09-01,1191.9508056640625,1198.3733539411996,1186.5163417372542,1188.937220765019,18112842
2023-09-04,1190.987548828125,1197.3853714174265,1188.3197691016735,1191.950907028467,9347626
2023-09-05,1197.36083984375,1202.4741047382813,1191.852196412095,1195.5822395056102,8675876
2023-09-06,1199.88037109375,1203.5609616798479,1194.2236115362405,1196.125722417537,8200370
2023-09-07,1201.5106201171875,1204.5983838407617,1191.1357340059783,1196.421961377583,13652572
2023-09-08,1209.51416015625,1213.3677136631895,1197.039593881822,1205.463038004146,23109288
2023-09-11,1222.556884765625,1223.668479723262,1211.391482722607,1211.391482722607,13271074
2023-09-12,1204.8948974609375,1226.7068128830886,1203.462102676104,1226.7068128830886,16255666
2023-09-13,1210.9222412109375,1216.653058753229,1198.6699696902265,1205.4630504045967,12803338
2023-09-14,1212.03369140625,1218.2092185904667,1207.933117232777,1215.3437498538372,9209636
2023-09-15,1214.2816162109375,1219.2960960745,1210.1563157757241,1219.2960960745,25468592
2023-09-18,1203.709228515625,1210.8975674516837,1201.535490839137,1205.487828880595,7516300
2023-09-20,1176.8826904296875,1199.3370070481767,1163.4694916701224,1197.089090701199,57081884
2023-09-21,1168.31103515625,1180.8103271156433,1165.9396084396587,1173.3255153106452,12226182
2023-09-22,1163.4447021484375,1177.0308632017375,1160.9992172819989,1173.8443150051187,19176786
2023-09-25,1156.2811279296875,1166.2854832156668,1153.638074334712,1161.1968240581607,14254884
2023-09-26,1157.2939453125,1161.0980464311394,1153.8851021083722,1155.342502590839,10087782
2023-09-27,1170.336669921875,1171.769464855697,1155.3178333556975,1157.7880446735417,11722778
2023-09-28,1153.14404296875,1177.3026603074284,1148.6482103293206,1177.3026603074284,14518346
2023-09-29,1158.529052734375,1170.435518964013,1153.1440405649926,1156.9481416896208,12342014
2023-10-03,1145.263916015625,1153.885049186791,1144.2017734963838,1151.0936382938999,8859056
2023-10-04,1143.2877197265625,1145.683872665596,1133.8763122199225,1140.7434506187415,10286386
2023-10-05,1143.26318359375,1150.8219332922222,1140.743519950406,1145.8074528562056,10953682
2023-10-06,1145.1898193359375,1148.5493304183171,1142.2502923697696,1144.7205033692,5431026
2023-10-09,1135.4324951171875,1142.200849187487,1133.826857954507,1140.2988590719287,7576878
2023-10-10,1140.447021484375,1145.1404226117538,1138.1497733893898,1139.5331157395624,10236032
2023-10-11,1158.5537109375,1160.8509589721596,1142.7196339530417,1143.4359710357805,9814118
2023-10-12,1160.7027587890625,1165.6185754357678,1155.1447837404767,1157.9609209243824,12554450
2023-10-13,1160.6534423828125,1164.7045645712087,1150.6984190160554,1156.058825491677,10150316
2023-10-16,1158.0596923828125,1163.2471357038708,1154.0826283801794,1158.5290083696577,5929036
2023-10-17,1163.5928955078125,1165.791359182136,1156.701030917525,1163.9634271590728,7928180
2023-10-18,1148.1541748046875,1169.3979912920374,1146.6720480730119,1163.5929949263082,8918320
2023-10-19,1139.33544921875,1147.0672825471008,1136.7911799610206,1142.2256445327594,12032556
2023-10-20,1135.8525390625,1143.559525479833,1134.4691966955595,1136.2971288231192,8913312
2023-10-23,1118.1163330078125,1139.3848747937852,1114.1887214650121,1131.356688684127,7853962
2023-10-25,1115.522705078125,1127.009187707913,1108.1367973597628,1111.6198194416302,11620688
2023-10-26,1099.98486328125,1115.5471912369471,1096.9218260289952,1112.0888961356811,15222534
2023-10-27,1119.40087890625,1123.204979852311,1104.6536704890175,1106.654565590137,11771084
2023-10-30,1142.47265625,1148.6481841216216,1121.4511352518443,1123.4520304054054,16813304
2023-10-31,1130.3192138671875,1150.1303563093797,1127.8490026208185,1150.1303563093797,12808438
2023-11-01,1135.0125732421875,1144.9428703315039,1124.0448598372486,1130.9367248364767,10309190
2023-11-02,1146.2767333984375,1148.302354744411,1140.2247162104195,1143.1889695269997,10562104
2023-11-03,1146.0296630859375,1153.5638066087804,1144.078220526126,1149.7349795725816,8850156
2023-11-06,1155.564697265625,1156.0587394619763,1148.9445800808262,1152.2546386732256,10647304
2023-11-07,1148.0552978515625,1155.614167696399,1145.9556184844287,1153.1192304428853,6960204
2023-11-08,1154.033203125,1156.552866758098,1147.042553778562,1152.1064866637696,7884494
2023-11-09,1141.50927734375,1154.0331752710283,1138.3720609954937,1154.0085696526105,14513610
2023-11-10,1143.6583251953125,1144.3747829309668,1135.3337858785344,1139.039102652828,7734954
2023-11-13,1143.51025390625,1148.4506764659145,1142.0774589944763,1147.6107081381433,3854810
2023-11-15,1164.185791015625,1166.9030232858888,1149.6362714370953,1156.0588204395372,12220648
2023-11-16,1166.285400390625,1172.9302438744137,1159.4923201233041,1161.542667627995,13134910
2023-11-17,1163.7412109375,1172.4857343750468,1162.012063114762,1162.4319266451018,7758634
2023-11-20,1160.6781005859375,1165.1490860409533,1154.2801575494677,1160.2828426994563,4490186
2023-11-21,1175.2769775390625,1179.7728099438689,1166.0384122376151,1168.9038812090425,8214450
2023-11-22,1179.87158203125,1182.9593458443583,1171.9669066696931,1173.3502489811203,8534814
2023-11-23,1183.4781494140625,1185.7013394254852,1179.8716170501546,1179.8716170501546,8531542
2023-11-24,1182.6876220703125,1186.9858858764198,1181.2796741129466,1181.5514214570694,6749486
2023-11-28,1182.9346923828125,1185.5531403805655,1173.4738317237427,1182.6876712625676,13792174
2023-11-29,1186.047119140625,1191.605094048659,1184.7379555197092,1189.6536514263266,12531306
2023-11-30,1174.5606689453125,1186.0471507278282,1170.8306260067593,1183.0828973645985,28439984
2023-12-01,1182.88525390625,1183.9226701483003,1174.6347733568996,1174.8323419889748,14342842
2023-12-04,1195.6810302734375,1210.4035134582498,1185.0097900344595,1210.4035134582498,15590990
2023-12-05,1204.3514404296875,1205.8830195816831,1196.3973123183705,1204.9689932142376,12693624
2023-12-06,1215.8873291015625,1221.7416569101222,1202.9927791973269,1208.9707381739393,16422442
2023-12-07,1213.8863525390625,1215.813068778958,1206.4509936678744,1215.3437528349593,8142096
2023-12-08,1213.244140625,1223.5943006598802,1207.9331869400896,1217.2459307176134,10204894
2023-12-11,1215.022705078125,1219.098553135076,1211.5890153738967,1213.367615499601,7066138
2023-12-12,1197.5830078125,1217.7892853568703,1195.6561708810905,1215.3438006129375,9197124
2023-12-13,1202.4739990234375,1204.6478570918039,1188.8137803209581,1196.570218805253,10031182
2023-12-14,1217.39404296875,1222.7297228698085,1206.7721356331074,1212.3795628682321,16972354
2023-12-15,1232.9317626953125,1235.1055001292314,1220.3089603608373,1224.236571728094,15932152
2023-12-18,1245.48046875,1252.3476075388428,1230.6344755328585,1232.9318442845902,14165188
2023-12-19,1263.809326171875,1271.6150959828576,1247.5552663727806,1262.2777471951172,16820604
2023-12-20,1248.518798828125,1283.9417239360823,1244.9864450577063,1270.207325538083,17736722
2023-12-21,1266.0079345703125,1271.4176728398502,1244.1218397625619,1248.44470925444,13765454
2023-12-22,1267.2430419921875,1275.0735389423144,1258.6466348491601,1264.550535970751,16541784
2023-12-26,1273.66552734375,1280.5326657287192,1266.0819312708138,1268.7003790735205,7465664
2023-12-27,1278.01318359375,1284.4603381656593,1271.2201029702012,1275.6170305456778,9204156
2023-12-28,1287.251708984375,1290.4382571270967,1278.0131437475463,1279.4705441490948,12302636
2023-12-29,1277.0743408203125,1291.4262906293047,1274.2830506802181,1289.9936165179902,10864584
2024-01-01,1279.69287109375,1287.8940202608817,1271.2447008145452,1274.9006856426909,4030540
2024-01-02,1290.2900390625,1291.920402508132,1271.1706293129728,1277.099135940161,7448800
2024-01-03,1276.25927734375,1301.3071935056118,1273.2455715878027,1289.450180352941,9037536
2024-01-04,1282.8546142578125,1289.376067708453,1274.1842702494187,1278.5811975278393,9612778
2024-01-05,1288.3138427734375,1294.3165279752034,1283.521657474919,1285.9424160498672,8086406
2024-01-08,1278.2601318359375,1300.294341541995,1269.1696830048252,1289.4501393970402,7734652
2024-01-09,1274.8759765625,1287.8693113555237,1273.245613077726,1284.5098000629723,5403074
2024-01-10,1309.2613525390625,1313.658280108081,1272.1834593214687,1273.146817539874,11102740
2024-01-11,1343.6961669921875,1346.2651626289091,1312.6702888458758,1313.6583733689063,23725852
2024-01-12,1354.3919677734375,1356.9609630954171,1329.714583957277,1343.6960023683716,15012164
2024-01-15,1377.5133056640625,1379.8105538837538,1349.7234290591657,1358.6161895727328,8610594
2024-01-16,1358.2454833984375,1379.662260463631,1354.169635353321,1373.412554424991,9069024
2024-01-17,1345.3509521484375,1369.7567088979374,1338.879071777444,1343.3007252899447,12197382
2024-01-18,1351.6500244140625,1354.663730119792,1335.1490629645289,1335.2972997496222,10279438
2024-01-19,1351.156005859375,1359.6041759840746,1342.8067406703178,1359.6041759840746,10422704
2024-01-23,1312.7442626953125,1355.4048574857818,1306.791150318716,1355.4048574857818,20055420
2024-01-24,1327.8619384765625,1333.4199132911328,1308.1497027138623,1319.314984194113,21919128
2024-01-25,1336.9522705078125,1347.895377764627,1319.2902616038493,1326.9479158139593,11808872
2024-01-29,1430.7957763671875,1435.192704047216,1343.9678528779282,1348.241269998228,23893438
2024-01-30,1390.852294921875,1442.5784888178382,1387.690473107798,1442.5537625848374,14093978
2024-01-31,1409.6259765625,1417.1601204834947,1385.788439238697,1387.2705659116798,15130226
2024-02-01,1409.650634765625,1426.1515960154993,1401.1531330404457,1417.9011153905622,13349362
2024-02-02,1440.33056640625,1457.3256902760372,1416.0978932450594,1416.0978932450594,19652588
2024-02-05,1421.878173828125,1452.9781061073709,1414.4675408489986,1443.3442832345067,8814432
2024-02-06,1410.786865234375,1424.6693778058625,1402.906796150729,1424.6693778058625,9047984
2024-02-07,1424.9659423828125,1432.2283386037336,1412.2196294925052,1418.8151411125152,9296568
2024-02-08,1432.845947265625,1442.0845126481563,1410.515263064875,1432.7224367107362,14694634
2024-02-09,1443.34423828125,1454.4354611714164,1433.660963243804,1436.6746688077615,12556798
2024-02-12,1435.04443359375,1443.5913882496639,1425.163589047209,1443.3443671360003,6674430
2024-02-13,1447.6424560546875,1461.3768535820275,1436.6747431428453,1438.1568697691962,7715594
2024-02-14,1463.7235107421875,1465.9714268487612,1440.1329959711338,1440.1329959711338,7117888
2024-02-15,1453.076904296875,1467.0335965408115,1449.0505085860837,1465.674980481667,10006782
2024-02-16,1443.17138671875,1459.4007219371786,1441.170612214809,1458.8819534815811,9767498
2024-02-19,1456.4364013671875,1461.8708655513933,1436.2053974591388,1444.6288410678121,6729828
2024-02-20,1453.4970703125,1457.9187244624495,1444.3820146436099,1457.449408433713,7117496
2024-02-21,1450.2115478515625,1470.7884795851646,1440.1825868389801,1456.4365283424868,12720292
2024-02-22,1464.093994140625,1467.2558158327358,1440.6269906914333,1450.6560710255042,18493728
2024-02-23,1475.82763671875,1479.7059164315408,1465.6750448712426,1471.7517883622584,14438584
2024-02-26,1469.6026611328125,1476.7169415654328,1464.8352018923576,1475.753583346703,7513106
2024-02-27,1467.9476318359375,1482.0771665679397,1460.4382144226488,1465.3539102526265,10826044
2024-02-28,1438.2803955078125,1473.5056294891751,1432.8953836215212,1465.3292067243183,8647950
2024-02-29,1443.393798828125,1461.352161163495,1437.1935448412644,1447.5437052316252,23628976
2024-03-01,1474.345458984375,1482.1266237591103,1445.0734581651325,1446.061542580972,12132926
2024-03-04,1489.4384765625,1494.4282305064353,1469.503825173054,1472.7150995331629,10024420
2024-03-05,1482.32421875,1489.4384990399915,1468.3429205099196,1487.8328618357061,7107668
2024-03-06,1485.0909423828125,1491.0194491388315,1460.8828731290673,1475.654687549837,7805676
2024-03-07,1461.3028564453125,1485.1897258668157,1457.968071396935,1485.0662153094684,8315726
2024-03-11,1449.12451171875,1471.257625711574,1446.0614742974403,1471.257625711574,11277130
2024-03-12,1457.8446044921875,1470.269718687064,1447.5685016900354,1449.1246865128974,9432678
2024-03-13,1415.10986328125,1465.4279903850718,1410.7622676768488,1462.142657909758,13522134
2024-03-14,1414.418212890625,1431.2651015924712,1408.5144322207132,1422.5451836499767,18571102
2024-03-15,1401.3260498046875,1416.1473166057365,1396.0645483366263,1408.9589780840722,19223818
2024-03-18,1422.32275390625,1424.5459437848976,1399.6462653903534,1403.0798345242215,9169392
2024-03-19,1408.267333984375,1420.4701525728194,1400.3626585436627,1411.7256294896865,8275764
2024-03-20,1426.5467529296875,1427.7818583434794,1407.0568136232032,1410.9349722530521,8488806
2024-03-21,1433.685791015625,1440.5283239841642,1427.460931435626,1435.2173701383908,13006936
2024-03-22,1437.6875,1442.6031956703118,1430.1039041326171,1432.697625631682,19527608
2024-03-26,1424.3978271484375,1435.0939139473653,1421.853557874578,1427.7820647176966,11415906
2024-03-27,1475.0618896484375,1482.126717793074,1429.7582404310522,1430.7463249095808,16326644
2024-03-28,1468.145263671875,1488.0057370987279,1461.0311038405712,1475.0865810929813,21854364
2024-04-01,1467.0831298828125,1476.1734586788064,1464.8352136106084,1474.691331987126,5013880
2024-04-02,1469.2320556640625,1476.198098955644,1457.4244952875333,1466.3172549197961,8910166
2024-04-03,1454.0650634765625,1466.7619246317818,1451.397283687729,1464.4152240453116,7008292
2024-04-04,1445.4935302734375,1462.1180033355356,1432.7224901750476,1462.1180033355356,14490272
2024-04-05,1442.7020263671875,1453.274601948929,1438.6509043996564,1443.467815909923,7442298
2024-04-08,1468.2686767578125,1473.2090987059642,1443.5912932499484,1445.5427357963142,8357118
2024-04-09,1446.2098388671875,1472.0482715276003,1445.0735176190665,1471.2577557160955,7071414
2024-04-10,1461.945068359375,1469.281643980642,1448.8776750369068,1448.8776750369068,9138330
2024-04-12,1449.6680908203125,1468.7627741208264,1445.6415744118667,1458.2891033204971,15551012
2024-04-15,1447.3707275390625,1464.4646364315843,1429.0911655763507,1443.591352839028,12902062
2024-04-16,1448.2847900390625,1453.6451964542034,1433.6364862387566,1436.0325186728678,9366184
2024-04-18,1446.8765869140625,1468.2933637329888,1441.9608913302363,1446.0614655607194,19005692
2024-04-19,1452.607666015625,1456.4364932961696,1425.8306012864564,1439.4167626045175,15741778
2024-04-22,1462.2166748046875,1465.1562017707047,1450.3103301575065,1454.9048261235944,10350362
2024-04-23,1441.9364013671875,1475.7042382593086,1438.2064787775075,1461.3770126451404,14605554
2024-04-24,1432.8953857421875,1451.051437133562,1432.2283805059903,1446.0615625184662,10462776
2024-04-25,1442.5784912109375,1450.483166375014,1424.3236561270523,1425.3117405225619,15943926
2024-04-26,1435.2421875,1447.5437912682185,1432.7225237808307,1446.5062542977878,9413848
2024-04-29,1447.568359375,1450.4091019997668,1432.7223672737166,1432.7223672737166,7247974
2024-04-30,1449.519775390625,1465.4031834424802,1445.4439273514386,1450.507859763761,11474262
2024-05-02,1449.0753173828125,1459.7218309784546,1446.6791643138517,1454.460329459568,14512646
2024-05-03,1416.9130859375,1457.3750954799905,1399.275802819383,1453.4722101911175,17226958
2024-05-06,1402.610595703125,1422.841600588335,1401.1037428015688,1418.3952205864964,7394208
2024-05-07,1384.775634765625,1403.8209867220144,1375.4135586957902,1399.1028593353728,14517472
2024-05-08,1401.6473388671875,1415.8756594095175,1380.8481115524094,1380.8481115524094,9439002
2024-05-09,1377.5133056640625,1406.7853090212204,1373.4374570953444,1396.1634006300155,11009612
2024-05-10,1390.65478515625,1393.1990543318577,1371.535254832905,1380.106935558881,10505096
2024-05-13,1385.986083984375,1390.2101693574684,1367.5089520262873,1383.2195197456997,8456620
2024-05-14,1403.15380859375,1410.0703989131912,1383.3427901196658,1384.2814219881418,7188300
2024-05-15,1399.3994140625,1412.9361236084007,1396.188139403763,1403.5740469957013,5046534
2024-05-16,1408.3660888671875,1410.4904944706304,1381.3667306256436,1401.6471872524828,14711774
2024-05-17,1418.5928955078125,1420.0750222861304,1396.4104463053004,1406.093722836626,10916476
2024-05-21,1419.0128173828125,1424.6448506468714,1408.6132041549795,1408.6132041549795,11176128
2024-05-22,1443.24560546875,1451.2737917888355,1419.1610465084934,1419.1610465084934,10281604
2024-05-23,1468.3428955078125,1474.4442444107415,1437.6628261266358,1441.1705740518107,14608260
2024-05-24,1462.6119384765625,1470.7636348065282,1458.5113640783345,1465.9467233388211,7094776
2024-05-27,1448.77880859375,1467.2066075031105,1444.134859977049,1462.587264504762,6629010
2024-05-28,1438.8485107421875,1460.8828419616084,1435.4396676765145,1450.5079553599196,7820162
2024-05-29,1423.607421875,1440.6271526936466,1421.310053120064,1429.264181324664,7383556
2024-05-30,1407.8720703125,1423.2368313836507,1403.178669288835,1418.3951935729253,13206858
2024-05-31,1413.35595703125,1425.0647331073133,1405.3030450073677,1414.245257118902,31069832
2024-06-03,1492.32861328125,1496.4539141466187,1441.6152266357983,1465.3292536675044,21527942
2024-06-04,1380.625732421875,1480.1999676014107,1343.1032493273078,1480.1999676014107,36709098
2024-06-05,1403.8209228515625,1414.0970248192752,1367.6076051704213,1405.0560283617258,17464890
2024-06-06,1414.5416259765625,1426.4974232883105,1404.4137607114592,1417.9011371144834,17855722
2024-06-07,1452.4345703125,1454.4601915157414,1409.5023527154926,1411.478521453965,18558696
2024-06-10,1453.867431640625,1475.5558362929214,1450.5819785928986,1452.4346368701142,9251760
2024-06-11,1439.3179931640625,1456.1154291491666,1437.3418242246385,1451.4960860069511,11774902
2024-06-12,1445.888671875,1458.4126908916728,1437.835879864395,1440.1331280315808,10081742
2024-06-13,1447.790771484375,1454.7073627830548,1442.7021123343332,1454.4603416652449,9181160
2024-06-14,1459.9442138671875,1462.0438933040555,1439.8613252368543,1452.4841280922399,8157998
2024-06-18,1463.3778076171875,1469.6768460329972,1453.8180422457062,1469.6273935638167,7196766
2024-06-19,1441.2694091796875,1469.7756214798555,1438.650961260282,1469.7756214798555,8725874
2024-06-20,1456.14013671875,1465.181134372769,1432.8213657240578,1441.6153422433538,16113776
2024-06-21,1436.872314453125,1457.1280450509373,1423.4096642387256,1456.0659025463858,31170360
2024-06-24,1424.2989501953125,1432.2283517054532,1420.3713387903338,1428.3007403004744,8878386
2024-06-25,1436.822998046875,1438.576872033328,1423.8296636688654,1425.8058325289194,7045386
2024-06-26,1495.9844970703125,1500.875466568816,1427.905458276952,1428.8194845866847,22014882
2024-06-27,1512.3126220703125,1519.1797603831344,1488.0551018777237,1495.7127559544517,28383030
2024-06-28,1546.7474365234375,1562.1615299634889,1512.782033239127,1512.782033239127,28957336
2024-07-01,1541.5599365234375,1560.5805616644209,1537.138282854078,1543.9066370278445,7724306
2024-07-02,1546.525146484375,1554.7509013864856,1538.4475077589818,1550.7985635373939,7749246
2024-07-03,1533.927001953125,1556.2329594590622,1524.391963189475,1547.661278880494,9049620
2024-07-04,1535.5079345703125,1548.822348177101,1532.321386398175,1538.447461634288,6837176
2024-07-05,1569.695556640625,1579.4528899457323,1529.5546284867023,1535.3101717849263,12269710
2024-07-08,1581.824462890625,1589.6303543798022,1563.6684106310508,1570.0662334946016,9500806
2024-07-09,1571.3260498046875,1581.4291893561121,1561.6675000170792,1578.5637202787966,6960002
2024-07-10,1565.3480224609375,1578.4648673124634,1544.5241914718106,1575.9946562525065,7134578
2024-07-11,1561.815673828125,1585.1344421846698,1551.786592769845,1568.5840280306456,11940946
2024-07-12,1577.6990966796875,1586.023756297877,1555.7389442164904,1565.619788574804,12924784
2024-07-15,1578.1932373046875,1586.7154660951303,1566.607970695329,1585.332123675554,5329688
2024-07-16,1557.4681396484375,1580.9351457176842,1550.4280378276635,1574.5125966882063,9386838
2024-07-18,1567.7689208984375,1574.9078068261192,1539.2625884242743,1557.2210712967385,12298374
2024-07-19,1536.6195068359375,1571.0294984478235,1534.2975325767013,1567.1018870092746,13140390
2024-07-22,1482.793701171875,1519.1798633102128,1481.4103587992008,1518.9328421942273,19674376
2024-07-23,1470.1707763671875,1487.8080584659276,1445.5674511277782,1483.1146576505776,18052044
2024-07-24,1477.8778076171875,1491.5134207568017,1458.8078508242754,1467.3053526491226,11913362
2024-07-25,1474.6171875,1482.595920809754,1459.474721651074,1463.3530011800513,12519876
2024-07-26,1491.044189453125,1494.4037007697482,1472.59166375446,1474.6172851615388,9859940
2024-07-29,1501.9871826171875,1509.2990318372968,1493.7614276294273,1493.9342700426573,7538550
2024-07-30,1495.119873046875,1506.8286485865085,1492.0073831905756,1498.9486999408243,8228208
2024-07-31,1487.4869384765625,1492.4519658681731,1483.2628537354879,1486.0788700242824,10057346
2024-08-01,1497.2445068359375,1499.9122867676688,1486.3755772216791,1493.983779705346,10764222
2024-08-02,1481.4595947265625,1491.3404387261814,1475.481756476256,1487.0670219426547,10268248
2024-08-05,1430.0792236328125,1466.2184833782828,1416.1719837774867,1462.3649300475706,17046704
2024-08-06,1438.700439453125,1459.8948030686215,1434.0316438440889,1437.8111393077952,10236186
2024-08-07,1447.3707275390625,1454.954323788822,1444.0853950542364,1451.4960282823629,8174568
2024-08-08,1431.85791015625,1447.5437511456266,1428.6960880928925,1440.157843842289,12387192
2024-08-09,1456.73291015625,1458.9066476361847,1438.6509170052725,1442.603254689353,6249776
2024-08-12,1443.2208251953125,1455.4483700557605,1440.3800824499558,1452.4841167562581,8184584
2024-08-13,1446.1851806640625,1452.5582774619256,1440.6272053348387,1443.3444377180147,6265064
2024-08-14,1444.4312744140625,1454.4603560192809,1436.3783617708266,1446.1110904012166,6267466
2024-08-16,1460.58642578125,1462.7602840003062,1440.676620060605,1451.1502913945535,9416902
2024-08-19,1475.65625,1485.47150978375,1467.8238660907393,1469.8067419652286,13797742
2024-08-20,1483.1416015625,1491.0484162933285,1477.2674041310693,1484.4057091952604,8411808
2024-08-21,1485.8433837890625,1494.964564922092,1477.2426107826689,1480.464784262564,7769996
2024-08-22,1485.2979736328125,1493.6012664349316,1477.8869991875908,1490.1312336221058,10445782
2024-08-23,1487.1322021484375,1498.3849993365056,1485.5955458508122,1490.8749048344312,9249654
2024-08-26,1499.649169921875,1509.9601498448217,1490.1313888488291,1494.0723308917522,8816114
2024-08-27,1487.6031494140625,1500.516654009415,1486.6117113802566,1497.5671500638725,6251156
2024-08-28,1485.4716796875,1494.5680511870519,1480.2170096090344,1492.1142662167426,9610286
2024-08-29,1507.90283203125,1523.8401488737275,1481.2083164719252,1490.2303777286736,38335358
2024-08-30,1496.6995849609375,1526.5418444404818,1490.4534771750382,1520.865886117465,41620730
2024-09-02,1503.2679443359375,1513.7276641806195,1493.7253530981907,1497.9389648135596,11240852
2024-09-03,1496.203857421875,1509.9600595401412,1494.5927706873033,1508.2250430567562,10923800
2024-09-04,1501.5823974609375,1504.50709100704,1486.6612078847159,1487.850885016148,11983304
2024-09-05,1480.192138671875,1512.7113538076746,1474.3179410781217,1506.0439573959175,16264168
2024-09-06,1452.2830810546875,1484.182646260627,1449.110527949692,1479.721175380084,19394228
2024-09-09,1449.928466796875,1457.3395627288749,1443.1371406451965,1453.943839140462,9010298
2024-09-10,1449.011474609375,1459.446383962114,1445.0952218200862,1447.995226435091,10768260
2024-09-11,1439.072265625,1456.1745712275017,1435.1561339115874,1450.5234230036904,9760202
2024-09-12,1467.1298828125,1473.2767495080643,1433.4953029575859,1444.5250498204912,22349376
2024-09-13,1460.016357421875,1470.451266381587,1456.918113729867,1463.7590600068495,8711328
2024-09-16,1458.7523193359375,1468.2206009201684,1452.2088525514882,1464.8993077290233,5481774
2024-09-17,1459.6942138671875,1464.8248328952707,1454.0677548146177,1461.3796100548857,5935328
2024-09-18,1450.9197998046875,1469.3110219373734,1448.0447266088618,1457.413766699014,8574714
2024-09-19,1457.0916748046875,1463.8581906691413,1443.0876132109174,1453.6959512825117,16955902
2024-09-20,1473.2025146484375,1482.1997658201985,1458.7770437683578,1461.3795684407844,30897320
2024-09-23,1480.5887451171875,1488.6441789861601,1476.2015834923338,1478.2340798324108,8832314
2024-09-24,1476.6229248046875,1487.6526722077606,1475.1357678514642,1475.7554165819738,17137444
2024-09-25,1481.15869140625,1483.6869066134093,1467.5264194610884,1471.1948125268714,7069002
2024-09-26,1485.12451171875,1491.122760061236,1475.309372285805,1477.8870868947113,18818998
2024-09-27,1513.10791015625,1520.345334807694,1479.2254687210307,1486.1655345930462,20597478
2024-09-30,1463.9324951171875,1511.9181178232873,1461.7761901136828,1506.3908994638518,27008814
2024-10-01,1452.2830810546875,1475.2100841908111,1450.3002051077794,1467.9726595996829,16431642
2024-10-03,1394.928466796875,1436.9902726871705,1390.070396353704,1424.2750076222521,37757294
2024-10-04,1374.653564453125,1405.2145916660443,1369.9442340651563,1391.9046094477658,37072876
2024-10-07,1358.98876953125,1384.5431070803497,1349.7188488374588,1381.568793209071,22181340
2024-10-08,1385.3857421875,1389.004514771482,1353.4118695241307,1361.2194430814652,17020808
2024-10-09,1362.8306884765625,1388.979866453412,1360.7486928237201,1385.5594536683957,14310610
2024-10-10,1359.31103515625,1374.132983939481,1357.699948504806,1368.209166456891,22358646
2024-10-11,1360.35205078125,1371.4314188021033,1357.1050671377104,1358.2700551936466,7980122
2024-10-14,1360.7734375,1368.2587216327886,1356.5350159311083,1367.6390728953818,12221432
2024-10-15,1332.5174560546875,1359.9554295521655,1329.2208521541709,1346.8933067731043,33762794
2024-10-16,1342.4814453125,1352.3215164873245,1326.1723376036346,1328.5270030007441,20034438
2024-10-17,1344.811279296875,1356.7332239102464,1340.4737382347967,1354.0067695283685,15543660
2024-10-18,1347.66162109375,1356.70849216764,1329.840427555484,1340.5976258716714,12082452
2024-10-21,1357.4769287109375,1362.2358797577067,1346.1002013000875,1355.4197431686716,14067408
2024-10-22,1331.84814453125,1364.2186177698431,1328.749900940748,1357.4767913068545,15831960
2024-10-23,1327.064453125,1345.8521531156357,1323.5696102860716,1326.048205061888,17214742
2024-10-24,1328.3287353515625,1332.1952468902052,1311.7964576126847,1323.8424540123256,22155934
2024-10-25,1316.4808349609375,1332.8395608533488,1310.6809472586556,1331.996862815434,18597496
2024-10-28,1322.9251708984375,1341.4155124030337,1310.7800563182918,1325.552505604476,10824350
2024-10-29,1328.52685546875,1331.6994085045892,1308.995576227512,1316.728719636798,12008361
2024-10-30,1332.3935546875,1338.4413022928309,1314.0023313459362,1323.569732267355,11984423
2024-10-31,1320.64501953125,1331.5012170832633,1314.7955112005386,1328.5269031210519,9331650
2024-11-01,1327.1884765625,1330.4601492824747,1321.5868277686543,1321.6364480777281,2127335
2024-11-04,1291.0009765625,1328.52687951389,1274.0969107675833,1326.3952636738204,19796890
2024-11-05,1294.1240234375,1298.337634786513,1275.1379622128013,1281.9292880644173,16267479
2024-11-06,1314.0023193359375,1316.9271340293028,1289.0676296160968,1298.7837703539942,21625209
2024-11-07,1294.4710693359375,1312.6639327180499,1291.4471349781516,1312.6639327180499,9611974
2024-11-08,1272.7584228515625,1290.505185727704,1264.0833410989228,1286.5394340693545,19814406
2024-11-11,1261.802978515625,1274.9891511168566,1256.151830843746,1267.9994654475693,9056552
2024-11-12,1263.33984375,1278.2610337323058,1256.6476373969983,1264.6287615317467,10671091
2024-11-13,1241.3299560546875,1264.5295076822267,1238.8017408266169,1259.374078659472,14633633
2024-11-14,1256.746826171875,1261.7040163358736,1240.38809863068,1242.866693712679,12612633
2024-11-18,1249.9554443359375,1262.0014401044657,1233.24973843027,1256.7467703539512,13620611
2024-11-19,1231.0189208984375,1270.5276979121372,1224.5745744010292,1249.9553610165642,14183746
2024-11-21,1212.5286865234375,1233.299264427905,1206.8279179645579,1231.0190296194417,19433843
2024-11-22,1254.5655517578125,1257.9859641270039,1211.983221035894,1218.8737871048172,20471957
2024-11-25,1275.9805908203125,1293.2811339485756,1271.4694999174592,1278.9549045518283,28923341
2024-11-26,1284.606201171875,1286.737817131633,1273.2046638791435,1283.8626226527838,9247557
2024-11-27,1282.1275634765625,1292.6864023015983,1274.9892583407009,1282.4250432843673,9572746
2024-11-28,1259.91943359375,1285.4984608667178,1258.184417128475,1278.905374093644,15027412
2024-11-29,1281.1361083984375,1288.3736540571424,1264.3312830599236,1269.0406134614407,13202307
2024-12-02,1297.941162109375,1300.1222774340952,1266.1160245478172,1276.9722229086012,11024152
2024-12-03,1311.9698486328125,1315.4398813546288,1295.8093621182986,1305.7237413234882,16869482
2024-12-04,1297.74267578125,1317.0262168141671,1292.884726573221,1314.6467414933138,19608540
2024-12-05,1310.7305908203125,1318.5628538088617,1294.966703202915,1303.0964459866593,16858723
2024-12-06,1300.3204345703125,1312.5646685095264,1298.783657405313,1312.5646685095264,9037514
2024-12-09,1284.0609130859375,1303.7409326166044,1282.0284168341586,1291.8436769577456,14650002
2024-12-10,1273.8489990234375,1283.812998621138,1269.238788448007,1278.2113501165884,16043729
2024-12-11,1267.2559814453125,1278.9549980546296,1265.1244866020038,1273.9978081396894,11724373
2024-12-12,1252.0870361328125,1267.25596445406,1249.8066803924569,1259.1262215126183,20906813
2024-12-13,1261.951904296875,1264.2817595214547,1228.986588963027,1249.2119494931856,28630222
2024-12-16,1257.44091796875,1270.0321327010022,1255.7059013940218,1264.0835044447913,9486781
2024-12-17,1234.6376953125,1253.078416496042,1232.1591005022085,1250.2528426173371,17462791
2024-12-18,1242.5196533203125,1249.162239402372,1230.027558928225,1230.027558928225,12670179
2024-12-19,1219.914794921875,1234.2411461229626,1218.4772582835096,1228.3916379278016,14244653
2024-12-20,1194.980224609375,1228.8873545167635,1191.2127119418244,1213.5200660980383,20312896
2024-12-23,1211.834716796875,1216.6926661807136,1202.8125341694108,1204.5971709809228,10052824
2024-12-24,1212.28076171875,1222.9883400626134,1210.5457452942906,1211.834663048231,6734917
2024-12-26,1206.1339111328125,1217.1883476811242,1203.8535553911518,1213.767935093776,10016178
2024-12-27,1210.595458984375,1217.3867853075249,1206.5800865394056,1207.86900439277,7000397
2024-12-30,1200.333984375,1212.7269598518426,1197.756269680847,1205.9852538075309,8818766
2024-12-31,1205.043212890625,1208.6619856280877,1195.8229125326573,1197.6570485426987,6405475
