Price,Close,High,Low,Open,Volume
Ticker,SUNPHARMA.NS,SUNPHARMA.NS,SUNPHARMA.NS,SUNPHARMA.NS,SUNPHARMA.NS
Date,,,,,
2015-01-01,750.9713134765625,758.0955739861962,747.2264705661619,754.8987854211941,587479
2015-01-02,754.67041015625,758.5522246714258,752.6153318835098,752.6153318835098,710310
2015-01-05,755.1271362304688,758.7349516595234,753.0264005843006,754.533424619618,792287
2015-01-06,738.5037841796875,753.1633313939535,734.0739710852978,751.7019646972138,1709888
2015-01-07,739.6454467773438,744.577656619966,730.694450903291,739.0060779832909,1730518
2015-01-08,747.86572265625,749.8751434471551,743.8469368219996,744.3949353342648,943536
2015-01-09,758.14111328125,763.5756641456743,748.9617758366662,748.9617758366662,1766875
2015-01-12,762.9364013671875,764.7174804017812,758.1868758574599,760.3333244495586,1188646
2015-01-13,760.9269409179688,770.3346769349798,754.5790772284702,764.5347560582476,838422
2015-01-14,749.5556640625,765.174238575943,746.2218477070074,759.0090029920724,996066
2015-01-15,754.3507690429688,761.6577141621739,748.4138761336146,754.4420835579319,2224116
2015-01-16,776.1343994140625,780.3815825924904,754.624595787226,757.0907003505856,2005202
2015-01-19,788.2367553710938,791.1138874956365,779.194387906163,780.9298097824858,1382755
2015-01-20,796.7308959960938,798.740316747486,780.4729567303908,790.0633207393657,2053198
2015-01-21,809.1986083984375,811.0710021525407,797.3704784675316,799.1972149588662,2358508
2015-01-22,840.3444213867188,847.011998256893,808.6048756765572,808.6048756765572,4797782
2015-01-23,846.5095825195312,857.3786857040368,838.4719540226403,841.6687425183693,2835629
2015-01-27,834.818359375,858.5202703339005,822.944575270104,858.4746130830089,2261868
2015-01-28,830.936767578125,852.2638939715375,814.7244810988595,835.7319509029782,1939863
2015-01-29,840.1160888671875,852.1725606823037,813.8110949281164,822.0314090182994,2668139
2015-01-30,838.24365234375,847.4229914596184,831.6217329980761,843.4955194110086,1873464
2015-02-02,848.6102294921875,861.8084089103286,842.1253386626817,844.8654428014972,1750030
2015-02-03,859.7078857421875,865.5534649801285,839.4310989608248,854.9127023157371,2275229
2015-02-04,875.874267578125,882.2678436717695,864.046140655371,865.4161926754376,2769365
2015-02-05,876.4222412109375,882.2221613797983,868.6129560677266,876.8332679548029,1850360
2015-02-06,846.5552368164062,879.4822028053121,840.5270294017125,875.6917027317488,3120503
2015-02-09,859.8905639648438,866.0557997516656,836.5083029396114,846.5096965877486,1350099
2015-02-10,839.8876953125,860.3928220186147,832.078408555157,860.3928220186147,1515424
2015-02-11,845.641845703125,855.8259224690994,840.4813493096682,844.6828203333291,1046438
2015-02-12,843.5867919921875,851.441791446471,839.385320846282,849.1127138384676,778562
2015-02-13,859.0684204101562,869.5264970972366,847.6056610359617,847.6056610359617,2046667
2015-02-16,835.5035400390625,850.2544583989056,828.6989359698536,838.4719866147683,2869370
2015-02-18,838.289306640625,847.1489891592438,832.7634402867283,840.207413272169,1309654
2015-02-19,837.2846069335938,846.5096030892616,830.7540022631731,842.7648159165811,1190354
2015-02-20,834.087646484375,841.7599040310366,831.1648578128842,835.5490129463419,1146633
2015-02-23,829.931884765625,843.9520617610071,825.9130431248817,834.8183814389183,2440626
2015-02-24,831.5760498046875,834.7271810962851,826.5981821988383,828.4249185130899,1469026
2015-02-25,813.5827026367188,835.4122243385167,809.6095733708071,834.3618286372637,1407691
2015-02-26,790.7028198242188,816.7794693974299,785.6792949914696,812.9889692700557,2614022
2015-02-27,802.7593994140625,807.3262407903,793.3060043167055,794.7674270056468,2160310
2015-03-02,845.0482788085938,851.2591714853676,830.6170722440858,833.0831218123488,2019863
2015-03-03,861.3516845703125,868.9783408482423,852.2636617857737,856.2368460496223,2114707
2015-03-04,919.1222534179688,946.2035825297278,856.5565422752951,864.8682249413258,7567230
2015-03-05,948.7613525390625,955.3375599152776,918.3918555745149,929.8089596965253,3792463
2015-03-09,950.8162841796875,958.9452833559482,920.6751339607348,935.6086815429152,3154190
2015-03-10,935.8826904296875,964.0600753544256,929.5804279412285,955.3830779921641,2094814
2015-03-11,922.3648071289062,945.701408039169,919.8073874496846,940.2211991204508,1845619
2015-03-12,946.3865356445312,949.7203520599638,922.5019335800383,924.9223817444016,1990646
2015-03-13,923.963134765625,954.1955961546579,919.3506370745125,954.1955961546579,1499576
2015-03-16,940.6321411132812,943.417958492232,922.6388336511095,926.2465931463503,1445672
2015-03-17,951.63818359375,959.9498104623827,937.2526369574203,943.5091857351488,1818956
2015-03-18,954.012939453125,957.2097276657491,941.6824706330032,953.0082568853252,1489193
2015-03-19,956.9813842773438,981.8706638970599,946.431938592772,959.0364624110817,2661474
2015-03-20,937.7092895507812,981.4139265202489,932.8227372498648,959.0364102803735,2371025
2015-03-23,935.5172729492188,955.3373160475285,925.6072514000639,947.071401670317,1972135
2015-03-24,947.2997436523438,958.8538723729281,940.7691394628717,944.4226118491354,2573597
2015-03-25,960.9089965820312,975.2945447914773,951.820916689142,966.3434924186571,4242685
2015-03-26,938.66845703125,961.7767171505888,931.6355664706557,961.594088108161,2974909
2015-03-27,923.5978393554688,951.3185948036623,915.2861561475604,947.0714108144092,1999967
2015-03-30,923.2324829101562,936.8873474294676,921.5884314465833,932.6858763839407,1613058
2015-03-31,935.1976318359375,943.7376013810076,922.8214493247832,927.0686333430658,1939047
2015-04-01,987.488037109375,999.2247960065853,930.6765247609491,935.1977084335276,4104961
2015-04-06,1068.0013427734375,1078.6877047337139,995.5712092800576,1007.1709393222422,4805720
2015-04-07,1052.245849609375,1096.772548098418,1037.3579037729319,1077.7744454783708,3978093
2015-04-08,1050.784423828125,1071.6549768458217,1038.545378879418,1060.740159722569,2732857
2015-04-09,1016.9896850585938,1061.6078067606284,1010.1851371864483,1059.41570098127,3143647
2015-04-10,1022.7437133789062,1030.826997053007,1003.1976178793416,1016.578480009576,2880186
2015-04-13,1051.2413330078125,1057.589310391347,1016.3049911220443,1023.063939694403,2036205
2015-04-15,1020.50634765625,1060.785863498156,1015.985108110692,1060.785863498156,3103257
2015-04-16,993.698974609375,1029.594392574642,988.7211620865379,1024.9818381673094,2725037
2015-04-17,947.8475341796875,1009.454154173715,939.6272231147709,995.5710067510088,3749872
2015-04-20,953.37353515625,974.4723130410695,947.893327316291,957.2096360461757,2941375
2015-04-21,869.709228515625,889.8489865773296,849.4324429221622,868.6131755042755,265709391
2015-04-22,883.9576416015625,894.096061023998,865.8729642570981,879.5734858434447,10905987
2015-04-23,860.392822265625,895.8314963644193,854.9126132066083,895.100812972731,9450660
2015-04-24,865.3250122070312,873.1799560397423,856.9676712910965,864.0462744912095,10416821
2015-04-27,846.1443481445312,874.3673929220522,841.988478111891,869.0698683527585,7641311
2015-04-28,844.7285766601562,853.2686029726973,833.220159377755,842.1254995300521,5553353
2015-04-29,859.0227661132812,864.9596592336814,848.5190321310348,853.2685577768688,7229944
2015-04-30,857.5155639648438,862.1281171751657,841.2119667135566,845.778806923728,16367861
2015-05-04,865.6445922851562,874.3215889896765,860.4383831129315,866.7863023778564,7780934
2015-05-05,875.4176025390625,876.8333118409603,867.7452887614298,872.1751571708294,4329997
2015-05-06,855.9628295898438,874.732530535329,844.8653862711509,874.5955030385323,5151640
2015-05-07,847.5142822265625,854.9125415369914,840.3443091935521,852.1724372371933,3690081
2015-05-08,858.79443359375,864.274642688738,840.3900424173873,852.4921708354859,4998817
2015-05-11,880.8522338867188,884.5513636091779,866.6036578202117,868.1563947678367,5241168
2015-05-12,867.3801879882812,881.7657380431496,861.306266777196,878.8886057331462,4197503
2015-05-13,871.3989868164062,879.527986718179,860.9866219872808,870.3486467544845,2584318
2015-05-14,862.5849609375,870.6225900463704,857.6527502980989,870.2572204628698,2701006
2015-05-15,864.3659057617188,869.5264579847092,846.0072286852278,847.0576243316099,2563043
2015-05-18,874.047607421875,876.8333689549795,861.5801106580207,865.3249532864711,2137699
2015-05-19,874.138916015625,893.6850153653103,865.7359184705015,874.0476015060026,2047194
2015-05-20,881.7199096679688,885.3733822197561,873.1799398771924,878.1121501211322,2163245
2015-05-21,896.2424926757812,901.220360217736,878.7514703923046,882.4049429739129,4649220
2015-05-22,916.793212890625,921.4970808149424,892.1322746609395,893.2739847641657,4813876
2015-05-25,915.331787109375,922.5017037952946,907.4311314065595,916.1081276303767,2000807
2015-05-26,908.6643676757812,913.3682363922304,896.9276081371703,913.3225791299254,2570872
2015-05-27,891.0361938476562,917.0215261310618,886.9716948582204,909.8058962061054,2738544
2015-05-28,872.0838623046875,893.9590397395253,864.54857537968,888.7984876070092,7781595
2015-05-29,882.4048461914062,894.187316273814,876.8333234145674,880.8978223653243,7065774
2015-06-01,801.6177368164062,838.2894418033089,793.8083929998353,836.2343630615962,14265602
2015-06-02,786.1817016601562,811.4363554444055,782.6195432746043,810.3403024221147,7192196
2015-06-03,769.4213256835938,788.236686634475,767.6859039586051,786.9579489689501,6496553
2015-06-04,759.5112915039062,769.5126841266386,747.6831625390334,762.6624228436123,6628714
2015-06-05,774.4449462890625,786.0446782385611,758.0956326356029,759.5113422458296,4696506
2015-06-08,757.6845092773438,780.0163708571343,754.0310368143126,776.3628983941032,2678221
2015-06-09,740.422119140625,754.8533287770174,738.4583547726231,752.6155650372807,3709907
2015-06-10,751.7933349609375,758.9176514416661,740.9242869474535,740.9242869474535,4205596
2015-06-11,748.5507202148438,767.2291066390804,745.308275020821,756.2686908299507,4107146
2015-06-12,743.0707397460938,753.3004754485321,737.3165308345892,753.3004754485321,2398615
2015-06-15,765.1285400390625,774.4449066794126,739.9652576814653,745.6738088400658,3946889
2015-06-16,767.3206787109375,769.9694690529735,760.3791020007122,768.8734159546284,2221962
2015-06-17,770.7913818359375,775.4038797107889,764.0780926786689,773.3488014326067,3705966
2015-06-18,781.8887939453125,787.3233455893231,771.7960870336173,773.6228233342885,3919775
2015-06-19,772.6637573242188,788.0539875496254,770.1976522983872,786.409936114926,2333016
2015-06-22,782.6651611328125,787.3233162267753,776.4999263479741,777.1849524351784,2429207
2015-06-23,783.395751953125,791.6160640287138,781.8430151893353,785.4508299720222,1899146
2015-06-24,795.6350708007812,804.4490968289044,784.5833371286163,784.5833371286163,5168452
2015-06-25,791.0682983398438,802.3027735392907,786.2731145465704,795.3154834272034,6719110
2015-06-26,792.0728759765625,797.7357696928747,786.4099822602503,794.3562963664007,2614534
2015-06-29,775.9517822265625,780.0162810230917,763.8496560865673,778.1895450019603,1794757
2015-06-30,798.8316650390625,801.2977698951981,776.9108320912989,780.6100172492828,4010634
2015-07-01,797.461669921875,809.6095103125487,794.2648815553956,805.0883270447291,2251368
2015-07-02,795.6350708007812,808.1938844044116,792.3469673563152,806.321490616658,1914607
2015-07-03,795.5435180664062,805.3165666938862,793.4884400920671,798.648991526653,1407939
2015-07-06,802.7593994140625,804.0380815508637,786.8667691257257,787.3691105275967,1381867
2015-07-07,808.6504516601562,814.5416872486336,799.1971138129384,803.3072703982621,2556817
2015-07-08,795.8176879882812,811.5276319108585,791.7989014251092,806.7781062020463,2485149
2015-07-09,796.822265625,808.6503366288232,789.3326368743042,795.5435281257744,2059496
2015-07-10,823.4468994140625,829.1554493458714,802.7591479097217,804.6771983877863,3549894
2015-07-13,836.1885375976562,845.3222190569425,829.3382765031915,831.0736982794829,3265149
2015-07-14,839.7506713867188,841.6687221386867,827.1004894828121,836.0971989086344,1706366
2015-07-15,849.2039794921875,852.1724257770486,835.2751161555316,841.6686927690786,2417317
2015-07-16,859.799072265625,861.7628360564603,851.2591024956237,853.3598380582777,1756860
2015-07-17,865.5533447265625,874.0933145814926,860.9407909972268,865.8730012782183,2256640
2015-07-20,865.873046875,871.079256724079,863.1329422962816,870.3028603115665,1378923
2015-07-21,735.4896240234375,779.2856332753079,726.3559435015693,779.2856332753079,32687596
2015-07-22,762.2512817382812,764.4433873192309,738.0926860858848,740.7414756839021,10872729
2015-07-23,757.0451049804688,766.4071277283904,750.3318719431795,766.3158132201188,3645770
2015-07-24,763.7584838867188,767.0465870383654,753.8027484175934,757.182221835856,3052640
2015-07-27,752.34130859375,767.046512577172,748.139781921655,761.474989514525,3606126
2015-07-28,749.0987548828125,762.2055628131108,739.8737050359416,753.5285671909124,2689656
2015-07-29,757.8671264648438,761.7945978628445,748.6421316173843,751.7018922332828,2301293
2015-07-30,743.7100219726562,763.1190953124401,740.0108920856464,762.6624112338569,4324642
2015-07-31,751.1539916992188,753.8027258956932,741.6549406042747,748.0485176784495,3307416
2015-08-03,758.963134765625,759.922159995916,748.9617442267441,750.7884801882728,2029186
2015-08-04,758.186767578125,762.4796084016793,748.9617729180364,762.4796084016793,3069438
2015-08-05,768.964599609375,771.2480197819322,755.4467075897863,760.8356014960464,2246991
2015-08-06,772.1615600585938,783.1219793312632,769.1474001605494,771.7961904504747,3573927
2015-08-07,778.1439819335938,782.984821825991,776.362902947906,780.9297435534819,2261385
2015-08-10,767.86865234375,782.3455159290189,759.008969706685,780.7471215884814,2206976
2015-08-11,768.82763671875,773.2574499268046,759.2829284457308,769.9693469009875,2135240
2015-08-12,791.1138305664062,808.2394830573297,773.6228085233164,774.4905193990364,5281162
2015-08-13,802.8961791992188,811.0708344572814,767.2291677298608,793.6255268710202,2580690
2015-08-14,819.9306030273438,835.4578616459504,810.7055512230426,811.0709207836841,4606523
2015-08-17,827.6942138671875,838.4719466947969,812.5322693999834,830.2516334919067,2930882
2015-08-18,812.6693725585938,835.731920079925,809.0158996839274,828.5620018624211,1790875
2015-08-19,847.3771362304688,849.432214167972,818.6060451054246,819.2910710845923,5294282
2015-08-20,855.5062866210938,882.3136191054467,850.9851031997667,864.0462563910482,7479776
2015-08-21,856.6480712890625,860.7125152484267,828.9273125106895,852.1725447357944,4481821
2015-08-24,813.9022827148438,858.5660046156853,799.3797635321168,830.251593825168,6095598
2015-08-25,813.4456176757812,841.8057421314776,776.3628946537012,836.508162487553,5366573
2015-08-26,797.2791748046875,822.3510888917928,793.3516466967479,815.5465399669205,3455259
2015-08-27,823.8580932617188,827.3745384339301,803.763993426067,818.3778842156319,5115937
2015-08-28,809.6552124023438,837.1019143191594,790.0634543219562,832.0783894650891,4988409
2015-08-31,821.0723266601562,832.4437715135551,794.630307018476,805.9560946129393,13512125
2015-09-01,823.8124389648438,836.6452507110617,805.5907326715682,807.1434697230568,4315484
2015-09-02,813.03466796875,837.5585801035064,809.883536752326,834.8184756974971,4877084
2015-09-03,808.2850952148438,823.7666953523302,804.7685946510431,820.2045375339479,2306749
2015-09-04,783.395751953125,812.897527474893,778.7832546602231,812.897527474893,3075607
2015-09-07,764.0324096679688,790.9767684070065,759.9222532501494,785.6335873628672,2479603
2015-09-08,771.4307250976562,776.3629354572354,744.3950498795846,769.0559901823437,3192919
2015-09-09,766.3615112304688,785.496584526291,762.8450662615577,782.436823618151,2164371
2015-09-10,766.9552001953125,770.9283291078495,753.437363544566,762.6623590011227,2478514
2015-09-11,772.7550048828125,778.1438985187442,767.5487960010338,770.882611584755,2710761
2015-09-14,782.8021240234375,784.5375457236987,772.1157060347394,780.1990472206109,2590701
2015-09-15,791.6162719726562,796.0004284151007,780.9298523177408,784.2179557126808,3818309
2015-09-16,810.3402709960938,814.5417423797688,799.7908795292552,803.0333254609577,5674983
2015-09-18,826.7809448242188,841.0294671179041,811.4820267519128,819.2913140810975,5214357
2015-09-21,821.9856567382812,833.8594423848772,817.5557878754345,829.6122582968759,3137037
2015-09-22,822.579345703125,830.2516605751239,814.3133749734254,830.2516605751239,3447182
2015-09-23,819.06298828125,826.7809612383775,811.3450153241225,817.4645938240521,1895163
2015-09-24,814.633056640625,822.8533698024978,811.2992406703944,822.8533698024978,4615659
2015-09-28,786.4100952148438,817.4646169771024,782.939306873283,817.4646169771024,3862676
2015-09-29,774.7645263671875,786.4099701764202,767.4575812319827,786.4099701764202,2137288
2015-09-30,793.1689453125,796.4570484428234,783.8525787798247,785.4966303449864,2861245
2015-10-01,813.81103515625,817.4645078168841,797.5987502246861,799.1971445137135,2278061
2015-10-05,820.158935546875,824.0407501564732,803.9466510009056,821.1179609479682,3142118
2015-10-06,831.1194458007812,836.5539980087883,824.086499163806,827.4659728202823,2368600
2015-10-07,845.961669921875,848.2450905080668,824.7715157324999,835.7319345462208,2899026
2015-10-08,836.3255615234375,853.0401873725662,831.713007808272,849.4323720621436,2018360
2015-10-09,827.6942138671875,842.8561025868249,823.1273731989152,842.5821032962419,1963120
2015-10-12,814.724365234375,835.6861747943466,806.6867369062396,831.1649914386561,2057784
2015-10-13,805.225341796875,819.0628916209168,798.2837661295582,816.5511291988845,1526300
2015-10-14,807.143310546875,816.5509897716904,805.2252043035742,807.508624297343,1468468
2015-10-15,811.0708618164062,815.1810182107462,803.8095743702263,812.8519407367996,2180779
2015-10-16,813.3543701171875,814.7244223970031,804.6773723450221,811.0709496508282,1209569
2015-10-19,827.4658813476562,832.0783793261306,809.7465170520026,817.4644890196344,2000070
2015-10-20,824.3604736328125,833.9964971788313,821.7573965117208,832.0784462209293,1880891
2015-10-21,814.6923828125,826.8348733324839,812.4013468653333,826.5141506732784,1272841
2015-10-23,810.6600952148438,828.3010710949858,809.2396641878164,826.5599174253526,1916780
2015-10-26,814.509033203125,819.3660178931888,812.0347033622273,815.6087415694674,1770689
2015-10-27,832.6998291015625,836.1821920584485,811.0266097556029,813.7758525005371,2896574
2015-10-28,826.1932983398438,831.6459745941286,820.2366054088666,827.5221102572982,1939812
2015-10-29,805.4364013671875,826.6055454003911,802.3663804710784,826.6055454003911,3272915
2015-10-30,815.1963500976562,818.3579906997118,803.4204484167512,806.6278985482732,2387217
2015-11-02,793.01904296875,804.7491900283369,785.8710230585862,801.9082723143642,1982404
2015-11-03,795.9515380859375,804.4283693918749,790.6821564633278,797.2803498557271,1547053
2015-11-04,781.2431030273438,801.4042153635332,778.9520675345949,794.5311088852868,2275409
2015-11-05,747.748291015625,778.860569008123,741.379200173542,777.1193593908079,4038115
2015-11-06,736.2471313476562,753.6131342920133,733.6353175279512,747.8397364837654,3763950
2015-11-09,693.6796875,707.3342244889158,682.6827179303327,697.3911535430668,7903526
2015-11-10,670.769287109375,700.323640751709,663.5295936111959,690.1514110542621,7024856
2015-11-13,678.6964111328125,689.510144666228,674.4809277080334,682.8202755005926,4665553
2015-11-16,676.9092407226562,685.019482455936,671.3190816201227,680.8956193508501,3357919
2015-11-17,690.3807373046875,692.3968600879772,681.7664758611679,683.6451141167471,3853257
2015-11-18,690.7472534179688,697.6661699437828,685.9360785185402,691.8927712511661,2521801
2015-11-19,680.4376220703125,697.3912867279566,676.6803457898524,694.6420438105009,4059404
2015-11-20,665.17919921875,679.0628961903668,663.3922363439818,677.9631880057913,5345428
2015-11-23,657.16064453125,667.9743775634603,653.8615755633303,665.316753831784,5781403
2015-11-24,647.1717529296875,659.4058607634139,645.1556303979964,657.0690156184139,9846509
2015-11-26,674.3892822265625,678.1465583521453,656.6108230531246,656.9315456735445,8438968
2015-11-27,678.0090942382812,680.3001299773218,669.8988500954733,679.979407347252,4475863
2015-11-30,668.5241088867188,675.8554219382523,666.5537961307272,671.2733512810438,8738130
2015-12-01,668.295166015625,672.464840129401,666.2332337241816,670.8153054829448,3183165
2015-12-02,670.6318359375,677.2300287302277,664.4002311629432,677.2300287302277,5136352
2015-12-03,666.1416015625,671.1818803980208,663.4839776212832,668.844979100213,3079014
2015-12-04,692.2593383789062,709.213001797098,661.1928733094741,662.1092875482952,24605807
2015-12-07,712.3744506835938,716.1775914247546,698.3533266830864,701.3316723927862,7139702
2015-12-08,706.4636840820312,714.6655459019772,703.3478536274232,711.137373830463,3655120
2015-12-09,695.6959838867188,710.5877172392729,687.4482546453041,707.9300932214196,4935349
2015-12-10,693.542236328125,705.50143012302,672.0065032195121,705.50143012302,4496091
2015-12-11,694.4586791992188,701.9732869300758,685.936038207783,696.1540790528092,2852880
2015-12-14,704.3558959960938,708.3881406448254,690.6555491482601,695.4208579996034,2629235
2015-12-15,709.0753784179688,716.131777861618,704.9057056346454,710.2208959921496,3549320
2015-12-16,718.560302734375,719.8433049000778,710.9540765809429,714.8030271445713,2864795
2015-12-17,735.1932373046875,737.713376167371,722.1343359253273,724.9293878408803,3491346
2015-12-18,724.1045532226562,741.3789349579918,721.4011207032967,732.7646208805174,4125199
2015-12-21,691.15966796875,693.5423227468171,669.8988452766906,676.3137452998601,12310649
2015-12-22,699.8656005859375,704.630966054259,692.9924934489802,692.9924934489802,3734881
2015-12-23,724.3338012695312,727.1746628973752,705.638929339608,706.5553435335555,6651886
2015-12-24,724.7462158203125,731.6651884274597,720.6682169937815,730.3821860534683,2053955
2015-12-28,743.76171875,746.8775493045406,725.4793007868157,725.4793007868157,4287383
2015-12-29,743.5325317382812,751.3679167668821,738.1715318135841,746.877465460051,2702847
2015-12-30,742.4329833984375,756.9581260342978,739.0422396859213,745.9611556802887,1919186
2015-12-31,751.59716796875,756.0417546987358,736.8886745396396,744.1283694731799,2590518
2016-01-01,747.3817138671875,749.5353211552911,738.8132620461714,742.3414349292973,986728
2016-01-04,732.3065185546875,752.650923695336,728.6408619864078,745.8694926041068,2388588
2016-01-05,733.5894775390625,739.5461691118344,725.8457673077636,739.5461691118344,1632394
2016-01-06,725.7543334960938,738.4466494824234,724.6546251229931,737.7135292115202,2168214
2016-01-07,718.2854614257812,732.2149688917712,713.5659617070334,722.1344123738619,2082334
2016-01-08,727.7703857421875,738.4465779999471,720.3015873674639,728.5493154670913,2315237
2016-01-11,716.8649291992188,737.2551429092637,713.9782024129449,723.5089314193457,3424538
2016-01-12,722.2719116210938,727.6329125961721,718.4687701201498,718.4687701201498,1787888
2016-01-13,730.0155029296875,737.3926817195182,716.1776713838278,728.5492626361396,3447651
2016-01-14,725.6624755859375,729.8322044467749,720.0265624863663,723.7838378860804,3233849
2016-01-15,721.3096313476562,732.2149832589503,714.9864066042605,731.0694654503474,2370237
2016-01-18,719.3394775390625,730.8404668017198,710.2211432869377,721.2181158281549,4202772
2016-01-19,727.541259765625,730.1988274001906,715.9485976983004,720.3015651723061,2169752
2016-01-20,726.3499755859375,737.7135356513551,710.7709319759089,719.8434562163222,4222563
2016-01-21,708.5257568359375,736.2472901315358,700.1405433995748,733.1314590571463,3264178
2016-01-22,723.234130859375,727.6329080335861,708.6631220404715,713.8866944057476,1970106
2016-01-25,739.7753295898438,746.7859202770948,728.0452395455087,728.5492561460833,2905098
2016-01-27,752.5136108398438,754.4380584606995,741.6540680264745,748.7104691920941,3609838
2016-01-28,764.427001953125,766.8554662601852,748.7104745149419,748.7104745149419,4368190
2016-01-29,799.98388671875,804.6117678184793,768.9632286248792,772.5372668234373,4709689
2016-02-01,799.3880615234375,814.0506881007185,789.8573878082939,807.177581892618,3252050
2016-02-02,765.3433837890625,809.5145059227557,761.6318613272116,806.3070560455421,2676955
2016-02-03,765.1142578125,783.5341613372086,759.982304599206,766.8554112776026,2630864
2016-02-04,765.755615234375,776.9358786695327,749.7642336093827,769.7878597301626,2287218
2016-02-05,785.870849609375,788.1160751963386,766.6261547499296,768.871380336893,2250196
2016-02-08,765.8015747070312,792.5150159875136,760.6238119271449,783.534167708083,1198192
2016-02-09,782.66357421875,788.9410453527864,758.8826133906132,760.6238228283137,2340243
2016-02-10,784.2214965820312,793.3856391070915,768.1384376372479,779.9143384085555,3530848
2016-02-11,760.9904174804688,787.108223670921,757.8745866492656,779.8685287043833,2067334
2016-02-12,776.5235595703125,810.7516639223988,735.3765950431048,774.3700085471551,5260215
2016-02-15,779.1353149414062,794.5310613447821,774.4615692557605,783.534091637588,3592947
2016-02-16,758.607666015625,785.504456432309,751.6429404465957,779.5018986561968,1957372
2016-02-17,784.2672119140625,787.5204709330309,758.7909099409069,762.4107569902437,1975343
2016-02-18,797.6928100585938,803.2371051883704,786.375060298756,797.0054993582044,2342525
2016-02-19,791.9652709960938,797.6470509988279,785.3670766681925,797.6470509988279,1561649
2016-02-22,808.6897583007812,811.759723635282,795.4475613292819,799.0674087685722,2302969
2016-02-23,798.2883911132812,823.3523531647741,793.8438045951465,810.75165785374,2470030
2016-02-24,783.1217041015625,797.2803139673338,778.5854428526384,793.9353799318945,1716644
2016-02-25,802.1831665039062,806.4445150077389,784.0381761029291,785.7793854973627,3898475
2016-02-26,799.021484375,815.6085573820756,796.4554801218467,811.0264868349852,2409042
2016-02-29,782.5261840820312,807.1776949064819,764.0146042496905,807.1776949064819,3546392
2016-03-01,795.814208984375,800.0296924359563,780.1434907270815,789.6742219221661,2354037
2016-03-02,780.6473999023438,803.7868580375347,778.9520560361289,802.7788248089987,3184958
2016-03-03,798.1051635742188,800.8085407662785,781.3347386644098,788.0246071920749,2447143
2016-03-04,785.1837158203125,801.4042591825748,781.3347647953454,799.1132235645572,1525260
2016-03-08,786.8330688476562,798.1966252661668,780.0974480572039,787.9327768774273,2297582
2016-03-09,788.9409790039062,791.5069274856562,766.9470389886521,788.1161838799414,3139226
2016-03-10,792.744140625,795.4475738657342,775.744667370212,792.1943144450315,2042250
2016-03-11,795.630859375,797.280393830711,773.0870353686603,783.442561092791,2329088
2016-03-14,790.1324462890625,803.2829695474437,786.8333211419013,796.3640525446004,2139517
2016-03-15,772.674560546875,789.4907366855916,770.3376598760675,789.4907366855916,2357014
2016-03-16,765.89306640625,776.6151223155933,752.9716502677313,774.8281036751234,2521867
2016-03-17,758.1036987304688,773.3620185760456,753.1092298126366,771.6208091037228,2605930
2016-03-18,747.7940063476562,756.8665295333565,731.6651383880617,756.0875438833199,5270631
2016-03-21,766.5347290039062,768.0009694657164,748.527166185645,751.9637197056576,3177198
2016-03-22,774.00341796875,776.2028344420977,762.3650022699476,765.2516734660466,2105722
2016-03-23,775.4696044921875,780.7847949613323,764.8391676204214,774.0949833742978,2331768
2016-03-28,741.6082153320312,775.2864382711133,735.8806263968132,775.2864382711133,4596334
2016-03-29,727.9535522460938,743.9907997514013,705.6388902335295,741.6081453525762,7468509
2016-03-30,743.8534545898438,747.381627063193,734.0936204975338,744.0367486257226,3020735
2016-03-31,751.4595947265625,760.3030135500903,744.03666256668,744.03666256668,5230705
2016-04-01,746.9692993164062,755.1254092410719,741.7457823730613,752.3761662462622,1654746
2016-04-04,746.9234008789062,752.3760766896023,743.3035535132519,748.8937138307202,1239310
2016-04-05,733.8645629882812,748.2064692101269,732.6732355805394,747.794071586892,2570634
2016-04-06,741.883056640625,743.3034873724422,731.3442940193981,737.255176415391,1809628
2016-04-07,743.8534545898438,754.1173053307054,737.8050870067619,742.2955391851036,2221164
2016-04-08,743.899169921875,749.1227416488292,739.5920123247906,739.5920123247906,1088142
2016-04-11,748.9852905273438,756.95810499914,741.5623581180573,754.2088624870366,2757166
2016-04-12,754.7584838867188,757.9201231047348,748.1144829513305,751.1845031505211,1942717
2016-04-13,763.4188842773438,766.0306984653366,754.2089321972342,757.0497940155907,2310970
2016-04-18,767.7717895507812,770.8418106168037,758.1494406515887,763.5104971697999,2257502
2016-04-20,759.2949829101562,766.2138990126166,756.2250176784273,766.2138990126166,2134965
2016-04-21,763.2813720703125,767.8634428452971,757.6912121647428,762.1358543765664,1381380
2016-04-22,751.6430053710938,759.2034231984788,749.7643672794717,757.8746113027255,2527855
2016-04-25,741.2415771484375,752.5135161575937,734.9641624732743,751.4596174913777,3644370
2016-04-26,746.3278198242188,749.2603008041496,730.3821888117706,737.7135031285763,4083983
2016-04-27,745.9154663085938,747.8857235876309,741.5624981756262,745.9612758390844,1364080
2016-04-28,734.9183349609375,750.5431849505626,733.1313161910257,750.5431849505626,4828596
2016-04-29,743.48681640625,745.3196447745304,734.9641756804426,737.7134182328633,2339763
2016-05-02,743.9450073242188,747.9314424986493,737.255195112135,745.7320261311371,1083227
2016-05-03,731.527587890625,745.5945225784557,714.8030298210931,740.645919778244,5809209
2016-05-04,736.9803466796875,738.9964692044656,721.2638200117084,732.2149814211629,2523074
2016-05-05,742.7080078125,758.7910681796085,739.0881600082781,756.545841875712,3065087
2016-05-06,737.1636962890625,746.8776656405618,735.193383141277,742.2497845432295,1464262
2016-05-09,737.9884643554688,743.9451576263294,729.4658220930897,737.7135512373584,2556690
2016-05-10,735.1016845703125,743.2119279956379,733.4062847133142,738.6298569229151,2156929
2016-05-11,729.7406005859375,738.6298293215409,725.8000307973455,732.2149300594432,2268518
2016-05-12,736.3845825195312,738.3548953247181,728.6408717288059,728.6408717288059,1962391
2016-05-13,728.5950927734375,738.0341477722504,726.258247768576,738.0341477722504,2454738
2016-05-16,731.1610107421875,734.9641518564832,725.5250972525039,733.0397045055631,2035038
2016-05-17,733.039794921875,735.514068697251,729.9239640390851,734.0478282426958,2505291
2016-05-18,728.82421875,732.260772078634,724.8836487865301,732.1691530299312,2244494
2016-05-19,726.25830078125,731.0236661181841,723.9672651320979,730.382164949724,3114189
2016-05-20,725.2042846679688,731.2068418442972,723.9671479909958,731.2068418442972,2460489
2016-05-23,718.9728393554688,727.3580527077203,714.1616642036665,726.7165515007817,2403975
2016-05-24,707.7466430664062,721.2179423762678,706.5553158476525,720.3015282182295,2249441
2016-05-25,719.797607421875,723.8756621546247,706.7387039317084,713.2452229463959,1556315
2016-05-26,714.2073974609375,722.1344028093324,709.35041329879,715.811122340273,1900809
2016-05-27,755.9959716796875,758.7910240477551,724.0589004528499,728.549352799475,3675225
2016-05-30,744.2198486328125,771.620651874428,740.6916768141406,761.5400970399639,4888391
2016-05-31,698.9949951171875,732.2150129120064,692.8091987002213,725.8001129240413,15706495
2016-06-01,691.4803466796875,706.9219600291217,689.5558991683566,702.9355245649566,4921709
2016-06-02,684.3323364257812,695.1002037883562,682.3162139031124,691.984372986642,4900285
2016-06-03,675.718017578125,689.051889518641,673.6102760125492,689.051889518641,5944789
2016-06-06,663.8505859375,687.3107712218068,661.5136845685508,686.3027377974123,6330743
2016-06-07,677.0469360351562,679.8878541870072,650.791697481141,667.1496718699386,7369626
2016-06-08,676.313720703125,682.6828109669048,673.0146517560169,681.8122062372968,3384926
2016-06-09,680.620849609375,682.9576946741629,670.3569992004699,676.3136916062157,3948805
2016-06-10,679.4295043945312,684.5614014968843,676.6802618182386,683.5075028025788,2785032
2016-06-13,684.0574951171875,685.4779261571515,671.8691955847816,676.7719899292198,2918950
2016-06-14,690.701416015625,691.8927433273724,684.1490319007861,685.4778437203636,2789220
2016-06-15,688.7769165039062,694.9627125888208,687.3106761016172,693.6339566951465,1417625
2016-06-16,691.526123046875,693.1298478739164,680.6208277830831,689.1434685343781,2717995
2016-06-17,681.0791015625,694.7795061845021,678.238183744919,693.2674002547019,3317924
2016-06-20,678.0090942382812,683.7366835858827,672.5106084645838,678.0090942382812,3323011
2016-06-21,674.7559204101562,682.9120310508537,673.7478869302934,679.1546984013258,3703466
2016-06-22,678.1923828125,679.4295756616942,670.2654327794673,678.1007637570734,3715759
2016-06-23,689.6934204101562,694.4587862374003,680.8958649856236,681.7664698085757,3909660
2016-06-24,691.6635131835938,701.0567573175875,672.6479214001429,685.2028052342248,7640809
2016-06-27,709.0753784179688,710.7707220543664,690.3346997176744,693.7254429239449,4493497
2016-06-28,701.1483764648438,714.2072768483816,699.7279458554348,709.3044839900576,2788888
2016-06-29,705.9139404296875,709.7170822360426,703.4396105757631,706.2805285315619,2460436
2016-06-30,699.315673828125,711.9622348998787,697.391226325981,710.2210254962356,4538392
2016-07-01,699.5447998046875,705.134960325265,698.3534724588226,704.7225627234498,2656477
2016-07-04,706.3720092773438,710.03766584436,702.1107170782755,704.0351644025669,1575107
2016-07-05,709.7627563476562,712.9702058598793,700.3695113475743,708.3423256075107,2746347
2016-07-07,713.1536254882812,717.506593450158,710.2210885167399,712.9703314400305,2515212
2016-07-08,712.5120239257812,719.3851302659014,709.7169718674955,716.5900782076156,2174896
2016-07-11,723.0508422851562,727.541294477559,716.1777354193277,723.0508422851562,4771555
2016-07-12,717.59814453125,726.7164772164383,713.107748408667,726.5331831855505,3402732
2016-07-13,713.4743041992188,728.4118453094713,710.2210447936355,721.0805312986984,3546248
2016-07-14,704.31005859375,709.900218268808,702.7521434078002,709.900218268808,4148326
2016-07-15,706.0055541992188,710.037743302722,700.2320997295549,707.471794612586,5462554
2016-07-18,711.7789306640625,715.7195005945957,706.4637394135652,709.5795141787262,3096502
2016-07-19,717.0025634765625,721.2180468407365,712.603730134046,714.8031468053042,3030866
2016-07-20,730.6111450195312,731.5733686428331,716.2234323881111,719.751660251522,4592908
2016-07-21,727.8161010742188,738.6297764408758,724.8835647205121,733.1312917527304,3452258
2016-07-22,720.8513793945312,729.4656951528959,716.6358964944279,729.4656951528959,2552125
2016-07-25,736.7969360351562,737.7133501347024,721.2178963428706,722.1343104424168,3836740
2016-07-26,731.6651611328125,740.4627155781682,728.6409493545774,739.546301326215,2827707
2016-07-27,740.3712158203125,742.2956636861002,725.1128936933665,730.4280860244195,2447955
2016-07-28,756.4541625976562,758.7910077754847,741.8373439544141,742.6621391623477,3981433
2016-07-29,760.5780639648438,769.6047224997731,751.9637471205583,756.0418019663476,3056996
2016-08-01,765.8015747070312,769.7879542395201,753.9339992258082,767.8635067273157,2052236
2016-08-02,759.61572265625,776.6610037274962,757.7370288738996,768.8714833361289,2135409
2016-08-03,769.4212646484375,776.5234740033912,752.6508976163391,763.0980408473399,2105776
2016-08-04,777.6234130859375,783.4884875073526,769.879700367091,771.620910067244,2609726
2016-08-05,771.5291137695312,783.0301004412759,767.0844714753033,781.6096696613919,1908271
2016-08-08,763.189697265625,774.2324766491142,760.9903368532285,771.6665282012445,3382787
2016-08-09,760.028076171875,765.3891326734124,753.8422804702043,764.2894244730855,1896252
2016-08-10,749.3063354492188,763.3732755973293,746.9236241981775,762.1819479385598,1315780
2016-08-11,740.6918334960938,750.3599928548756,719.5684957658907,746.236128641164,6662203
2016-08-12,733.6353759765625,756.8665094861733,724.4712339846412,748.5271067134346,8732728
2016-08-16,717.2772827148438,740.7832693600703,715.9026616502057,740.7832693600703,5115466
2016-08-17,719.38525390625,724.7004458694321,708.2049878180786,713.6576643050856,3550406
2016-08-18,722.8674926757812,727.9994456344888,719.8433370740065,723.9672008764674,1585900
2016-08-19,718.2854614257812,727.1746906328166,714.4365104777006,726.487379961141,3217425
2016-08-22,705.7306518554688,719.3852477206328,701.0569611545021,718.697936974403,5501620
2016-08-23,698.62841796875,706.2805109200119,696.4748667410388,706.2805109200119,3756220
2016-08-24,705.364013671875,710.5417202885308,699.7280440264486,701.0568557894783,3806381
2016-08-25,701.0111083984375,712.3288022817452,698.3534846368285,709.2588368446178,2285008
2016-08-26,692.1218872070312,704.4018609721172,689.8308514996263,702.2024443196129,1978922
2016-08-29,695.8333740234375,698.6742919430095,684.1949011059759,694.5504275502193,2362413
2016-08-30,710.0834350585938,712.0537477249171,697.3453127713489,699.9570705537058,1726397
2016-08-31,710.816650390625,716.6358578089037,706.8302153197072,712.9702012472212,3405144
2016-09-01,705.6847534179688,713.7950527617766,703.1188048086874,710.7708411125859,1183855
2016-09-02,716.9567260742188,718.7437451978672,703.8062028603165,709.3046888201628,1867621
2016-09-06,717.2315673828125,723.050774947208,713.2451322117979,720.3015324569144,1556462
2016-09-07,714.1157836914062,718.9727678894566,711.6414541011585,717.5523370296709,1353192
2016-09-08,741.4600219726562,743.0199391899339,713.2440749148107,715.7215839063272,3663747
2016-09-09,731.7335205078125,751.0488148066564,728.6595546753979,744.1668769800835,4003165
2016-09-12,722.1905517578125,730.3112720800214,714.8956863854398,723.9798668122215,2621800
2016-09-14,715.583984375,730.5866447792769,710.5831535789365,729.4855233542735,3858523
2016-09-15,721.54833984375,727.2832889936665,717.6944988192963,719.3920213655265,1479337
2016-09-16,719.2084350585938,728.567882534032,716.8685871910737,724.9433837561223,2303954
2016-09-19,718.0155639648438,724.6222359461668,716.226248802454,719.8966159025939,1283403
2016-09-20,714.5746459960938,721.7777195439579,712.9688602747542,720.3095950008778,2078649
2016-09-21,714.6664428710938,719.8508596094972,712.3724630762897,717.5568798146932,1572757
2016-09-22,721.915283203125,723.8422034062921,718.7495805790472,721.2729578002848,1730313
2016-09-23,715.7673950195312,725.5856374193204,713.8863432339315,724.9891804116496,1768021
2016-09-26,703.012939453125,719.6213276737365,701.5906274408146,716.6391544956177,2308824
2016-09-27,706.6832275390625,712.8769711405353,703.012860960412,703.3339956339042,1556490
2016-09-28,701.774169921875,709.9866274109306,700.4895750554603,703.0588207936465,2342694
2016-09-29,675.2098999023438,706.5456821015902,671.6771938939792,705.628090306653,5321213
2016-09-30,681.4954223632812,683.6058722443063,674.5216912714001,678.9720449825137,2051308
2016-10-03,694.6627807617188,698.287279154194,688.1937705199022,688.1937705199022,1856097
2016-10-04,701.3153076171875,709.2983664091499,696.6814808488319,699.2048579608955,2557812
2016-10-05,696.8650512695312,705.1692452335398,694.8922066458512,705.1692452335398,1847125
2016-10-06,690.8547973632812,703.3798901755565,688.2854958583875,701.9576342745021,1755184
2016-10-07,689.2948608398438,693.8828191042126,687.0926184708068,693.6992895725679,1554398
2016-10-10,693.1947021484375,695.5345499213762,688.1938158852666,690.9007227621532,1365905
2016-10-13,678.7427368164062,691.7725529434462,674.5217804906911,687.4598598302573,2996697
2016-10-14,684.0647583007812,685.4411461444448,676.632286347144,679.8438579823589,1849542
2016-10-17,673.4663696289062,685.8079879160911,671.6770547982513,685.7161951523914,1510291
2016-10-18,682.2294921875,683.8811461995252,674.8887579070696,675.3016854114154,1901132
2016-10-19,688.4232788085938,696.4522074184907,685.486973715902,686.7257563046458,2267328
2016-10-20,684.0647583007812,693.6077364189944,681.7249101676263,692.5524833367065,1360596
2016-10-21,686.1290893554688,687.2760788060797,679.5224189188808,685.4408956851022,1807639
2016-10-24,685.5785522460938,691.588765726117,683.8351058906624,688.101929020598,1014731
2016-10-25,685.80810546875,696.4521475081015,684.75285254008,687.367966660201,1924646
2016-10-26,677.8250122070312,687.2761956862927,675.4392401408224,687.2761956862927,1206610
2016-10-27,685.349365234375,688.8362030127679,676.4487132172998,680.8531428323939,2686399
2016-10-28,682.1376953125,690.0289615665722,680.8071761403236,685.4410030455178,1900094
2016-11-01,673.2830200195312,687.2762957337361,671.768971064702,687.2762957337361,2566651
2016-11-02,655.206298828125,672.4111420646594,654.3345755697375,672.4111420646594,3286334
2016-11-03,645.6635131835938,657.9133417043975,642.6813397379323,655.1605662160945,4374269
2016-11-04,597.8109741210938,623.8705999998866,593.7735483634157,623.8705999998866,17908933
2016-11-07,600.9308471679688,621.2096020254463,599.1874004765383,620.2920102942419,6663505
2016-11-08,583.0379638671875,608.4093483966512,580.1933951387822,605.6107040713349,9896681
2016-11-09,606.2987670898438,614.0065604243434,524.7707600467614,550.555066596907,14963330
2016-11-10,611.2997436523438,636.4417284657632,609.3727670317907,623.9625008508916,9357587
2016-11-11,631.3031616210938,649.6549977147303,623.9624271836392,633.1383452304574,13184334
2016-11-15,626.21044921875,647.4067944892719,619.0532453615186,640.433120167939,5816519
2016-11-16,612.4007568359375,637.496868816121,605.6105554784309,634.0558997509027,4722902
2016-11-17,614.0983276367188,625.2011662945736,605.6106032726699,613.6395317251485,3756250
2016-11-18,632.0830688476562,635.4323012128705,607.4916205938468,616.1628740280759,6150792
2016-11-21,633.4594116210938,639.6531556345027,620.3378614307944,634.9734603376238,5090705
2016-11-22,633.0464477539062,641.7635676855512,628.550226650183,641.3965086547123,3359143
2016-11-23,643.507080078125,646.8104439659598,634.1017646844108,638.6438550268366,4496512
2016-11-24,626.2564697265625,641.8555319761618,623.9624899839744,641.8555319761618,3783616
2016-11-25,655.2981567382812,657.9132707680626,628.6420721629903,632.6794981793295,4410579
2016-11-28,656.2158203125,660.849647857771,651.5360683713924,654.8394325660614,2607872
2016-11-29,648.278564453125,662.0424405561638,644.1494016222134,660.5743161739817,3674024
2016-11-30,651.3065795898438,660.207230310035,648.0950086293362,652.3159640663579,4359468
2016-12-01,662.04248046875,664.7952558553145,648.7373994336886,651.306645260077,2796906
2016-12-02,660.9873046875,670.7138124590405,657.0875391011448,660.0238443907676,3163480
2016-12-05,654.3345947265625,665.25395795584,651.811217644661,662.5011829574021,2946490
2016-12-06,647.9573974609375,662.2259371090694,646.1222140719725,657.5003174803437,2939600
2016-12-07,609.2808227539062,642.3141203730939,605.6104563517744,642.3141203730939,12922300
2016-12-08,620.0167846679688,623.5953590513171,604.5553293792169,609.2809495072069,6865033
2016-12-09,617.539306640625,626.5316954470983,615.9335209249919,622.1272658281482,3298719
2016-12-12,620.6591186523438,625.7058735745438,614.7865087043674,617.7228136783556,2155130
2016-12-13,627.953857421875,629.1926398199466,611.6207363647918,620.2919891298822,4508196
2016-12-14,622.494140625,635.5698204373169,619.3743068992217,629.4219457455447,3202343
2016-12-15,596.3888549804688,618.0898693892248,591.8467639629362,617.355807084607,9539189
2016-12-16,594.0028076171875,598.1778935531299,581.3859250764202,597.2143777184737,10780836
2016-12-19,580.1473999023438,590.9291032615411,578.1745551834115,590.9291032615411,4214766
2016-12-20,576.1558837890625,585.4235380870441,570.83380682035,582.6707628295816,3984283
2016-12-21,563.8143310546875,581.6615039795013,562.529680045178,579.9180570387902,7404147
2016-12-22,558.9510498046875,573.4948569754418,557.8957968657098,565.4659289777857,5479188
2016-12-23,572.1184692382812,577.6240198644716,560.8321016556624,563.4013474134799,6105681
2016-12-26,560.8778686523438,573.4030164648784,559.7308791458972,573.0818257998652,3005547
2016-12-27,569.9161376953125,570.925522089227,562.1166088580426,563.4012595392617,2289086
2016-12-28,570.1455688476562,576.8440329262975,568.0351191814625,572.5772092055577,2516753
2016-12-29,564.043701171875,573.4490172971406,561.4285308899267,570.2833143270768,4788982
2016-12-30,578.0828857421875,579.9180695064484,565.8330565178915,567.9893750387525,3523510
2017-01-02,581.7990112304688,587.5798277895411,575.330000890427,580.8355511381823,2266225
2017-01-03,583.6801147460938,589.0480603164792,579.7803496417391,584.5059697585709,2821892
2017-01-04,584.8270263671875,590.7455038184532,582.4871788181803,585.4234833526808,2500456
2017-01-05,590.4243774414062,594.5076716167084,588.6350624651108,592.8559617891424,2589560
2017-01-06,587.9468994140625,596.2052249618214,586.7540413693459,594.6911762092572,1864378
2017-01-09,579.9638061523438,593.5900761097957,579.0003460960434,588.2679995981343,1827405
2017-01-10,585.9282836914062,587.1670663324521,575.4218454657953,582.6708437189321,2559697
2017-01-11,594.782958984375,596.0216853935688,586.6163703445424,587.2586957440832,2784843
2017-01-12,591.6172485351562,593.5900930921645,577.1651792611295,577.1651792611295,6269913
2017-01-13,599.1873779296875,603.2248037972047,589.506796730822,593.6818277496291,3524996
2017-01-16,590.4703369140625,600.930906077388,589.2774787476313,597.3522755727346,1349694
2017-01-17,596.1593017578125,598.9120766872726,591.3419456312573,591.8466098339218,3016496
2017-01-18,596.3888549804688,600.105090901954,591.3879680218797,595.5171314913886,4013631
2017-01-19,590.4243774414062,599.8296921573335,588.268003391129,593.6818167029254,2089653
2017-01-20,588.6808471679688,594.0487913338105,587.2585914678264,589.8737049808191,3671360
2017-01-23,581.4319458007812,592.0759860695557,580.3766930476467,587.2586301193578,2955807
2017-01-24,588.5433959960938,591.3879081404756,583.5883779322614,583.5883779322614,2187797
2017-01-25,583.45068359375,593.40658754383,581.9366908308496,590.9290786527553,3068071
2017-01-27,587.7174682617188,590.0114474508746,581.5695928337109,585.6987553741914,2362371
2017-01-30,591.6172485351562,600.9308266916701,586.3410962605116,587.3045563443761,2406083
2017-01-31,579.459228515625,595.5170852044982,578.0828407994359,591.3879220559307,1926978
2017-02-01,573.9995727539062,584.9189382126641,567.4388246046208,579.0004595565367,3507275
2017-02-02,588.5433959960938,591.5714376993876,568.9069093050348,574.5959895991567,3819377
2017-02-03,593.9112548828125,596.2511026233423,587.4881126901827,591.3878775928507,2048060
2017-02-06,619.5120849609375,621.4848735964882,591.8466716291537,596.4346303239532,5835962
2017-02-07,614.4195556640625,632.7255265163025,612.2173685573691,619.3745746635182,4274151
2017-02-08,607.6293334960938,621.2096816577008,604.8765579496047,613.5478121221176,2959209
2017-02-09,601.4813232421875,613.8688104485483,599.5084788034792,610.1984438688859,3295494
2017-02-10,601.0684814453125,607.5374922626472,596.5263909547217,601.4814089454312,2814314
2017-02-13,600.747314453125,605.1058751533652,594.5994386853996,602.3989683595136,1885766
2017-02-14,595.7922973632812,608.2256540677193,588.0845604568057,604.6929483195873,3393607
2017-02-15,571.7055053710938,598.0403987254766,570.2832494175431,596.6181427719259,10352763
2017-02-16,595.7922973632812,598.2698062281805,572.0725736135848,572.5772378625531,6158072
2017-02-17,619.8331298828125,622.08124051869,595.6086890811085,599.6461145498415,6165104
2017-02-20,623.6412353515625,629.8349794660459,617.0804321466719,622.127186610325,4597889
2017-02-21,617.7228393554688,628.5504118920998,614.8782710414993,625.5223700139838,2972142
2017-02-22,615.1075439453125,619.741426610493,608.1338697647112,618.4567758904797,2662258
2017-02-23,618.9616088867188,625.155354251173,612.0796695928807,618.3652077511387,4522397
2017-02-27,618.869873046875,629.0092524209315,615.7959065543631,618.5486822761177,3477074
2017-02-28,623.0448608398438,626.0729027179636,619.374493471126,619.374493471126,2711558
2017-03-01,637.4050903320312,639.9284674813974,623.0447579707702,624.9716781190544,4972108
2017-03-02,620.4297485351562,643.5071498387576,617.4475750382513,642.3142916410679,4783045
2017-03-03,629.8809204101562,631.7161040628887,615.7958522722187,616.6217073180924,2495214
2017-03-06,626.7151489257812,628.0915365149301,619.4661518874555,627.6327406518805,2858145
2017-03-07,623.6412353515625,628.4126674947331,619.6038093784985,627.2656778439028,2152337
2017-03-08,624.3294067382812,632.0830116953758,617.5392058468879,619.3743892223615,3480865
2017-03-09,628.6880493164062,629.4679799506445,620.3837986541693,624.2835638360792,2408830
2017-03-10,626.6691284179688,634.1474655671148,623.9622222820008,624.0080906561004,1987748
2017-03-14,649.8385620117188,668.9703297598168,621.3014217575397,636.3499505608348,9857280
2017-03-15,647.68212890625,658.3262270489236,646.2140044753639,654.2429324684906,3046871
2017-03-16,652.2241821289062,660.207241278726,648.8290815703215,652.4077116736264,3087300
2017-03-17,649.1962280273438,657.3628178209277,644.1494728978025,656.0781668403545,3067000
2017-03-20,648.3244018554688,652.4076961052996,646.4433500790204,650.5725127125983,1418664
2017-03-21,640.52490234375,647.728031099641,627.7704107721576,645.9845843930291,3691911
2017-03-22,643.6448364257812,645.0670926409153,633.9183288794709,636.8087657081013,2414239
2017-03-23,645.2047729492188,646.902295578022,641.6261421034495,645.9847036694007,1294418
2017-03-24,645.8929443359375,651.1690976263471,642.4978431914708,645.5258851831549,1357525
2017-03-27,634.239501953125,645.3882093982835,632.6795845971357,643.23189093922,1859318
2017-03-28,641.029541015625,644.6540394418605,636.5333752762272,637.5427037469167,1626424
2017-03-29,630.98193359375,643.5988190425752,628.5502932687451,643.2317599728326,5152744
2017-03-30,630.4314575195312,636.8546003490841,628.7339350310082,632.9548350597128,2558208
2017-03-31,631.4407958984375,636.8545537122518,628.183300326279,628.7338889888518,2898457
2017-04-03,635.3406372070312,636.625232229935,628.6421717093903,631.9914044582107,1347390
2017-04-05,633.7807006835938,639.2862517721925,629.9268037205023,637.2675385053006,1977427
2017-04-06,630.2938232421875,635.8452423731616,626.8528540281095,635.8452423731616,2015425
2017-04-07,611.0702514648438,628.458626736789,607.6292823215309,628.458626736789,6076717
2017-04-10,612.7218017578125,614.6946461349112,606.7115878723771,612.0336080456173,2138613
2017-04-11,615.1535034179688,617.5392194565212,611.2078142694617,612.9971293010527,1344759
2017-04-12,626.944580078125,632.6795286701313,608.730405752056,617.3098664435545,2653626
2017-04-13,635.66162109375,642.176499463556,625.3387149410186,631.7618565471626,2918733
2017-04-17,621.2554931640625,626.715175365758,615.0617487515898,625.7975836009472,2411262
2017-04-18,610.3361206054688,623.503538644158,609.234999402378,622.0812827592848,1734258
2017-04-19,608.684326171875,620.2918815648335,606.8950674716355,613.8228724034286,2241129
2017-04-20,601.894287109375,612.675989589629,601.0684321768315,611.1160724977983,2071407
2017-04-21,586.8916015625,605.1058295617358,584.1388265908084,605.1058295617358,6091210
2017-04-24,589.8738403320312,592.076082957495,579.9638605281573,582.6707674203941,4428981
2017-04-25,589.5986328125,595.5171114540634,587.167048009934,592.0761420119175,1825996
2017-04-26,589.8279418945312,593.2230424335822,582.7624745036097,590.0114714381955,1915462
2017-04-27,584.5057373046875,592.764060123749,580.6059737512418,591.8464686994088,2432744
2017-04-28,589.048095703125,591.112677352988,584.7354028334497,584.7354028334497,1903299
2017-05-02,580.652099609375,591.1585372781773,575.7888741048603,589.4610147925224,2415773
2017-05-03,577.0277099609375,583.0838507973581,572.5774111386908,579.0005551739005,3807210
2017-05-04,579.459228515625,584.6895130382156,572.2102308082184,576.2476571778503,3150744
2017-05-05,578.2662963867188,585.4235003942298,574.4124000733351,578.0827668469667,2538263
2017-05-08,584.6434936523438,587.0750777197214,575.0546505050067,578.9544146936803,1544639
2017-05-09,587.533935546875,589.369118888271,578.4956799926399,585.4234859053398,1589995
2017-05-10,589.8279418945312,593.3147792027376,584.8270558577868,589.1397481098055,1381364
2017-05-11,595.0125122070312,596.3430317379047,587.3965102099409,591.7091475781007,1674209
2017-05-12,601.1143188476562,602.5824992162478,590.7914119035863,596.434623435153,1992719
2017-05-15,600.5178833007812,602.7200697190225,595.9757933054661,601.3896065936763,1224004
2017-05-16,598.5910034179688,602.4449002761949,594.599501389489,601.0226441514125,2325051
2017-05-17,597.2603759765625,599.1872958735585,591.0207084893766,598.361441057506,1920624
2017-05-18,600.0592041015625,601.2520623106448,590.4244896349287,595.2418468682456,2149513
2017-05-19,599.324951171875,602.8117879066938,593.406474395418,601.4812689406151,2223401
2017-05-22,587.3963012695312,600.104922876317,583.8635399093287,600.104922876317,3156574
2017-05-23,563.4931030273438,578.8627657059693,540.5533079846192,576.2476514732423,11623535
2017-05-24,553.7667236328125,565.51188900589,550.0963559533903,565.1907542360871,3751856
2017-05-25,542.8013305664062,559.0885823902128,534.3594761665183,558.8591844772013,7237706
2017-05-26,520.8709106445312,548.5821330382093,517.5216787962812,541.9295937274416,10814562
2017-05-29,461.181640625,485.4060583524503,452.05159108629715,485.4060583524503,42138319
2017-05-30,466.1365661621094,468.4764137085065,460.6310161680687,460.6310161680687,10937265
2017-05-31,460.2640686035156,469.85288644780275,458.5665181135148,469.8070180572678,14794419
2017-06-01,465.6319274902344,480.7721908043958,460.72280620904667,460.72280620904667,14169918
2017-06-02,472.42205810546875,475.2666259411236,466.1365774455971,472.55971926079235,7715676
2017-06-05,470.54107666015625,478.98293265125034,469.48585166193953,477.1477490012456,5257958
2017-06-06,462.7415466308594,473.79851693261253,461.54868845818265,473.4773821956705,4813209
2017-06-07,469.39398193359375,473.24787793803654,463.200238499601,466.96236974152396,4217463
2017-06-08,485.2683410644531,490.54449326249215,469.4399124730122,471.64212692035414,10616075
2017-06-09,481.4604187011719,489.85634989427115,478.7076433581181,486.3236439394953,4635649
2017-06-12,488.66357421875,496.32550048604975,478.89125370550965,481.7357663043983,7634053
2017-06-13,492.9302673339844,506.5106131522124,492.01267564349126,505.7306826174341,9578458
2017-06-14,495.0866394042969,496.41715870170395,488.7093652587209,495.4995669111278,3182248
2017-06-15,499.1699523925781,504.0790462501772,492.60914844703893,496.1877789637622,4179924
2017-06-16,485.543701171875,502.7944150220576,482.6532647318894,502.7485466352266,4986232
2017-06-19,481.5980529785156,489.94817229377196,478.5700111191779,489.07644884803625,4118410
2017-06-20,480.634521484375,489.81043848867904,476.91828629870247,482.7449711942944,4464038
2017-06-21,484.4884033203125,490.91154503099847,480.0839744911981,484.4884033203125,4257922
2017-06-22,494.3067932128906,495.45378314701867,485.4061401229835,485.8649360966347,5201690
2017-06-23,498.9863586425781,500.5462757442266,492.74674624133763,493.66433794755983,3920128
2017-06-27,499.21575927734375,504.1249085354764,492.97614684225374,501.92266602645475,4675855
2017-06-28,500.50042724609375,502.97793615240187,493.6643575620537,498.9863784685289,5278948
2017-06-29,492.6549987792969,501.4638565656841,490.08569725336133,501.00506072253165,6060935
2017-06-30,509.9057922363281,514.7231493542606,493.66440560908353,494.3984678736011,6561625
2017-07-03,506.5106201171875,512.1996998775453,503.52844708207726,510.1809869296309,1580045
2017-07-04,506.9235534667969,510.82331825026927,500.7298093989289,510.1809928495678,1980453
2017-07-05,505.27191162109375,514.4019045862252,503.52846492127446,507.0153023155581,3121863
2017-07-06,500.63800048828125,506.9694055112869,498.66521197049815,505.4553568302437,4155333
2017-07-07,503.7579345703125,506.74010813561944,500.08756710531935,501.00515897156765,4482328
2017-07-10,517.2465209960938,523.0273382706446,511.78683845693337,511.78683845693337,1025468
2017-07-11,517.338134765625,524.7706603559388,515.7782178388668,518.43925589071,2824262
2017-07-12,516.0537109375,520.2746113078691,513.8514679583893,519.3570194008006,1383094
2017-07-13,522.3848876953125,524.4953371783494,513.8971653787983,513.8971653787983,4364882
2017-07-14,525.3672485351562,531.2398592917033,521.6510124182107,522.0180715925075,3111057
2017-07-17,524.3578491210938,530.1386663020257,520.733350283686,527.6152888336908,1878995
2017-07-18,530.597412109375,534.9559727795341,522.1096886990651,522.9355436492368,1868904
2017-07-19,540.5991821289062,541.6085106148229,534.9559706708034,535.8735623872199,1772229
2017-07-20,534.0842895507812,542.755543157325,532.2032375845283,542.755543157325,1054118
2017-07-21,528.4869384765625,538.0757827187456,527.6152151808456,534.6806823069463,2584036
2017-07-24,523.7614135742188,530.2763492725734,522.4308941987873,529.4504942104817,1496356
2017-07-25,519.26513671875,526.1011497014622,517.0628943583845,523.9907001092325,2272849
2017-07-26,531.7444458007812,532.4785080365355,519.8157524523599,521.6509360444247,1896905
2017-07-27,524.9542236328125,534.2219340144795,520.7333239378378,532.2032209408738,5119717
2017-07-28,505.4095764160156,522.8896898411334,503.75792229807786,522.1097591759677,4094196
2017-07-31,487.8376770019531,508.07056391792474,485.3142996857686,507.4282384909157,5404990
2017-08-01,489.81048583984375,497.2430129350621,486.36951663058295,487.8376970964158,3699349
2017-08-02,480.40509033203125,493.021975340302,478.7534365865638,492.7467090502822,3483902
2017-08-03,473.3396301269531,486.3235743732079,471.6421079770356,483.5707994239256,4531774
2017-08-04,464.66845703125,471.4586303870241,452.051570457026,471.36689361408116,7344699
2017-08-07,463.8885192871094,470.86225051016453,462.6956611584715,466.9624573911274,2279879
2017-08-08,459.1170654296875,467.05422894581426,456.96071908647446,467.05422894581426,3042569
2017-08-09,435.2596435546875,452.8315196171056,432.50686835944674,448.24356095837095,11025555
2017-08-10,422.8262023925781,445.44485796547093,413.87968420130625,431.72685220445135,10149400
2017-08-11,412.9162902832031,424.79911472686877,407.9613004003403,420.2570243326823,7851424
2017-08-14,432.91986083984375,437.64548167567153,397.0420388231692,397.3173052007569,20846332
2017-08-16,445.67431640625,446.5919081402528,429.1576651941989,438.60884885335713,7588306
2017-08-17,448.01409912109375,449.9869154624133,440.9486325933835,445.67425173996384,4484873
2017-08-18,431.4057312011719,445.03197351659674,428.6988524937592,445.03197351659674,4513543
2017-08-21,422.5968322753906,436.2230741708458,421.54160745578037,436.2230741708458,4215469
2017-08-22,431.6810607910156,433.56211272451617,423.74386955275196,425.76258265433967,3797497
2017-08-23,430.53399658203125,436.7277399778571,429.0658443987822,434.89255674946423,3682870
2017-08-24,443.1968688964844,448.1977557403847,430.80937877204843,433.0115936380786,5680084
2017-08-28,452.5563049316406,458.70415343415806,443.4262549580235,448.51887844917485,6388051
2017-08-29,442.095703125,451.4092819829536,440.12288642208813,451.4092819829536,2605383
2017-08-30,444.3438415527344,448.6565343341841,441.77459564209215,444.11444359633134,2523480
2017-08-31,441.499267578125,447.18834766355184,437.3701046781895,447.00481811137234,4398132
2017-09-01,446.13311767578125,451.4551385963747,441.17809985002026,441.3616294001143,3998817
2017-09-04,459.43817138671875,467.6964966147412,438.74646193045686,444.1143789292067,4489406
2017-09-05,451.3175048828125,462.97090322989936,449.7117193308272,461.5486472277835,5266455
2017-09-06,435.1678771972656,446.82130334911204,434.0208875367562,446.82130334911204,7344173
2017-09-07,440.85699462890625,443.6556384376271,435.1679142276001,437.69129169544595,2916205
2017-09-08,432.50689697265625,444.38969388329855,428.74476502306834,439.4806001958252,3557040
2017-09-11,428.9283142089844,437.1407443255937,427.78132441593726,435.3973254406981,3437220
2017-09-12,443.5638427734375,445.53665941949697,431.7269148944028,435.8560777361133,5892218
2017-09-13,461.8698425292969,468.43061836124457,440.3523034132961,444.11443542966185,11440036
2017-09-14,481.41455078125,483.7085302360251,471.2751167868578,477.1477265932252,10997664
2017-09-15,481.0932922363281,484.4425241703134,471.73384617914246,475.49600555784986,7483452
2017-09-18,481.3242492675781,486.8206224098421,472.0404896611562,484.97310581625635,3689242
2017-09-19,476.47454833984375,489.0376957997114,472.5947801624916,483.8646151815063,4355599
2017-09-20,466.9598388671875,479.80010229080887,465.2047036668888,479.2458134601454,5024973
2017-09-21,480.0310974121094,484.9731825289942,466.4980136707468,469.73116822094005,10217874
2017-09-22,474.6732177734375,488.20630050084816,469.9158959779206,479.3844193083533,7990848
2017-09-25,467.3755798339844,475.31987962459476,463.2648436241817,472.96430695031114,4345197
2017-09-26,468.8996887207031,475.73549406521494,466.63646975414423,467.42166989708494,3615167
2017-09-27,456.98321533203125,465.52797910303406,452.17966117901364,465.52797910303406,7594880
2017-09-28,461.14019775390625,468.34550189127066,455.8747636752309,456.98328501522633,5557091
2017-09-29,464.88140869140625,467.42174425802597,460.2626167520977,462.1101335278211,3478824
2017-10-03,464.3271484375,470.74728051525193,462.01775246577176,470.1930198438634,2880625
2017-10-04,478.41448974609375,482.2018765687472,463.7267088841209,465.66660712918036,6203591
2017-10-05,474.6269836425781,484.9730874512167,472.9642300476628,479.4305378803457,3576059
2017-10-06,489.7767333984375,492.3632457394826,476.47458938486227,478.50686921773354,6323391
2017-10-09,490.8852233886719,496.01207109734463,481.83234620162534,487.55965940718437,5049020
2017-10-10,487.0053405761719,494.21064335244154,485.9891727140747,491.34701544832376,2244596
2017-10-11,485.9431457519531,492.5018649054003,481.4167629486668,490.3309986098268,4031497
2017-10-12,498.41375732421875,503.44825111168154,491.4393937457148,501.6007345938405,8970339
2017-10-13,493.93365478515625,501.6931919407271,492.36325414287387,499.98426135990707,3819414
2017-10-16,506.17340087890625,507.9747409438745,493.1021976292941,497.3515198827751,5322443
2017-10-17,505.4805908203125,511.7621364535028,503.03260858963637,505.2034745859449,4477156
2017-10-18,499.01434326171875,507.5129325726202,497.76723548195037,507.4666995431247,3499930
2017-10-19,494.9035949707031,501.600843806051,491.4395007455232,499.014331394265,434929
2017-10-23,499.19903564453125,502.06266398115,492.6403175206121,495.18065298693807,2878772
2017-10-24,493.794921875,497.9056570359647,492.8249870662099,496.5200197714861,1940555
2017-10-25,483.3565673828125,497.90576171875,482.4328090122768,494.1183749522482,2055745
2017-10-26,489.73052978515625,497.81341564441124,479.4306012518107,485.34267746156064,3566575
2017-10-27,507.97479248046875,515.3648600553408,491.9013729524254,491.9013729524254,8848376
2017-10-30,510.93072509765625,514.8105214763926,502.6168998782508,510.0069667399446,5360570
2017-10-31,510.7460021972656,516.1037892242983,504.2796939000835,510.8383554773889,2907328
2017-11-01,506.86614990234375,513.517220406149,504.7415172588063,510.88447563290964,3304676
2017-11-02,520.4916381835938,528.6668767865116,505.89626796178715,506.21956082202746,8413439
2017-11-03,509.2218017578125,524.5099915138313,508.2518667450973,521.9234793526786,3595527
2017-11-06,499.9380798339844,513.517340200867,498.1829162423755,510.83841816772514,3987042
2017-11-07,487.3748474121094,507.88229256491235,474.1189386077228,503.44826408418686,8930638
2017-11-08,496.7970886230469,503.8176839233231,491.8088287751415,492.36306107544675,4530173
2017-11-09,493.1946105957031,512.6858894247422,486.8668320052932,512.6858894247422,4591954
2017-11-10,487.6058044433594,493.47170357774155,483.8184179012647,489.5919073750268,3187021
2017-11-13,491.9475402832031,500.3075427926291,479.52297813186505,486.6359293143412,5498679
2017-11-14,485.9431457519531,496.8897177632739,477.67549593287396,492.7328045294989,5853721
2017-11-15,466.1746826171875,480.3543800511007,462.8953514912635,476.6593463583999,8629268
2017-11-16,469.7773132324219,471.8557695890136,460.2164365447947,466.4979822572579,5351102
2017-11-17,477.67547607421875,482.3405013924645,471.1629902217337,471.30157654312904,3515919
2017-11-20,477.7216491699219,482.06326827240605,475.0889040658949,480.3543378922142,1977341
2017-11-21,497.0282287597656,500.21520672717355,475.31990492211355,478.50688288952153,7852414
2017-11-22,494.441650390625,503.1250013200995,489.73050541974624,498.59856291142427,4294740
2017-11-23,503.21734619140625,505.75768157832937,491.3008412782371,494.21070254686066,3972361
2017-11-24,507.60516357421875,508.9908009634113,500.3998604267632,504.14107010123723,4099139
2017-11-27,509.4989929199219,511.6698592389719,497.2130160613594,499.8457052518568,3833249
2017-11-28,501.7393493652344,513.9329139697359,499.84559972157,508.990829556679,2493500
2017-11-29,505.38818359375,507.74381255158573,500.21515925479764,501.6007968150602,2174433
2017-11-30,498.7832946777344,512.6396688809399,496.7048385472536,505.3419559145593,5950729
2017-12-01,485.8506774902344,503.86396390751895,482.4327605859932,502.52450312834907,3164938
2017-12-04,481.0471496582031,489.40715125637723,477.1211767613287,489.40715125637723,3306680
2017-12-05,483.26416015625,487.74436520057077,478.18348968541073,479.0148382970554,3479216
2017-12-06,472.36383056640625,486.3587637131409,471.2091326468594,485.71212160184774,3859141
2017-12-07,471.4400634765625,476.24358981816016,467.4217091529831,471.11674242691976,4470510
2017-12-08,482.0632629394531,484.0493659056911,472.0405075912369,474.34990342093965,3394236
2017-12-11,489.22235107421875,490.51563518861315,482.06322457193676,484.97308563845934,2581923
2017-12-12,481.1396179199219,493.0561257603175,479.7078034446489,491.4395482988083,2669035
2017-12-13,477.4444580078125,486.17398527776794,476.1974068471328,481.2780775312438,2072867
2017-12-14,475.1812744140625,479.98477229016976,472.225236687568,478.6915445472678,2301593
2017-12-15,478.8301696777344,484.0494274693658,476.5670065821733,478.96875599783624,3053990
2017-12-18,489.4072265625,493.00990715138335,461.4173561730933,477.58312941239086,4063126
2017-12-19,487.2825012207031,494.5339812928113,485.11169177743636,492.3631718495445,3216333
2017-12-20,487.051513671875,491.9012442489776,485.61969973021854,488.48332761353146,2558514
2017-12-21,487.9292297363281,497.6286935641013,485.71218688014034,491.43950060717384,5492286
2017-12-22,490.46954345703125,492.8251161472729,485.9431046548104,487.92920780678753,2982469
2017-12-26,500.0304870605469,502.894172367231,488.6682682804695,489.7767898062263,4858794
2017-12-27,532.3619995117188,537.3503178448351,501.64703012302664,502.3398489814182,23356359
2017-12-28,525.064208984375,540.9528056921956,523.1704594768369,536.0107216343848,11062915
2017-12-29,527.6045532226562,534.8560330174373,524.8794550768778,529.0363672505885,5197225
2018-01-01,530.2833862304688,540.7680756848026,527.6968745331723,527.9278140843902,5314142
2018-01-02,528.5283203125,537.6273167809283,523.9557055686872,533.0085253996488,3839130
2018-01-03,525.6646728515625,534.8099029833203,523.7709795282043,531.161046258761,2182632
2018-01-04,536.8883666992188,539.4287021730881,517.3970315979432,528.3897785648359,6246746
2018-01-05,534.6251220703125,542.5694209859644,531.4381446235252,540.3986115095167,4600683
2018-01-08,546.4954833984375,558.5043434007443,541.4610448874795,543.1699754889571,10475190
2018-01-09,541.7843017578125,552.4075233609069,539.7981986445387,551.4837649606378,4025566
2018-01-10,540.4909057617188,548.7123763779853,537.073045492355,545.7563388315903,2929462
2018-01-11,543.1237182617188,552.8693573105623,536.2417074666357,541.0914386711144,5930449
2018-01-12,538.9668579101562,546.3569252219576,535.4103541873084,545.0174642453458,2842683
2018-01-15,532.5004272460938,542.0613020917672,530.6990874744046,542.0613020917672,4456611
2018-01-16,533.6551513671875,539.428640419581,528.5283043650078,533.331802151216,4868363
2018-01-17,539.243896484375,541.2299993410355,532.7314118802675,538.5510777736885,4812606
2018-01-18,532.7313232421875,544.5092393641999,530.5142811841789,541.3222625489581,3679687
2018-01-19,528.4821166992188,536.3802955060634,524.3252042247674,535.7798300403934,4693971
2018-01-22,532.2235107421875,534.7638467528116,525.4800282267692,529.3136487591372,3072409
2018-01-23,535.1793212890625,541.1837499331833,531.6228745679288,534.8560284532247,4790590
2018-01-24,541.8303833007812,551.021789046554,531.2533401978085,533.0085034029532,7168397
2018-01-25,535.6412963867188,550.5600173974149,533.9323658652783,545.9412253051547,4213982
2018-01-29,543.1237182617188,548.89720779086,534.2556045159176,536.7497632688534,6006564
2018-01-30,546.8187255859375,549.4052374957841,535.8259794919255,541.0452363310428,3542190
2018-01-31,535.6875,549.5438755159676,531.2072380874621,545.0174369613903,4781423
2018-02-01,512.039306640625,535.7799105030572,507.6514539252982,535.7799105030572,8789899
2018-02-02,509.1755676269531,524.0942297976652,503.1249622594376,509.9145629635978,10873325
2018-02-05,514.9490356445312,517.7203103294439,492.8711914353693,497.7209221339665,4734366
2018-02-06,509.7298583984375,512.2240172792102,490.70045848773856,496.05824576904575,6325143
2018-02-07,507.60516357421875,514.9490530132854,501.23120903124095,513.60959226072,5110233
2018-02-08,539.5672607421875,542.2461826640922,493.1022243388012,498.87571435864885,13707589
2018-02-09,538.2739868164062,541.3223780100822,526.6345981018251,526.6345981018251,3796079
2018-02-12,544.2322387695312,562.5226422960249,540.3986191748284,541.3223774982041,10261511
2018-02-14,530.9762573242188,546.6801483579864,527.6507500109373,545.8949763589907,6630066
2018-02-15,531.8539428710938,540.3525321316613,522.2930651915447,522.2930651915447,10715444
2018-02-16,531.3920288085938,533.5166618890643,520.399281105403,531.5306151236907,6640151
2018-02-19,518.5979614257812,533.2395087539892,511.3464245326971,531.1610524617475,3518880
2018-02-20,516.8427124023438,523.4476060786744,514.5333169045674,521.6000896804534,2481944
2018-02-21,485.6659851074219,520.0759859543101,472.3176647777175,517.3508873625711,21898950
2018-02-22,500.1689758300781,505.29582345718137,484.0493811545942,487.2825354180314,12473655
2018-02-23,526.2189331054688,531.391956983208,504.3720269671127,508.0670601317069,30844893
2018-02-26,513.5635986328125,528.2975593980294,511.161792473289,526.5423955269065,8083731
2018-02-27,503.2635498046875,520.4916659957105,500.72321428160956,513.563478205498,6920945
2018-02-28,494.5340270996094,510.2379195888018,492.03992457436266,501.60080127244083,8366660
2018-03-01,494.5801696777344,500.2150722230316,492.59406696755605,496.9357418439905,4264631
2018-03-05,506.7276916503906,510.56131180977036,486.86688477239426,494.3031290945515,7343286
2018-03-06,491.2085266113281,520.0759764591965,489.5919494198475,518.2284596689329,9825945
2018-03-07,484.8346252441406,493.4256243830896,480.4467723775407,491.439521059194,6282066
2018-03-08,475.3660888671875,490.05387117809715,470.65494319555233,489.3148756741583,9316674
2018-03-09,468.1607360839844,480.26200470075423,466.49798227499514,474.8118077016782,4996423
2018-03-12,473.5647277832031,476.6592956187321,467.92976817262365,472.04050399451955,4632925
2018-03-13,483.4027099609375,485.43498950925425,473.5647178370302,473.5647178370302,4795084
2018-03-14,480.4467468261719,483.40278513965217,476.7517130297568,483.40278513965217,2469628
2018-03-15,477.0749816894531,488.66813699009293,475.504581315029,480.35431235321045,3013808
2018-03-16,464.6966857910156,482.2019200261685,463.08010847292024,473.01051199836337,8924919
2018-03-19,459.7083435058594,469.7773040199413,458.1841478457558,468.16072688540487,5580228
2018-03-20,469.9621276855469,472.0405842699056,456.105750456489,458.87702590230055,4615574
2018-03-21,466.0361022949219,476.28979775109457,464.23476217917886,474.7656302544943,3986735
2018-03-22,469.6388244628906,481.2781874167092,466.5904326327615,480.3544288995946,8691889
2018-03-23,464.09619140625,468.1145458842787,459.6159577512264,463.54193075568264,5098042
2018-03-26,464.8352355957031,468.25312474235346,458.27654535365923,464.0962119652527,4203954
2018-03-27,466.5903625488281,473.1952293159428,464.83522726811395,467.4217394511802,4458072
2018-03-28,457.3527526855469,466.2208382503104,454.4890962377454,465.57419614598314,6856832
2018-04-02,469.1307067871094,471.11678169923624,458.2303408058213,462.7105746621153,2924481
2018-04-03,471.11676025390625,473.1490399078192,466.0360893099916,467.42172684015014,2709038
2018-04-04,463.9576416015625,475.6893841837134,462.8029436383929,475.6893841837134,3120925
2018-04-05,468.8535461425781,473.8880405002634,466.59035506640566,467.4217319554255,2409577
2018-04-06,473.5184631347656,476.0126217215996,468.34543941385294,469.2691976769966,2772128
2018-04-09,471.90191650390625,478.275842910313,468.66876256824986,472.9642328731632,2395291
2018-04-10,469.5001220703125,476.56689510768234,468.807303395344,473.3337412911627,2645876
2018-04-11,481.69378662109375,483.0332474597185,471.3938588136417,472.04050091315713,5693850
2018-04-12,476.56695556640625,481.7399797764119,470.7472610438485,481.7399797764119,3619891
2018-04-13,473.8880310058594,480.1695764757889,471.3938721979026,475.36602180523045,2130074
2018-04-16,479.800048828125,481.2780394484039,472.50233623389363,473.88797358355316,2687330
2018-04-17,473.10284423828125,482.1094878220643,471.578620463717,482.1094878220643,3104869
2018-04-18,472.9642639160156,477.9525814396984,471.71718453509493,475.13507343403035,2412444
2018-04-19,470.3777770996094,475.735564412765,467.7450600855592,475.735564412765,1936774
2018-04-20,466.77508544921875,470.19300263865625,463.72669415443113,470.19300263865625,4431085
2018-04-23,475.0426940917969,476.1973919383982,466.49793002694685,466.49793002694685,2424057
2018-04-24,478.322021484375,483.5874549058275,473.42611392404314,476.56691459837776,3432552
2018-04-25,474.8579406738281,481.6937746153572,472.2252520835232,475.27364318327943,2112975
2018-04-26,473.5184631347656,482.8484554215549,472.3175886690248,474.8117472558588,3304748
2018-04-27,484.18804931640625,486.26650597999173,475.96657596108093,478.0450326246665,3998704
2018-04-30,488.1139221191406,490.4694945746153,485.0654745372788,487.74439623596527,1689385
2018-05-02,475.9203796386719,490.2848127102156,471.53252686359224,489.5919938509925,5805988
2018-05-03,495.1344909667969,498.1828823400585,472.64096880802333,477.58308177207834,7457111
2018-05-04,478.46063232421875,492.3631837407391,477.02881820694785,489.5919087853503,5429919
2018-05-07,474.5346984863281,480.3543650947827,467.8836267702066,478.5068483059566,3837196
2018-05-08,472.45623779296875,479.66154192737434,469.8235207547122,474.8118104009059,2519096
2018-05-09,467.56024169921875,475.550745079061,466.6826882591581,472.45617743402465,2477607
2018-05-10,459.2925720214844,470.42384666022184,457.5374089510639,469.2691489511884,4218689
2018-05-11,436.06005859375,458.3226374421109,432.0879095047922,456.336562897632,9906203
2018-05-14,437.6767272949219,450.6093451505525,436.013973418403,436.9377318366623,6746471
2018-05-15,432.9193420410156,443.4040048778636,424.00507966445707,437.86145481689033,5493167
2018-05-16,435.73681640625,436.93769096129785,427.2382284769561,430.4713826384034,4675165
2018-05-17,443.2652893066406,448.94639546290716,432.6420721300492,436.93754126328207,5939278
2018-05-18,429.4552307128906,451.67163488110594,427.56153746241483,451.67163488110594,8722402
2018-05-21,409.9177551269531,429.54761945697624,406.73077764173206,428.80862407619264,5809871
2018-05-22,418.4625549316406,421.2338301298634,401.8349037423039,410.9339296146425,4466739
2018-05-23,417.76971435546875,426.31447910458553,415.1832022482993,419.3862914701665,4549341
2018-05-24,427.5615539550781,433.88930423184036,417.0307145012937,420.2176638646026,6237036
2018-05-25,430.88714599609375,433.61221654522905,421.2338587891604,430.0095641806012,4971624
2018-05-28,461.6020812988281,466.4518128730087,443.4040296393649,448.022821614775,16007675
2018-05-29,461.4172668457031,471.0705522732759,452.68773971011376,458.7383734371245,8258927
2018-05-30,456.84466552734375,465.2970767015188,454.812414139431,457.16798657726775,3851368
2018-05-31,443.7273254394531,458.18413786079884,436.8453145117696,457.16799804591795,18790216
2018-06-01,447.4223327636719,452.2258589503243,442.57260174806567,448.0227700131452,3793797
2018-06-04,442.1107177734375,453.38055185776955,440.44793595744835,448.94652339686274,2995860
2018-06-05,437.39959716796875,446.40624146023424,434.3050009268115,439.8475512605133,3076737
2018-06-06,452.50299072265625,454.6738282786582,437.03003981898144,440.5403099416781,4126448
2018-06-07,451.4869079589844,456.24425797500766,448.53086986837866,453.2420432417765,2197858
2018-06-08,487.9753112792969,492.96362854265317,449.1774635296888,449.87028223950324,29224236
2018-06-11,494.8572998046875,502.5244819104311,486.03541990043647,489.591866567148,16452353
2018-06-12,499.2452087402344,503.4021212919737,490.83897397323176,494.8573566022874,8140874
2018-06-13,504.649169921875,518.1822521570765,501.00031320212156,510.09936668117604,20167822
2018-06-14,516.6118774414062,519.1522130032549,500.67704528071914,504.3720788252263,12154425
2018-06-15,527.7431640625,530.0987367124853,518.2284637932672,519.1522221957507,15166730
2018-06-18,526.6345825195312,534.2094118305948,520.9073261840332,528.3897458363658,6090932
2018-06-19,517.2584838867188,532.5466728455746,515.7804367418887,526.5422437501778,6719183
2018-06-20,521.0919799804688,522.570026934931,510.930639743162,516.3808356958625,4435880
2018-06-21,512.2240600585938,524.1867432515494,510.4688964524954,521.9235237747619,3243433
2018-06-22,533.2395629882812,537.4426526415072,505.8963355375942,510.83842067132014,9935404
2018-06-25,528.205078125,546.8650103630611,524.6486305934101,532.916280117646,14303449
2018-06-26,529.2672729492188,532.5466032889634,522.6623792542628,527.7892259974383,4726890
2018-06-27,532.9161376953125,537.3501658585312,525.1565461233843,533.0084909642792,8539318
2018-06-28,524.0480346679688,538.7358131355456,521.1844066963741,533.7013194858587,5516028
2018-06-29,520.9996948242188,528.2974081377479,517.44324782891,525.6184864450008,4416940
2018-07-02,520.2144775390625,529.1748873983742,515.9189791527803,523.1242821779415,4132132
2018-07-03,529.8677978515625,532.8238360199841,517.9513482719324,521.7387351747068,5950013
2018-07-04,535.1331787109375,543.955059311647,529.3596892626024,532.0847875585631,9406196
2018-07-05,523.7247314453125,536.7035230940469,521.8310383802761,536.7035230940469,3833300
2018-07-06,515.5494995117188,529.5444607121024,512.6858712520136,524.1404970543017,5609846
2018-07-09,525.4337768554688,528.9440475673432,517.8589465519041,517.8589465519041,4117856
2018-07-10,520.9535522460938,528.3897959654134,515.4571785816446,525.6185208117487,4594276
2018-07-11,517.99755859375,526.2652081213942,516.9352138076464,521.8773554181925,3519985
2018-07-12,521.41552734375,527.1890183091522,515.4572733911054,520.0760661634272,3736611
2018-07-13,517.07373046875,523.7709784292653,514.5795716760732,523.5862154850421,2012823
2018-07-16,493.24072265625,517.3046134895523,490.23850838153385,516.8427343703652,4267330
2018-07-17,506.8200378417969,509.68366615467517,492.3631972096817,494.2107138971476,3699579
2018-07-18,507.97479248046875,516.5657347599093,501.4622503247198,512.6397613607585,5720388
2018-07-19,503.4021301269531,511.57736906949293,500.9079712757887,510.2841411930737,2767826
2018-07-20,517.39697265625,520.0758941307519,503.44824565055023,503.44824565055023,2702091
2018-07-23,518.9213256835938,523.7710576993283,514.9953521470468,519.7989075151705,2459719
2018-07-24,519.7988891601562,525.1566768739024,516.4271482774866,519.2446002631708,2480730
2018-07-25,515.5957641601562,524.0942961806084,513.1477818918656,523.2167708219166,2161490
2018-07-26,513.0553588867188,520.8148944224737,509.4526791289446,511.7158981366884,3113443
2018-07-27,514.57958984375,518.2284466894796,511.0693193065144,513.5173015449972,2638153
2018-07-30,519.7988891601562,523.5400995924084,509.8684858595504,512.9630541028566,3441224
2018-07-31,525.1565551757812,531.8538023614003,517.4431964871044,519.6140057807862,5998010
2018-08-01,530.8377075195312,532.8237539527029,520.8148965532964,526.5422090508978,3672172
2018-08-02,536.1493530273438,542.754191205357,531.4381517527131,531.9924405753521,5898107
2018-08-03,541.1837768554688,544.4631639219349,539.3362602576769,539.3824932780075,3298774
2018-08-06,532.2235107421875,548.1583457179207,531.2535191600058,541.7843891749285,3867267
2018-08-07,526.2650756835938,538.0891697686889,524.9256149717725,536.1954766707412,3076068
2018-08-08,530.2372436523438,534.2555695489334,521.2767772132316,526.542210595533,2970652
2018-08-09,527.8817749023438,540.306337269373,520.1221814082555,531.345869072608,4595269
2018-08-10,511.76202392578125,526.265038407243,507.004646818547,522.9394751808569,6086714
2018-08-13,520.9073486328125,524.2328560923344,510.4688343224146,514.4410402757264,3254839
2018-08-14,555.917724609375,563.4925538223496,517.3969928504189,522.3853101418666,25001972
2018-08-16,572.4530029296875,574.3005194430112,556.2872334381053,563.4925365637217,25169096
2018-08-17,575.9632568359375,585.1084858724712,571.8063447978273,575.5013777205919,14161255
2018-08-20,578.5960693359375,582.8453919375331,572.9611654728585,577.3490180097325,9494515
2018-08-21,586.9559936523438,590.6972031549622,573.1919736659343,579.104048807605,7752348
2018-08-23,590.8820190429688,596.2859825443181,585.9398783098053,591.1129586179278,8942755
2018-08-24,581.782958984375,591.0205418719698,571.5292645318374,589.588727800739,7909136
2018-08-27,574.3928833007812,588.0644944749682,573.3305951150822,584.0923451744703,8253456
2018-08-28,573.8386840820312,585.1547235892264,571.8987577660432,577.3489544487328,4181613
2018-08-29,573.8848876953125,582.8915318080358,569.7741516700813,576.3328699299268,4435825
2018-08-30,591.1591186523438,593.0528118374724,574.7162326534453,575.9632837705047,9022572
2018-08-31,603.0755615234375,609.1262232723058,594.253681357757,594.3922676503762,12972927
2018-09-03,606.1702270507812,622.1512348736386,601.5976120437374,608.5719761546155,12185947
2018-09-04,605.3851318359375,612.8676097796538,595.9628399080484,607.8331145002251,7989190
2018-09-05,613.1446533203125,620.5808973497702,603.907069089498,604.2303619848806,9140409
2018-09-06,625.7537841796875,627.5088908098973,612.6825839963195,617.0704351444273,7815292
2018-09-07,613.6065063476562,618.9181170537142,591.2053655438465,600.442949380469,22074525
2018-09-10,589.3577880859375,616.3777180256141,586.9098060686247,606.4473164238526,9930755
2018-09-11,582.3372192382812,599.8886258642746,579.704474415345,593.9765505533537,8273963
2018-09-12,600.3506469726562,604.5075600514219,572.8225997012142,577.349038717456,11215125
2018-09-14,614.5302734375,619.749530931829,607.8330250610672,614.2993338383127,7444874
2018-09-17,598.7327270507812,619.1630103583137,596.8796391035809,612.4455665497126,6264996
2018-09-18,595.3043823242188,607.5347716060536,593.4512947527815,598.9179257092193,5780144
2018-09-19,601.1880493164062,608.9710415052248,594.4706053439256,604.0603696356939,7659788
2018-09-21,588.2627563476562,606.8862664847309,569.3612377936902,602.2535468932443,9635852
2018-09-24,578.1633911132812,595.7214092531134,570.7510399451622,591.1350056574895,5305739
2018-09-25,594.00732421875,597.6208683691265,578.2097606365531,578.2560765253002,7213759
2018-09-26,592.8490600585938,602.0681826804367,586.0853012610138,602.0681826804367,4850782
2018-09-27,584.8807373046875,596.6478541417995,579.2751589743335,594.5631307217036,4070395
2018-09-28,577.4683837890625,589.6060841168403,570.8435734522137,583.7225540106048,6693066
2018-10-01,588.0773315429688,592.061458371899,565.1916895256,578.1633020720892,5527208
2018-10-03,575.2448120117188,593.6830599834487,573.0674562618229,589.7452480366213,4723773
2018-10-04,555.0460205078125,575.1520311345021,547.4483504696301,572.6040358294358,4851894
2018-10-05,554.0269165039062,571.0752897232226,547.6337412018191,551.2936007862966,6804502
2018-10-08,559.8641967773438,564.0336446639768,545.8270329383098,548.5140330859537,4400199
2018-10-09,564.9600830078125,571.9554773993231,553.7025531980287,563.3386313550635,4516779
2018-10-10,558.65966796875,573.9939585369906,549.4405446528416,565.1917912955032,5566798
2018-10-11,543.6033325195312,558.9376231795435,539.8971568167245,546.6609161639961,4591533
2018-10-12,547.216796875,553.8416082857347,539.850818216992,547.680068818359,5795641
2018-10-15,555.8800659179688,559.1229698118376,543.557042431618,550.0891661074885,3422475
2018-10-16,558.427978515625,567.0448248376117,549.3014878449515,557.7330706420495,3557343
2018-10-17,549.8576049804688,564.6359946193047,547.5875606353334,564.6359946193047,2629035
2018-10-19,565.1455078125,566.5816396607328,546.7535760118378,548.4214004051469,4841857
2018-10-22,562.3195190429688,571.492269779211,559.1229312576525,565.8403745746098,4362446
2018-10-23,533.55029296875,561.1149745503878,530.6780294414485,560.5590708198628,4538253
2018-10-24,528.7786254882812,541.1016482914167,520.2080942439394,540.1751043731094,5820242
2018-10-25,517.7064208984375,530.4000840500564,511.5448811431059,523.7289564435647,6105402
2018-10-26,513.3516235351562,520.2543867263818,509.5991321451647,517.7063910656559,4002009
2018-10-29,531.465576171875,535.1717518956726,513.7222938252461,513.7686097114429,3640433
2018-10-30,520.7639770507812,533.5966437347925,518.5403056672391,529.8904682104717,2783468
2018-10-31,537.6271362304688,539.248588170845,519.28157701542,521.2272967231692,5896444
2018-11-01,529.8440551757812,541.5648569940411,526.2768841276567,538.5535896112684,2779373
2018-11-02,529.8440551757812,537.1637738961425,526.5548359603326,531.8361469881601,2688591
2018-11-05,529.6124877929688,541.0553392600755,522.80241252784,529.0565840556433,2962317
2018-11-06,536.7930908203125,542.8619975323861,532.7626481894887,533.7355078019211,3500726
2018-11-07,539.5265502929688,540.7310461611926,537.3955104412256,540.1751423917837,298414
2018-11-09,553.5636596679688,560.3737346544797,540.2677208847432,544.529856719627,6848765
2018-11-12,546.1976928710938,556.8529489661194,543.881332850436,556.2970451818647,4284490
2018-11-13,520.486083984375,549.3479517605977,515.3900920628546,546.1976795884095,9176639
2018-11-14,481.89544677734375,517.7527060509783,478.0966395104607,516.270258471646,25499010
2018-11-15,477.26275634765625,489.215195681019,470.77697710503475,483.6559320937347,11390206
2018-11-16,481.5711364746094,486.9450791643618,475.68760600898946,480.3203249745942,5732203
2018-11-19,492.5044250488281,493.84792508596075,481.5249018679003,486.43557348992385,5239761
2018-11-20,486.8525085449219,493.47726356662946,483.00732869989235,491.06827202269073,3084743
2018-11-21,493.70892333984375,496.90551129195865,486.8988478976575,486.8988478976575,4029454
2018-11-22,487.3157653808594,493.38461648929785,486.20390141363197,493.38461648929785,2263069
2018-11-26,473.23223876953125,489.35412326901496,469.2017676446603,488.2885752942594,5189359
2018-11-27,457.5736999511719,481.2005405718198,439.64507025098817,480.78364106798733,39588964
2018-11-28,450.3003234863281,465.4956373891279,446.13087604663986,453.07995511278693,11393583
2018-11-29,448.8178405761719,455.3499917612074,443.5365575344327,453.07994799159496,7391256
2018-11-30,456.41558837890625,457.6664284568938,446.362580140392,451.180620338611,6544665
2018-12-03,421.94805908203125,427.1367102412209,408.74480936199353,416.9447280011918,61492013
2018-12-04,410.36627197265625,430.5649451862884,409.115432100282,424.12545401702357,36233775
2018-12-05,382.6163635253906,412.54372399502614,372.0074232094396,410.4589999546245,48891969
2018-12-06,389.28741455078125,399.80369348773104,382.66263131038914,385.44226301482297,56087131
2018-12-07,381.0411376953125,394.7076587433511,378.1688462605502,393.78111494348406,23905860
2018-12-10,369.6910705566406,379.1881469305894,367.8842983751471,375.25033477553745,24690744
2018-12-11,391.27947998046875,393.5958397442079,361.9080551417818,361.9080551417818,24688467
2018-12-12,399.7573547363281,401.84207839540437,392.02070794635915,395.35627145605605,16244450
2018-12-13,391.0941467285156,397.7652451757567,387.29531146329435,391.0014866926082,16853821
2018-12-14,389.7506408691406,394.7076558168507,386.4614217143492,390.9551647655607,8144364
2018-12-17,390.0285949707031,394.15169760914455,389.1483671156884,390.8161345215502,6151952
2018-12-18,401.6104431152344,402.95391473228466,388.0828972493055,390.07496087174167,14402058
2018-12-19,392.6692810058594,402.4906516882921,391.74273713536337,401.6104519768458,7882841
2018-12-20,397.5336608886719,399.34043285812544,390.63092559249714,391.0015375084198,6156074
2018-12-21,394.0590515136719,401.1934498067268,391.9280121668486,397.95054663276943,7315242
2018-12-24,393.1789245605469,402.1200678801254,391.27949252784504,395.68057622008143,7052582
2018-12-26,383.2648620605469,392.3450088547047,379.882982626486,392.3450088547047,8406699
2018-12-27,380.9485168457031,392.2060195168947,379.8829970214279,391.9280676586927,12839897
2018-12-28,393.96649169921875,397.20939546535476,383.12591637064185,384.51573227041445,12805576
2018-12-31,398.87713623046875,400.544903886936,394.2444168781985,396.653436596554,6368707
2019-01-01,401.703125,406.56748081969636,398.0896091891155,400.7302651464119,8487116
2019-01-02,407.7256774902344,408.79122571512045,397.7190135613033,398.87719356584995,9656878
2019-01-03,404.0657958984375,411.0148750702432,402.1200480751568,409.578715075878,9479511
2019-01-04,401.9347229003906,407.5866462104424,400.45227531653296,406.8454224185135,6228693
2019-01-07,399.15509033203125,405.8262175472679,397.7652745185132,404.99233371433206,4118235
2019-01-08,415.1379699707031,416.0181979582476,400.59124816575036,401.93471981278543,12368631
2019-01-09,415.7865905761719,420.32665019971125,411.10755501764316,417.40804246142716,9034282
2019-01-10,411.9414367675781,415.0916804731364,408.09628511479923,412.4047087323919,3672333
2019-01-11,411.7560729980469,416.71308815095955,409.1617615806083,412.3583208332515,3778103
2019-01-14,417.7323303222656,418.7978501708436,411.1538628613094,414.16513058930775,5784064
2019-01-15,419.21484375,421.11424763801574,416.48152764199796,419.95606763901134,4291873
2019-01-16,420.4656066894531,423.8011703543226,414.3040954656096,418.24190700483206,5879148
2019-01-17,395.2173156738281,421.94811463223556,391.46482393814495,421.5775027026176,8343750
2019-01-18,362.0469970703125,392.94723907173136,343.00653291093715,392.90089491528346,82906214
2019-01-21,369.04248046875,376.68646881215346,361.39849212534654,361.44483629295587,48936782
2019-01-22,388.1755676269531,392.391330946608,379.32705665779145,380.8095325125286,38255365
2019-01-23,399.34039306640625,402.4906364516625,381.4117641958371,387.0173713656579,26921274
2019-01-24,391.9280700683594,405.8262285814218,386.4614667083967,399.340421275326,18446490
2019-01-25,391.3721008300781,398.1822035086112,388.54615351168684,394.15173226818365,8720973
2019-01-28,381.5045166015625,393.5495893782967,380.02204045078827,392.8546813334851,5809082
2019-01-29,391.3721008300781,393.5494844451021,376.40842391011824,380.34623511410103,7472930
2019-01-30,387.2489929199219,394.7076592072688,385.6275412682488,392.85457160535674,4351530
2019-01-31,392.344970703125,399.6646608306946,383.311168945941,388.2218396164204,16672076
2019-02-01,392.1597595214844,396.5608436507863,386.36885935135024,390.2603555760323,3950126
2019-02-04,384.33038330078125,391.9280542924505,379.141760285458,391.2794622775977,3679517
2019-02-05,379.79034423828125,387.7586275443073,376.6864164749258,384.3304037562652,3523707
2019-02-06,385.9981994628906,388.2218991969101,373.67514846557754,379.8830039874299,5638849
2019-02-07,402.9538879394531,413.0532095783266,390.16759496926437,391.92802251213493,18187249
2019-02-08,399.38671875,403.88046211725634,393.31786778939454,402.12003444192516,6133747
2019-02-11,397.07037353515625,401.74943715444385,389.936002533559,400.49859724529273,4945054
2019-02-12,404.5290222167969,411.38544057114143,392.9008807486432,395.819516292312,8559968
2019-02-14,408.5131530761719,412.2193282517795,397.1629916008736,400.2669189656195,9040227
2019-02-15,391.8354187011719,408.37423335318044,385.8592273737244,408.37423335318044,10206627
2019-02-18,384.19140625,396.5607724476423,382.94056638266545,393.3178689346359,6210412
2019-02-19,383.2648620605469,391.3721208361121,382.0603663528127,386.50776557077296,4742270
2019-02-20,391.3258361816406,393.2715840982238,385.48859243189116,387.2953644135491,4385350
2019-02-21,398.13592529296875,400.2669649534353,391.6501179904825,393.96647774137045,4736317
2019-02-22,398.87713623046875,404.6680354208066,396.9777326063879,399.34040816569575,4373261
2019-02-25,404.0657958984375,406.5211315506337,396.09751279292516,399.711028307089,4849697
2019-02-26,403.74151611328125,407.6793278022805,391.78910511243515,398.8771604974586,5255113
2019-02-27,410.1809997558594,418.47355077449294,403.97314425625,404.43641621067235,12232682
2019-02-28,412.4510192871094,418.33457881936766,409.6250716486248,413.7945192780537,10862473
2019-03-01,414.4893798828125,417.87125914086215,412.3583121500514,414.9989676689765,5608805
2019-03-05,422.411376953125,423.33792089391966,412.6363496880918,414.95270954007856,5251255
2019-03-06,426.71978759765625,434.87339099329915,414.1188130081762,423.43056801858444,13004184
2019-03-07,417.77862548828125,428.9898119747621,415.83287770535895,425.74690842851663,10701581
2019-03-08,421.5311584472656,424.2644459856502,414.4430749943913,416.48148288392883,5040326
2019-03-11,425.7005920410156,427.55367977953193,420.65091664320863,422.50400438172494,4628360
2019-03-12,435.75360107421875,437.00444104093816,428.06329772840974,428.9898416628868,8660320
2019-03-13,422.96728515625,440.1083470957695,419.26110960175936,438.2552593185241,7156428
2019-03-14,431.9083557128906,434.08573914177487,422.50394247310425,423.33782617807435,8039525
2019-03-15,430.2406921386719,435.42934395365694,428.34126006107215,431.95480411449876,5877969
2019-03-18,430.7502136230469,435.38293269465606,424.95931478353543,431.7694174739756,3785329
2019-03-19,434.50274658203125,440.33996148388246,432.3716787771319,433.15924669903217,6725926
2019-03-20,439.8766784667969,441.7760819871098,431.7694200432382,436.1705031874558,4235163
2019-03-22,438.4869079589844,444.4631275236095,434.87339234413315,440.84958363288195,6125288
2019-03-25,430.5185546875,434.9659817243559,427.3219956642525,434.08575383738923,4043446
2019-03-26,435.2903137207031,436.86544966398833,428.15594264293554,432.6960021062196,3843580
2019-03-27,430.7039489746094,442.2857480312791,425.9785693043128,437.14341228459176,6016947
2019-03-28,440.5252990722656,444.55574232971105,430.84290421556574,430.84290421556574,10590187
2019-04-01,443.6755676269531,448.67889920608417,440.66429984704655,445.62131553991435,3583589
2019-04-02,435.1976318359375,448.3545367598398,432.78861231368495,446.59410920445737,4034802
2019-04-03,428.0633239746094,439.0891918157493,425.4226679442656,436.40221989619266,4715586
2019-04-04,431.39886474609375,435.3829923835328,425.74694104870485,428.98984484341753,4151406
2019-04-05,429.1288146972656,435.47564626070874,427.6000228708874,432.7886745240627,2205935
2019-04-08,428.48028564453125,432.8813696602894,426.62719763789624,430.4723495964881,2274003
2019-04-09,436.3558654785156,437.6993371817315,421.3921587197621,423.6622026083311,4345243
2019-04-10,437.282470703125,444.6484788507923,433.02036246672907,433.6226104371602,3887388
2019-04-11,431.3525390625,436.309555016236,427.69270730292175,431.07458717853956,4429596
2019-04-12,430.8892517089844,434.08583963994965,428.34125585197296,432.69602371794343,3332732
2019-04-15,424.9593200683594,432.51064659381655,423.893800323813,431.1208308550499,3770497
2019-04-16,428.5728759765625,430.37964791864897,424.9593603682658,425.7006124647601,2825105
2019-04-18,429.1752014160156,431.76951336191564,423.15266528543094,429.82376526455084,3567327
2019-04-22,421.1142272949219,430.88925470395793,419.1684793354134,429.91639486214245,1828896
2019-04-23,434.13214111328125,437.6993408498373,419.72439451052225,419.72439451052225,5292341
2019-04-24,434.87335205078125,435.4755998848089,428.5265211632428,434.64171609339576,2821522
2019-04-25,427.13671875,439.7377208802292,425.74690296231023,431.07453014845447,5244937
2019-04-26,430.0090026855469,434.9196737373196,428.6191869226821,429.9163426461811,2903286
2019-04-30,424.0328063964844,429.91636576416477,413.2385757129687,429.91636576416477,6586352
2019-05-02,418.983154296875,427.7853211663398,417.40801838883124,423.3842377316074,3732218
2019-05-03,419.9560241699219,422.68933999500206,415.87923665058486,421.57747600069376,2585548
2019-05-06,419.8634033203125,422.41139929224806,413.65557555421486,415.0917074280453,3104707
2019-05-07,415.27691650390625,422.5039463816653,413.6554649552924,422.5039463816653,4189396
2019-05-08,406.8916931152344,416.8057228175754,401.6104105635281,414.85997523500066,4885249
2019-05-09,407.0770568847656,410.18098451927176,399.8499976987084,403.9731292502595,3550114
2019-05-10,405.59454345703125,410.13460236596745,402.53696026502,404.89963561558574,3482485
2019-05-13,368.85711669921875,405.5945751306963,319.2406759798418,405.5945751306963,24079258
2019-05-14,388.6388244628906,393.3178595380943,373.6288029652215,376.22311440329753,18797497
2019-05-15,379.6513366699219,393.3178582462034,377.19600116054437,389.14841098564295,7581005
2019-05-16,382.106689453125,388.77781668195166,351.20644548111727,381.27280561849045,25156049
2019-05-17,379.04913330078125,385.4422808618236,372.19271376754926,379.00278913803595,7747301
2019-05-20,383.12591552734375,397.4873464600495,380.06833186492486,389.14845107976873,3809738
2019-05-21,378.81744384765625,392.62294101519893,375.8524923337704,383.77445890561864,6228488
2019-05-22,390.2602844238281,392.4376398701196,378.0298941839961,378.9564380422902,7277731
2019-05-23,382.6163635253906,395.63429566732435,380.0683674760109,393.7812076314118,5906044
2019-05-24,385.210693359375,387.2954174966176,381.41185705411243,386.09092152767414,3010407
2019-05-27,384.3767395019531,390.53825073259475,381.3191276908345,386.3224873315967,3886561
2019-05-28,382.43096923828125,389.6116839847299,380.06829376108965,386.36878055084986,7987111
2019-05-29,392.6692810058594,396.3754564878434,373.90676762831515,387.3416537505073,28086149
2019-05-30,382.43096923828125,391.65009173923266,380.9948375993411,390.3065918634185,9082367
2019-05-31,379.7440185546875,386.46146174981124,376.2231348110284,384.330393839626,5643400
2019-06-03,386.18353271484375,387.85132890120946,377.56668471753153,380.8095887580502,4611475
2019-06-04,380.9485168457031,387.2026881381291,379.04911317094627,384.33039640791384,3279047
2019-06-06,374.4627380371094,383.1259297705303,373.0266062007995,381.0412058479579,3483633
2019-06-07,369.922607421875,377.01066174610526,366.0774563561959,375.2502342037805,4668474
2019-06-10,372.5169677734375,375.9915074365744,365.10461649207866,372.47065188827946,4966075
2019-06-11,361.3057861328125,368.5791327449796,355.79283890710525,366.9113651229523,13833555
2019-06-12,362.6492614746094,367.83791275044547,356.9510223856653,362.2786495854514,7739283
2019-06-13,361.1204833984375,364.8266589817441,357.09001179641643,362.27866326822084,4090663
2019-06-14,363.7147216796875,365.8457891760389,348.8900223347873,361.35204653194205,9786375
2019-06-17,354.7736511230469,365.5215659415215,351.9477035585641,362.9272543503857,6558933
2019-06-18,350.6505432128906,357.2753263094745,346.80536348452614,353.3838306973919,3761637
2019-06-19,347.63934326171875,354.03249163230066,341.1071906611766,352.086743447546,7197444
2019-06-20,361.8153991699219,363.3905351373502,340.9681610615397,340.9681610615397,8109029
2019-06-21,354.6810302734375,362.927294456564,353.05957828082614,360.3329543028586,5389874
2019-06-24,355.2832946777344,357.09003844389736,349.77034677581736,353.7544745148332,3702836
2019-06-25,357.41424560546875,359.03569714094397,349.8165756717508,354.4029784681576,4480306
2019-06-26,370.10797119140625,373.90677855070896,356.39510454196636,356.7194005612881,9571797
2019-06-27,373.2118835449219,375.6209034171372,365.7532162217449,369.7373438088065,7651785
2019-06-28,371.497802734375,379.69769395356025,368.90346274605974,375.1576343188548,7283442
2019-07-01,375.57464599609375,376.6401660258615,372.00744565653974,372.4707176934719,2254468
2019-07-02,366.4944763183594,377.1034166726974,362.4176882797764,375.1113526820593,5539613
2019-07-03,366.6334228515625,369.82998225656354,364.224403120049,368.2085304744126,2683086
2019-07-04,363.2978210449219,368.8107395590441,362.4639372998138,367.559928079318,3308295
2019-07-05,347.6856384277344,365.4289504964522,345.9715263605897,364.59506654580537,5446432
2019-07-08,339.8563232421875,352.9205991187121,338.5591673151016,347.4539952486425,7355520
2019-07-09,358.01654052734375,365.9848233491068,340.04159536486634,340.04159536486634,15428006
2019-07-10,363.3905334472656,368.1622289369275,352.64261841731167,357.64594988487823,10202064
2019-07-11,368.9034423828125,370.9418502414072,361.63006722594656,365.8921747547239,7759443
2019-07-12,377.751953125,381.2728085767192,368.16221826260977,371.0808258444132,13549864
2019-07-15,391.88177490234375,396.2828586641642,383.2648992031478,385.6739191279513,18269604
2019-07-16,401.4714660644531,403.04660202640105,387.8976033985093,389.8896671556485,8630766
2019-07-17,398.4601745605469,404.25107366923913,396.65343100415964,401.19349025019943,6500759
2019-07-18,394.8929748535156,401.10080128484617,393.4568150126005,398.46014582653225,4711395
2019-07-19,390.39923095703125,397.85789714443933,385.4885319122391,395.6341977071148,5104476
2019-07-22,398.6455078125,410.736894240565,388.22188907248693,388.31454911646216,10420113
2019-07-23,398.6455078125,403.50986322450615,395.72690022047146,399.3404157285009,6698368
2019-07-24,394.290771484375,400.683947439077,390.72359985349755,398.4139034231752,5319256
2019-07-25,405.0386657714844,407.40136971433594,394.2907507292584,394.52238670742753,11412685
2019-07-26,407.6330261230469,409.7177500310559,401.2861943479328,404.8997101333062,5094438
2019-07-29,399.38671875,409.2544334601156,397.67263523310163,407.67929759089185,4448863
2019-07-30,380.2072448730469,408.8837578302558,375.2502300066732,398.41382445152954,9461831
2019-07-31,395.4025573730469,397.30196080813386,378.9564053089072,379.88294908716864,7746831
2019-08-01,393.8738098144531,396.32914544608605,387.2953425983962,393.59582968438366,3635110
2019-08-02,389.7506408691406,395.1709277133494,386.69305766259856,391.8353644033846,3490912
2019-08-05,386.5078125,392.62300837409964,380.85588861218247,386.9710844862821,4784904
2019-08-06,387.4806823730469,391.4184940708385,384.05245852579526,385.44227441913347,3204070
2019-08-07,390.1213073730469,397.48734286943954,387.38801976639365,390.07499148725884,5431353
2019-08-08,395.1246643066406,396.74611615971486,387.4343328379627,392.85462040198615,3157083
2019-08-09,391.00152587890625,398.7381731006427,387.7123063435928,396.56078928002813,3434604
2019-08-13,406.98443603515625,411.8487918443414,389.8433727075515,390.53828068029225,13211835
2019-08-14,386.5078125,408.6058919008329,378.0762566944897,407.67934792826867,16173302
2019-08-16,384.23779296875,390.4456205585917,379.88302503000614,388.5925326316161,6536156
2019-08-19,394.7076721191406,402.305342845868,390.0749529628127,393.5494923300587,11584821
2019-08-20,392.5162353515625,397.7386001545383,389.15899880253534,397.27231809105115,5151625
2019-08-21,388.8791809082031,397.1323778496126,385.7084690579448,392.60943684017633,5120294
2019-08-22,386.5943908691406,392.3762989939468,380.9523901105818,388.59942621634553,5299316
2019-08-23,398.9508972167969,400.95593273223346,381.32544200981016,387.0140885209532,5479802
2019-08-26,391.0706787109375,400.81595442890784,387.1072821201879,399.13735078607414,6258106
2019-08-27,388.6460266113281,396.7593443695351,387.1073017839698,395.4537320703527,6738413
2019-08-28,385.2422180175781,393.2622746075867,383.7501098329911,388.7859500538255,3441725
2019-08-29,405.33892822265625,409.02256732756274,392.7026976772578,399.1373834474592,19967263
2019-08-30,420.02679443359375,422.82448626391465,400.76935469347006,403.7535706963163,12308149
2019-09-03,409.72198486328125,425.2491692321413,405.01251975107255,419.6537854264553,9396440
2019-09-04,397.6919860839844,400.4896784842668,374.2379753606045,395.92009146279315,33952423
2019-09-05,402.68115234375,404.68618785347076,394.80100306124467,399.13742027653535,8793166
2019-09-06,396.4329528808594,398.39134292727545,386.5011522035422,388.59942115478924,12513040
2019-09-09,399.8834533691406,403.333951738954,397.2722854122414,397.2722854122414,5488753
2019-09-11,393.728515625,405.66532293914196,392.8425684784219,402.867631056803,7742635
2019-09-12,398.9508972167969,410.1416660414991,391.164010010619,396.1065881910238,9896642
2019-09-13,394.3346862792969,403.66032611818486,392.70269930749146,401.42217824877054,6847742
2019-09-16,398.0182800292969,400.53621406265484,391.6302397787427,392.60942053638576,5239616
2019-09-17,392.2830810546875,398.7177676213002,390.88423491152827,397.9251109078548,3367950
2019-09-18,388.6926574707031,395.9666736277107,386.31463069336263,395.31386745452994,3728621
2019-09-19,383.4237060546875,390.65107749099104,380.6726591643685,388.69268728084757,4238714
2019-09-20,385.8017578125,392.42293978169397,380.48613135821586,385.9882535462316,11785529
2019-09-23,381.8383483886719,395.6869012823018,378.06144704164944,389.81175935528273,7342291
2019-09-24,382.0248107910156,391.3970954260377,378.94736118524287,380.4860859881292,5860106
2019-09-25,379.32037353515625,384.8691402294644,374.65755394652496,381.9781863925945,5031063
2019-09-26,384.16973876953125,385.14891955405153,377.9681656022571,379.3203947423982,5309789
2019-09-27,374.6109924316406,384.68267284595055,373.25876316749503,384.2163908182585,3835936
2019-09-30,363.18701171875,375.8232408138919,360.48255371941406,375.729978734675,6674624
2019-10-01,360.4825744628906,369.66833483231596,354.4675542117508,362.30108550369596,4308157
2019-10-03,361.9747009277344,365.0521791186391,352.1827791977167,356.23943817778564,5216456
2019-10-04,360.01629638671875,367.43019106747573,358.29107587146194,362.76737138387836,4024033
2019-10-07,354.2810363769531,361.50840693771585,347.4733309745235,360.0162989364785,5151963
2019-10-09,358.0579528808594,361.6016846346404,348.96545404091677,352.50918579469777,4991946
2019-10-10,360.9488220214844,363.5133725753266,353.16193674385346,359.03707753791065,4581317
2019-10-11,360.24945068359375,363.0937878714538,355.77315500575986,361.27527674381224,4273739
2019-10-14,368.0363464355469,372.09300519158415,360.90223811815304,360.90223811815304,4372357
2019-10-15,370.0413818359375,373.0255980038058,365.79822704248204,370.414430201617,2892153
2019-10-16,372.7458190917969,375.07722894736327,367.66333422282486,371.20706581944864,5503380
2019-10-17,374.4244689941406,375.40364987043614,370.0414065411303,374.51773109178697,2934902
2019-10-18,374.56439208984375,379.08733399299626,370.69425648761626,373.9582310730418,4647037
2019-10-22,378.10809326171875,380.4861201286849,373.91155517206414,374.8907360091454,2944611
2019-10-23,377.87493896484375,383.6102017937126,375.8232868093421,378.24795886777287,3374975
2019-10-24,378.5743713378906,380.25297517247185,371.813282263702,377.68842414433135,3017220
2019-10-25,389.3454284667969,391.21055626783544,374.00474091941817,377.688379710306,4845146
2019-10-27,389.57855224609375,391.490296773938,387.99318230135185,387.99318230135185,359071
2019-10-29,393.4953918457031,396.80598266743374,386.081496649395,389.53199483903666,3863059
2019-10-30,400.67608642578125,403.380516128117,389.904984429054,398.15818089309323,3511610
2019-10-31,404.17327880859375,410.8411064904136,399.88347821888374,400.6295465812148,6710116
2019-11-01,408.0433654785156,411.16746056019315,403.89347276787663,405.3389355793002,3545584
2019-11-04,408.4163818359375,412.5662742213348,404.4063398876075,410.2815096836466,4646694
2019-11-05,400.90924072265625,410.1416182349811,395.4537358645936,406.1316045907127,6719996
2019-11-06,399.0440673828125,422.358163729782,393.6352084141517,403.240604725267,15917528
2019-11-07,410.8876647949219,414.05837639975834,394.8475541451485,402.5878516806289,14294406
2019-11-08,393.63531494140625,412.6596170170525,392.4696098085897,412.19333496392585,11902470
2019-11-11,393.02911376953125,394.7543344219846,379.64681452147346,387.01406451551236,10249882
2019-11-13,384.2163391113281,398.1115359746494,382.3512112515644,391.67685055038305,6033467
2019-11-14,382.5378112792969,389.2056390082756,380.06649360736924,385.3355036237298,4750176
2019-11-15,387.0606689453125,390.6510459642214,382.49111113015306,384.91578317276645,5416931
2019-11-18,395.92010498046875,401.0025910650164,388.9258737409627,389.81182108180667,7710740
2019-11-19,397.1789855957031,400.9092414424993,393.16897194423467,396.33968372209273,4163853
2019-11-20,419.6538391113281,429.53902412453664,395.26729393044485,398.3913893135264,23107507
2019-11-21,416.9959716796875,423.8037057068308,413.68538098442576,419.653784674545,7480460
2019-11-22,421.61212158203125,430.7512359131324,415.0841746427904,419.653731808341,12114721
2019-11-25,428.00030517578125,432.61648039606814,419.6538450950517,422.45153739568536,8251208
2019-11-26,420.3531799316406,435.8803632488444,416.38978333772053,432.52312750089965,11278843
2019-11-27,427.8137512207031,429.9120203002597,417.36902264084983,419.60719909338684,6481012
2019-11-28,426.5081481933594,431.217584977516,424.4564960234646,425.4357052925667,4005893
2019-11-29,419.5139465332031,429.49236486258417,417.2757984893903,427.4873578329101,3198828
2019-12-02,410.3281555175781,419.2807755116987,407.53046354814006,418.7212314258922,4933088
2019-12-03,404.35980224609375,412.37985925343287,401.4688478241973,411.63379089251873,3602073
2019-12-04,413.77862548828125,414.7111894145928,402.58785837254237,404.26646205606625,4318531
2019-12-05,407.250732421875,412.1466936892203,404.03337506235243,410.3281824060821,4096921
2019-12-06,399.6969299316406,414.2449337993403,398.2048218627186,410.60791148771966,5805588
2019-12-09,398.20489501953125,405.29238830430467,395.0341825778062,402.72783687268003,4959765
2019-12-10,398.81097412109375,406.36474793293627,396.6194431104317,400.6294852375055,5578960
2019-12-11,400.81597900390625,402.77436901368037,396.4795622777165,400.1632013070439,3322986
2019-12-12,404.8726806640625,408.3697958865315,401.235686524614,401.841847471256,2794856
2019-12-13,409.6287536621094,412.10004267071287,396.8992602362419,408.09002869143893,5386394
2019-12-16,405.8052978515625,407.7170714992269,397.64536126416624,402.16830323595735,8290756
2019-12-17,400.1165466308594,407.9967232989855,397.50537898558304,404.7327495125936,6407264
2019-12-18,410.0950012207031,411.6337260620741,398.484568540225,401.00250261490015,5341984
2019-12-19,404.35980224609375,410.88775099120267,398.67115550486494,410.1416826302885,6465219
2019-12-20,401.28228759765625,407.25072011081613,399.1840185465097,400.2098446634338,7157364
2019-12-23,399.5104064941406,402.8676425405642,397.831802700726,398.2980846944072,4534617
2019-12-24,400.81597900390625,403.28729626792244,396.7127032679374,399.1373752581533,4210004
2019-12-26,393.6819152832031,402.3081329049487,392.28306918237956,401.8418508713408,5296867
2019-12-27,397.2723083496094,398.34475137741293,392.9825077787973,393.54205193318114,3413181
2019-12-30,401.1424255371094,404.26652083641505,397.9250965992903,400.0233657385797,4758825
2019-12-31,403.3805236816406,406.0383366211297,399.79017525522863,401.0957590884324,2957369
2020-01-01,405.0125427246094,407.0175781363869,402.1682338458853,403.7536040645942,2321850
2020-01-02,405.6187744140625,412.7528842231917,402.8676988827599,404.7328271183282,4555670
2020-01-03,414.61798095703125,420.02684104538724,403.8468491392312,405.33895730623857,9457180
2020-01-06,410.28155517578125,414.71123430525444,405.7586139516632,411.16747392591856,4794923
2020-01-07,416.2966003417969,417.7887085643031,408.0434025275692,411.63377993371313,4504083
2020-01-08,410.42138671875,416.38979011242964,409.39556071524436,413.07919958159886,3881918
2020-01-09,410.18829345703125,414.8511135975918,409.3956083412168,412.8461066290699,3934566
2020-01-10,413.68548583984375,418.72132684043663,410.32824901958156,410.42151113173344,4334013
2020-01-13,414.61798095703125,423.05767419791,412.7062075850669,416.8561289777442,4823348
2020-01-14,415.9235534667969,419.1875275410879,414.43144534091624,416.8561174880229,2708589
2020-01-15,418.767822265625,420.3065755210435,413.73198272492556,417.4156216400295,3054107
2020-01-16,418.767822265625,425.57555604473447,417.22909746979917,421.75203823175417,4416809
2020-01-17,423.943603515625,425.48232843613255,415.92354735893724,417.975199559344,3216737
2020-01-20,419.14093017578125,425.43573761119256,416.0634516871555,423.5706094821818,2824739
2020-01-21,417.22918701171875,421.2858466782939,415.9236029186919,417.7887311829013,2573651
2020-01-22,416.2032775878906,423.24415245377986,415.3173589152191,418.16166756580657,3412716
2020-01-23,419.5139465332031,421.70547775802675,414.9910051669919,417.04265747525153,1875787
2020-01-24,417.6021423339844,422.3116075479165,416.66957834622684,419.6537944908887,2153164
2020-01-27,418.1617431640625,421.285838638916,412.37986273110806,416.8561590959501,3530914
2020-01-28,422.3582458496094,431.3108662794369,417.8353045869761,418.0218287778542,9487290
2020-01-29,419.7470703125,425.94861534203585,419.14090939254754,424.17674939925354,3103817
2020-01-30,412.2865295410156,423.1508939075498,410.60789734893217,421.0526250121404,3486193
2020-01-31,405.0125427246094,415.36400904421384,403.4738177826833,412.7528411706178,3757229
2020-02-03,389.39208984375,399.976697017966,386.0814990018475,395.22061488906775,4032780
2020-02-04,396.94580078125,398.11150560467644,385.0089947731995,388.8325122859563,4848610
2020-02-05,397.5054016113281,402.30810047846694,393.44874255399156,400.5362345854908,3826307
2020-02-06,401.60870361328125,408.46305509271525,395.40715835459196,399.3239387598675,7745520
2020-02-07,401.74853515625,411.9601217132858,394.6610719589646,402.8676232713966,7402556
2020-02-10,391.9566650390625,403.56709902928975,390.0915369095222,399.65031857341637,3638523
2020-02-11,390.32464599609375,396.05993729294516,388.692659016247,393.5420031402009,4683072
2020-02-12,386.6410217285156,392.8891831560042,386.08147766317205,390.5577732667338,4439987
2020-02-13,390.6976318359375,391.7700745591524,384.21630176934207,386.6409734432996,3924569
2020-02-14,390.32464599609375,396.1065541085316,388.41290120353955,391.67687516323315,2862205
2020-02-17,383.608642578125,393.09554191530384,382.5754108090172,390.93517166948396,2625157
2020-02-18,383.843505859375,385.9099696085319,374.8262537999555,382.2936723800343,4187206
2020-02-19,379.0531311035156,389.05666281604863,376.28222333518505,385.48731854040847,5910512
2020-02-20,380.3681335449219,386.5205142251324,379.0530954976529,379.3349016499483,4000525
2020-02-24,373.69903564453125,389.4792018899952,371.7734610461846,381.82394284035075,12668574
2020-02-25,365.2923889160156,377.97289117305303,361.91091591446167,377.97289117305303,10050971
2020-02-26,351.9544372558594,363.4608202714065,349.88797332990174,361.72311587890437,12146582
2020-02-27,364.91668701171875,366.9831507594026,347.02310031152865,352.23618437424585,15164166
2020-02-28,350.263671875,362.1927493255267,348.57294957943884,356.60392348093745,8439591
2020-03-02,347.07000732421875,360.3610451734487,341.2933404048771,355.0540264372251,6915567
2020-03-03,369.6601257324219,372.3371264877058,350.592418267867,351.29689064214944,14474553
2020-03-04,380.8377380371094,387.8354790399644,363.83646741092684,373.839968369203,26369149
2020-03-05,380.3211669921875,389.62019709513453,377.3623885955756,385.06463176410875,9874059
2020-03-06,376.5639343261719,378.7243333215019,366.37256229323094,366.37256229323094,6500912
2020-03-09,369.4722900390625,379.3818568097988,362.1457600204359,372.00837343142746,13151861
2020-03-11,362.52154541015625,371.25699259338916,356.9796723672912,370.4585847257681,9127352
2020-03-12,333.26239013671875,350.075820590434,325.37230518916874,343.31287425535993,11662910
2020-03-13,360.8777160644531,378.4895249171876,305.271353447398,320.30009700173144,15802632
2020-03-16,346.1777038574219,372.3371163785425,340.7767491345626,353.1754740513219,14480298
2020-03-17,347.6806335449219,371.58574367263185,342.09183592914167,353.17552443199503,12903597
2020-03-18,340.72979736328125,362.9441533329352,333.54418504025034,360.12626389919336,12342300
2020-03-19,338.5224609375,351.7195942761575,326.54643027698665,330.35059839171214,8728092
2020-03-20,343.0780029296875,356.46297634994227,340.21316043558306,343.0310495766893,10630619
2020-03-23,304.8017272949219,333.16849427498613,295.925363524009,324.05730636902325,8018903
2020-03-24,314.80523681640625,326.8752033632621,309.96786525826576,309.96786525826576,6408582
2020-03-25,326.54638671875,329.50516463660426,309.5451161982326,311.8464038371477,6174391
2020-03-26,317.76397705078125,345.6610930363088,315.6975420631828,342.8432036909041,11670467
2020-03-27,317.7170715332031,331.1020479392583,312.78576443623547,325.93591669481594,7745135
2020-03-30,312.5039367675781,323.1179750638282,293.0604890113791,302.1246939160603,11648241
2020-03-31,330.91412353515625,333.4502353829631,308.3240556745286,319.45472419426613,9954142
2020-04-01,322.6953125,333.6850934039568,317.8579410872535,331.571676204354,6702159
2020-04-03,353.1285095214844,366.13774233639845,319.36079090000675,323.0710233191308,28550430
2020-04-07,392.015380859375,397.18151135702686,364.7288016682002,373.8399887391711,29675052
2020-04-08,410.1907653808594,421.5092759772927,388.0703170971143,393.56520698492625,27810872
2020-04-09,426.8632507324219,445.13254809765937,416.4840085495787,426.81626871446025,31862948
2020-04-13,434.2837219238281,448.8897703405088,416.2022651558531,434.8473055301263,30510226
2020-04-15,421.9319763183594,458.8463152946733,417.14155869588546,446.0718778564272,32508955
2020-04-16,435.5517272949219,439.214977312899,421.93193027202113,422.6833558831268,16932965
2020-04-17,429.3524475097656,447.9974892726795,421.22753829775604,447.9974892726795,19774082
2020-04-20,444.6629333496094,446.16581340144586,423.20000375086613,429.58723680490795,17893064
2020-04-21,444.4281005859375,460.91277014869604,436.0683680832116,439.44984096775585,30021752
2020-04-22,445.5553283691406,453.116654200938,440.53008604689506,446.11891203739305,13336137
2020-04-23,448.46710205078125,458.2357794093646,445.5552773193148,447.9974538252239,13748820
2020-04-24,456.0754089355469,466.8303654403865,444.8038508162619,447.997481882103,23394027
2020-04-27,460.1612854003906,474.1567955642732,457.4373316635357,461.1945171392116,19310626
2020-04-28,445.1795654296875,465.3274571504166,441.7511104436999,464.95174430217287,12847910
2020-04-29,448.6549377441406,455.511818938531,444.4281037743988,447.10510435491244,10166496
2020-04-30,436.2562561035156,455.55878705820805,430.573495272108,454.6194905900468,18471206
2020-05-04,437.195556640625,445.6961782905777,430.19778642167455,436.2562601637218,16097066
2020-05-05,428.60101318359375,443.81762907504645,426.440642539833,441.2815168714522,7850482
2020-05-06,426.8163146972656,434.89427015672965,420.8048229594274,431.7006678583519,10829910
2020-05-07,424.7498474121094,437.4303489275278,422.8712545950104,433.95494074987397,11216033
2020-05-08,440.530029296875,442.7843350144242,426.4875360867425,432.0763613572761,13693803
2020-05-11,435.69268798828125,446.6824398576687,433.297464710234,444.94476426179966,10294818
2020-05-12,435.7396240234375,440.34217096515545,427.66166869804607,436.77285586710155,9507971
2020-05-13,424.8907470703125,440.9527218026992,422.87126547299204,440.5300269419579,10010310
2020-05-14,428.272216796875,434.8472917772807,421.5562244205618,425.501280874826,11764703
2020-05-15,421.36834716796875,431.04308807996955,418.503476109428,428.27218105422645,7863358
2020-05-18,413.9480285644531,427.0042457442353,407.8895539482488,419.8655857567466,9067298
2020-05-19,414.88720703125,428.31913329804155,411.97538262888935,416.8597064236092,10126393
2020-05-20,428.08441162109375,430.62052382518976,410.7074250824427,413.196555259022,7967084
2020-05-21,438.1348571777344,440.5300517500125,425.50130798028925,427.8495491943085,8987658
2020-05-22,440.9057922363281,443.25403359747713,430.24477072370047,438.6514862626362,10194204
2020-05-26,431.2779541015625,446.6354566075127,429.2584724913424,442.4086226333091,9801056
2020-05-27,423.52880859375,436.67896029163126,416.48408446988503,436.67896029163126,13253937
2020-05-28,431.23101806640625,433.6262126153057,417.7051545386875,426.3466649228992,12632972
2020-05-29,445.4613342285156,452.36516875768757,430.19776716217217,432.076360031876,12662824
2020-06-01,437.1485595703125,454.3377017049926,430.4795490808482,454.1498309500573,18563612
2020-06-02,444.38116455078125,451.8016009117473,439.73163557017955,441.46933976823544,10978049
2020-06-03,447.2460021972656,452.3651793531325,444.2872240911911,446.1188636480745,7767457
2020-06-04,464.8109130859375,467.76969154644286,443.44191613276166,444.2872773121837,19100026
2020-06-05,464.2472839355469,479.9804999313393,462.3217376229788,470.5875351577319,22798341
2020-06-08,459.3159484863281,468.4740885635095,455.6057161685262,468.4740885635095,9176155
2020-06-09,470.3526916503906,481.57729555819327,462.13384781226597,462.13384781226597,25883378
2020-06-10,468.84991455078125,476.2233989459743,463.5898476065319,471.99656404408694,10636465
2020-06-11,444.89776611328125,463.8245842010302,440.6239786520343,460.25526909043185,18547382
2020-06-12,450.95623779296875,452.6469599609985,427.3798908295791,427.3798908295791,11498488
2020-06-15,456.3102111816406,459.69168418828565,444.00545042351365,451.8015996161494,10727187
2020-06-16,454.0559387207031,463.5428394454033,447.574798370283,459.6917179236867,11247556
2020-06-17,456.16937255859375,460.020494220763,450.01699150364436,454.76042770646274,8222223
2020-06-18,454.8543395996094,458.8463498077629,453.6802189501525,456.1693489939901,4077225
2020-06-19,458.4705810546875,462.0868779472726,455.7466272129532,457.249478529047,8114839
2020-06-22,463.2610778808594,470.7754504098916,456.49813113870783,462.32178131473034,9203804
2020-06-23,470.0709533691406,472.4661480213182,459.7856450426148,463.26105362131847,10732649
2020-06-24,454.9952087402344,472.8418418430247,451.8016064443247,471.52683250530356,8567595
2020-06-25,458.04791259765625,462.60350615780465,448.04441104014785,451.1440778894987,6954147
2020-06-26,450.81536865234375,461.19458355762913,443.53582074486593,460.4901111794861,7489306
2020-06-29,452.74090576171875,457.76614768938765,446.16583036683903,446.63547860933045,5727377
2020-06-30,444.24029541015625,454.57255700944893,441.2814884746788,454.0559267304516,8339357
2020-07-01,439.73162841796875,446.9172405451632,437.85303551334,444.7568701708613,5983810
2020-07-02,444.2872314453125,446.11887103251433,439.5437957257127,439.5907490833113,3731827
2020-07-03,447.9034729003906,450.2517137893881,443.3478798427255,448.04436162072045,4666364
2020-07-06,451.05023193359375,452.03648188258757,442.78440478013516,448.98376797896486,5995257
2020-07-07,450.1578369140625,456.4980881382042,447.24601210033484,450.8623092723005,6793452
2020-07-08,453.2105407714844,458.37667128805055,450.81534627073404,453.257494128341,6279449
2020-07-09,452.69390869140625,457.62521476139955,451.1910287275409,455.1360563845049,3184268
2020-07-10,463.91851806640625,468.61500038873277,453.72714569394697,455.23002577010215,14898919
2020-07-13,469.3664245605469,471.2450173686098,462.41560823867286,464.9517199955784,7504299
2020-07-14,462.2277526855469,473.3114384640703,460.3491599322344,469.6481883281211,6996801
2020-07-15,465.0456848144531,469.0846481415044,462.3217308032986,464.2003237303091,4710170
2020-07-16,469.3664245605469,475.2370270857436,460.8188215508502,465.8910163996099,11263548
2020-07-17,473.02972412109375,478.61852110873525,467.15912098383103,469.2725381132456,9592466
2020-07-20,454.4316711425781,471.43294486900754,452.3652358783237,471.43294486900754,16111398
2020-07-21,448.279296875,458.5646059854047,446.16587955081195,458.37673520167624,8470749
2020-07-22,445.5083312988281,458.37670518500295,442.97224787491143,450.5335734513879,9848007
2020-07-23,447.1051025390625,452.59999241042067,445.27346302692564,448.9367420511993,5416291
2020-07-24,456.1224060058594,467.5818066061027,452.0364603198275,460.2553050529152,19812185
2020-07-27,446.6354675292969,458.0009604486471,440.53004052837065,455.41789517902447,6112617
2020-07-28,453.3045654296875,454.38475083561315,444.5221360887936,446.6355535345407,5917155
2020-07-29,463.0731201171875,466.17278673714424,454.7603413354205,456.2162679384706,8531803
2020-07-30,478.9942321777344,482.0469456149597,457.71914482933715,463.26101677049604,17534819
2020-07-31,499.4239807128906,508.15942705013316,476.69299302762033,483.03324465902216,41253676
2020-08-03,487.87054443359375,507.40789693991184,485.428339538992,501.67815483842634,25348229
2020-08-04,496.8408508300781,500.08143493208706,485.8510712941841,490.3127292712694,11950138
2020-08-05,496.7469482421875,505.3415344459425,495.0562259498403,505.247627724744,10928555
2020-08-06,499.9405517578125,508.582090844636,494.21086615867154,501.4904138827167,10919796
2020-08-07,494.02294921875,502.9462649496197,490.8762719050663,499.98745838050104,7275403
2020-08-10,510.8363952636719,517.3645176177334,494.06997512355736,494.06997512355736,16271180
2020-08-11,508.2061767578125,516.2371474733193,502.6173531303832,514.7342965468235,7774058
2020-08-12,499.8466796875,507.92460704784844,497.5923450459504,507.92460704784844,7405695
2020-08-13,489.18560791015625,503.41597288050457,487.5418390278438,499.84665763064794,8729438
2020-08-14,499.0951843261719,503.4629360880845,490.31278477235094,491.7217295561796,11787355
2020-08-17,496.2773132324219,504.8718996657535,495.00928581181785,503.55686155318386,6657699
2020-08-18,494.06988525390625,501.49034942835283,492.3322099203194,499.42388597077655,5555588
2020-08-19,494.4464416503906,501.50458428468835,493.4582557301395,498.77541282370186,5414452
2020-08-20,491.52899169921875,498.6812766399645,490.3526347128434,493.5993914831006,4886692
2020-08-21,500.9869079589844,506.96283612302074,493.4111801887932,495.5286228385595,9833484
2020-08-24,502.02215576171875,506.91581267131494,496.94027023265545,506.91581267131494,5675533
2020-08-25,494.1640625,503.6220194379866,492.6113056075878,502.1632906975693,4414315
2020-08-26,494.2110900878906,498.77533194220683,491.481919069467,495.0580326030789,5205745
2020-08-27,500.8927917480469,505.3629481798049,493.5052930418106,497.78722087279164,8564601
2020-08-28,523.0083618164062,531.4781328579675,503.24556271943004,506.398176742509,29017731
2020-08-31,489.59979248046875,527.9490313917212,483.7650501643921,527.6196744013354,20056792
2020-09-01,490.72906494140625,496.5638067608652,476.3775104967489,490.4937935570676,13860865
2020-09-02,484.1885681152344,494.63459588018895,479.20082564583544,492.6583389860548,9636136
2020-09-03,492.6112976074219,495.81095437089954,482.3534409919936,487.99995492210604,10052098
2020-09-04,482.2593688964844,499.1518683646077,478.3067975469454,487.4823829401234,12380025
2020-09-07,483.0121765136719,487.6705616474028,474.54240624845403,485.6001618724884,6320017
2020-09-08,472.3307800292969,487.1529045368083,469.2722523270395,481.83574878639575,8519561
2020-09-09,479.29486083984375,482.5886602766138,464.519834883838,467.71952002134134,10532163
2020-09-10,478.0244445800781,486.25894362438737,473.9777592465112,482.4946012041317,8572739
2020-09-11,475.7658386230469,482.1652095518681,472.9896531887787,477.13042430270156,5189670
2020-09-14,466.5902404785156,479.0125821921864,464.896297844676,475.7658253043974,8041379
2020-09-15,476.56573486328125,482.21227709723763,466.7784505157525,468.660621687187,11686574
2020-09-16,487.9529113769531,489.3645398573108,473.7425122640887,480.094840425698,10080107
2020-09-17,481.8358154296875,491.15258561781957,480.42418706417084,486.3530147114798,9959257
2020-09-18,492.51708984375,503.48075925941913,484.65904863289876,486.964719672508,25685130
2020-09-21,473.9778137207031,497.12852800991396,469.60177089814874,492.94068509821005,9977984
2020-09-22,478.8714599609375,484.65913122090643,464.5199031626485,479.4831599166055,9862141
2020-09-23,473.2719421386719,490.30559722973936,468.8958998459072,489.8350544300947,10846053
2020-09-24,457.17938232421875,471.7191666288704,454.5443540782931,468.19009555683397,8768744
2020-09-25,460.8025817871094,466.7784813956826,455.3442965167153,466.7784813956826,9665092
2020-09-28,480.0477600097656,481.8358168674918,459.7203057417378,465.83736201056337,12221177
2020-09-29,476.3304748535156,487.3411592378257,474.7776893438935,487.3411592378257,8592449
2020-09-30,470.96636962890625,485.7884700199971,468.9430123140789,478.07155547137563,12981899
2020-10-01,477.03631591796875,480.4242300422171,471.76623047132193,475.3423732156722,6733075
2020-10-05,492.2818603515625,494.1640315743776,474.1189195392584,477.13040498362403,8831627
2020-10-06,490.3526611328125,496.51676058567693,488.423447059073,495.0110465377117,8537178
2020-10-07,481.6005859375,492.0937140098594,479.20082899518985,485.69428557795203,8346531
2020-10-08,493.2229309082031,495.0110164910222,481.60054693779585,484.2826178727189,9392711
2020-10-09,482.682861328125,498.1166317952841,480.94181838149717,494.06997491715805,11468529
2020-10-12,483.6239013671875,486.87060065888505,479.294873246082,484.5649869449098,7092628
2020-10-13,473.5072326660156,489.3174886045302,472.0485614160549,483.7180175747044,8851580
2020-10-14,472.61322021484375,477.60096262234833,464.23753503746707,473.5072343416544,7640368
2020-10-15,461.4142761230469,474.96593226539716,460.1908762833659,474.96593226539716,6605127
2020-10-16,458.2145690917969,465.60209673439346,456.6617836086194,462.0730257636932,9085611
2020-10-19,455.15606689453125,461.97893782729017,452.56808136831233,461.08492369548014,5158764
2020-10-20,457.6969909667969,459.7673620715737,452.097520114124,456.37947686018373,5550859
2020-10-21,461.3201904296875,463.20236170239997,453.1327339055265,460.19087617819827,7269981
2020-10-22,456.9441223144531,462.4494790680505,453.3209655658664,462.26127917130765,6428694
2020-10-23,455.95599365234375,465.36685007447676,454.4502508808716,459.2497934000903,6578265
2020-10-26,446.5450744628906,458.6850717970876,443.34538947305083,458.6850717970876,6499259
2020-10-27,442.73370361328125,448.6625310251765,439.7222183985605,446.6392028588727,7693069
2020-10-28,436.09906005859375,447.72147292954463,434.21688886393457,445.13348753688825,7723679
2020-10-29,429.4644470214844,436.66374658219513,425.60599006852965,435.72266092145765,8297097
2020-10-30,438.31060791015625,441.36913603835376,428.9938664328081,431.6288945630864,8680701
2020-11-02,441.74560546875,443.2513482768913,432.0053630907089,440.3339769710529,7737909
2020-11-03,456.9912109375,461.69663932705487,438.310654487036,444.2394827700129,16853462
2020-11-04,474.9188537597656,487.71762397263586,465.9785403439624,470.448697051864,48182254
2020-11-05,482.30633544921875,483.7179637480945,472.8954801233803,478.07145055259144,14095319
2020-11-06,479.1537170410156,485.36488760941955,476.8951173942285,484.6590734248203,9251548
2020-11-09,480.0947570800781,487.4822839220547,474.7305870177451,482.3063137259711,9718357
2020-11-10,461.9789733886719,483.9533306558184,460.19091626775923,480.8948020712167,12767338
2020-11-11,476.2363586425781,478.40087276459843,463.01411738795815,465.8373742012994,11754997
2020-11-12,479.2478332519531,487.20001791797625,472.61319137815246,474.26009114877775,10911897
2020-11-13,478.4949951171875,485.41195145049284,474.82473822238796,481.78879478815344,9501329
2020-11-14,483.7179870605469,485.1296154274551,480.1418733522405,480.8947303267305,1766237
2020-11-17,487.85882568359375,492.56425395045204,483.76506862784106,486.54128279314943,12411197
2020-11-18,482.77685546875,487.8116398551311,479.0125135157773,483.7179409569932,6483702
2020-11-19,477.4598083496094,485.74137926806816,475.2482513370801,481.8358508605644,6843207
2020-11-20,473.601318359375,482.30635997849913,466.7784479011426,479.95364602738454,7594535
2020-11-23,482.6357421875,485.976642124185,471.4839004519351,474.3071573408688,8931512
2020-11-24,489.5057373046875,491.95253708635084,478.2597519896002,483.24749458410554,9096230
2020-11-25,476.3775329589844,495.01101598935367,474.44829028464864,490.4938166849165,10673809
2020-11-26,481.55352783203125,482.7769276618311,472.70729994398584,476.1893282590381,7494355
2020-11-27,481.5064697265625,490.11739772748643,479.2008271031758,483.71802676015574,12954065
2020-12-01,507.5745544433594,510.77426883138634,482.44761195114717,487.4823975212494,25388623
2020-12-02,512.562255859375,514.7737838747063,504.42184306552576,509.03318512897255,14234038
2020-12-03,515.9501953125,518.9616808085696,509.1273245126539,517.5970951607387,9345458
2020-12-04,535.5247802734375,539.147994507309,513.0799103864833,517.5971100407955,16177536
2020-12-07,547.9940795898438,556.6520777476591,533.6425255988855,536.748096286118,21232768
2020-12-08,535.1953735351562,547.7118000906029,532.466202414653,547.7118000906029,10673103
2020-12-09,535.9952392578125,549.5468935402447,533.3131685374129,537.359824731418,11144200
2020-12-10,531.901611328125,540.8889676365734,527.1020401356202,536.4188108792464,6755693
2020-12-11,534.630615234375,539.1949140797855,528.8900170288201,534.4424440979019,6968494
2020-12-14,542.300537109375,544.5591653589571,534.8659384405277,534.8659384405277,8582193
2020-12-15,537.9716186523438,545.8296606182803,535.4777187789681,541.124232509502,5896090
2020-12-16,542.6299438476562,544.4180294958809,537.3598873675852,537.3598873675852,5135499
2020-12-17,537.689208984375,551.7584495223862,536.1364522818873,545.3590792349278,9025916
2020-12-18,541.1243286132812,542.9124145879045,534.5367280910326,540.1832428243886,4940687
2020-12-21,519.996826171875,551.382064754456,507.90389943458007,539.9948947634402,12715463
2020-12-22,534.8189697265625,537.4539980898361,508.56271424490427,520.4203705992905,8012096
2020-12-23,540.7478637695312,542.5829925201049,532.7486346756665,536.4188921768138,4958783
2020-12-24,555.6639404296875,559.9458679318949,538.4420874080455,540.7477009127956,7486583
2020-12-28,552.3703002929688,564.1338723349891,550.1116714851743,563.7103722536131,12299793
2020-12-29,555.8051147460938,560.8869998005455,548.7940732000308,555.0522577778466,7430043
2020-12-30,549.5940551757812,559.945997995873,547.2413408984877,559.945997995873,5589703
2020-12-31,557.4520263671875,559.8518405735904,547.7588562761983,550.2057132742491,8835267
2021-01-01,561.1222534179688,564.4160528091015,551.3349408228818,557.5931826417551,8229768
2021-01-04,568.7921142578125,573.5445846709689,560.1341159403769,564.6513149722948,11329298
2021-01-05,567.8981323242188,572.8388318592107,564.6513754276482,572.6035604527825,7790158
2021-01-06,569.6390991210938,574.9562557081505,561.0282003911009,568.5097849193209,6422080
2021-01-07,566.439453125,572.1800523853803,562.7691962606208,570.3449239531908,4555702
2021-01-08,584.2258911132812,586.1080621912489,568.4156655462141,571.2389221631654,11451416
2021-01-11,584.4141235351562,591.0017223511725,577.8735675085367,586.9550659949089,7516087
2021-01-12,573.7328491210938,587.143318689816,571.2859921397084,584.4141475211608,6747035
2021-01-13,566.8158569335938,578.2971129752354,562.0633860446857,575.0033133081673,6186661
2021-01-14,571.2861328125,575.6151620274001,561.2636033409977,566.8159751888664,6730284
2021-01-15,568.6979370117188,580.4615053655906,562.8631956203386,573.1210502006343,8389544
2021-01-18,547.1942138671875,571.5682955642799,544.3709571690398,568.5097674746199,7414570
2021-01-19,561.404541015625,567.474553951222,548.9822009835591,552.323100444994,5500391
2021-01-20,559.66357421875,568.0392009428346,558.0166745470179,565.7806301423262,5182972
2021-01-21,548.558837890625,563.4750221827026,546.4413952185397,562.7692079586741,4546393
2021-01-22,541.3125,552.370256849822,536.9834713654186,548.558871295831,5591688
2021-01-25,551.8526611328125,559.004889265536,533.5955761171025,543.1005184302365,8149590
2021-01-27,536.2305908203125,551.3821042188957,530.5370341369486,551.3821042188957,8534047
2021-01-28,531.1016845703125,540.6537272706626,517.973585185947,522.2084707781454,9863454
2021-01-29,551.6644287109375,564.6513994094937,521.4555443789432,534.536658107654,22539938
2021-02-01,555.3817138671875,564.0867560441698,545.4532144057767,560.8870418898796,12621971
2021-02-02,573.544677734375,580.5557775207631,556.6521783326151,561.7811067636942,15788247
2021-02-03,592.1309814453125,610.1998337201763,574.5326718992768,576.4148428145897,23788455
2021-02-04,594.2955322265625,603.2358450629082,589.3548330275293,595.2366177882831,7926593
2021-02-05,597.35400390625,606.2943158985452,586.4374353966407,596.1776470651586,10981738
2021-02-08,597.2599487304688,606.8589750908502,595.2836346732771,603.1417332352622,6479801
2021-02-09,591.9912719726562,606.8480362799012,589.5230825652228,599.8706123439898,5794015
2021-02-10,595.3139038085938,599.5383564351282,582.9728401013585,591.4691993957821,6902162
2021-02-11,611.0250854492188,615.8665565903458,590.4724442376803,590.4724442376803,11433578
2021-02-12,595.3613891601562,621.2301561585658,590.8046425650828,621.2301561585658,15471776
2021-02-15,595.6936645507812,604.9969165682259,591.7065399886068,599.9655713085159,7310676
2021-02-16,599.15869140625,602.3388655497535,591.421770271862,599.016271334743,6137454
2021-02-17,589.7603759765625,600.3452332652311,588.3838612974649,596.8327655141862,4700733
2021-02-18,584.8240356445312,595.4563487164784,582.9728644229268,590.4724573960136,5633766
2021-02-19,576.5174560546875,590.757143218601,570.7266731179369,584.6815781268591,7301975
2021-02-22,565.1258544921875,579.8876558008425,560.4742568972488,577.1821377069215,5330343
2021-02-23,573.4322509765625,577.514283472421,561.9930460034627,564.8409837365884,7564187
2021-02-24,570.9639892578125,578.4635229085964,565.6478047299637,576.3275698788242,3296243
2021-02-25,578.6534423828125,587.529549323264,572.1506747141709,575.6631426714081,6261754
2021-02-26,564.461181640625,589.8552906699894,560.0943673766358,574.2866006467547,15404415
2021-03-01,573.8119506835938,579.8400618659491,566.7870150257464,569.5874984815681,5274758
2021-03-02,583.0678100585938,585.1087973821539,573.8594662574071,578.1313729541124,4776776
2021-03-03,592.7033081054688,593.7001327045534,581.2166486384765,585.2512272529535,6626297
2021-03-04,587.5770263671875,604.474778512746,584.7765426994134,590.4724181153168,11530735
2021-03-05,580.2199096679688,588.0517391168519,576.1378768162342,588.0517391168519,6127488
2021-03-08,583.637451171875,590.3776062776645,580.314856637619,580.5047307707238,4554461
2021-03-09,581.5487670898438,589.4281065530306,576.7072969096442,586.6750773500578,4035628
2021-03-10,594.2696533203125,596.0733703328445,584.1594515369294,586.6751529583915,5825924
2021-03-12,582.498291015625,597.2601509047862,580.5047573802708,596.1684180454783,4264170
2021-03-15,574.808837890625,582.8779958131194,566.2650236197486,582.8779958131194,4030762
2021-03-16,571.7709350585938,579.0331992144966,568.875543380614,575.2834030682554,4189930
2021-03-17,555.1105346679688,573.3848019486159,552.4999250564478,573.3848019486159,7667561
2021-03-18,545.427490234375,561.5658028807683,543.0067549257035,557.6261907348935,5537584
2021-03-19,548.9873657226562,553.1169095508092,533.6084927952079,542.0573965840365,6186643
2021-03-22,561.043701171875,563.5118905554467,549.2722027084449,549.2722027084449,7033955
2021-03-23,558.0533447265625,564.5561702886297,553.4492021562122,561.2335764506421,5341729
2021-03-24,555.632568359375,566.7395356718847,553.6390353803189,555.3477862111433,7299582
2021-03-25,546.5667114257812,558.1483363521407,542.5321330088302,554.7782883215639,4710869
2021-03-26,557.4362182617188,560.3790633424497,545.4748479994421,551.4080501310991,5761818
2021-03-30,567.4041137695312,568.638208476769,557.4837861902881,564.7935042982272,4637718
2021-03-31,567.4990844726562,575.2834597071476,565.5055511056947,567.8788327051467,5269919
2021-04-01,579.7926025390625,581.6437734805239,567.0717920124702,569.587493284384,6033653
2021-04-05,577.9415283203125,580.931886337088,562.7050719133108,580.6945581751677,5353987
2021-04-06,589.0009155273438,590.3774301548948,572.9100580662761,577.8939483808542,7444994
2021-04-07,589.570556640625,596.5480387551111,584.918959839075,589.5231026006844,4757224
2021-04-08,583.1153564453125,594.2697812531796,582.2134977448967,589.0960151795381,3222479
2021-04-09,604.4747924804688,609.458683584548,578.6060243688194,581.9286184382055,16755446
2021-04-12,587.9567260742188,613.1135095652111,584.0171136131361,606.6107415375125,15229597
2021-04-13,595.5510864257812,603.3354593733388,584.8713223658044,592.3709131933816,7399207
2021-04-15,601.1522216796875,608.9840508606704,594.7443614407015,601.484457922909,8588761
2021-04-16,613.3034057617188,617.0532021941102,594.6019355838546,601.1522158298774,9804095
2021-04-19,608.1771240234375,618.3822341992023,602.8134848009939,611.3572979714016,11340358
2021-04-20,612.4490356445312,626.0716480238952,606.7531601507582,611.1674288935673,13831258
2021-04-22,607.5126342773438,624.6477158049817,605.7563711321739,617.7177451358598,11295290
2021-04-23,605.6139526367188,613.0660329748856,598.2093263377463,604.2374378514401,7668180
2021-04-26,602.5286254882812,611.3572197126146,599.0161578240059,611.3572197126146,6527947
2021-04-27,606.847900390625,609.8857114020623,599.9653860725459,600.6299162846457,5112384
2021-04-28,610.7877807617188,614.4900653232145,605.9462514931456,608.4619531863553,6069155
2021-04-29,611.8319702148438,618.9518147091981,608.604284200826,616.0564228697825,5676290
2021-04-30,621.277587890625,632.8117001989893,607.6549185166424,609.458635474216,10874266
2021-05-03,625.7868041992188,630.2960385209752,617.1480257863603,620.8029136330667,6567597
2021-05-04,612.4490356445312,631.1979591448678,609.4586778337236,628.4449294796341,5604638
2021-05-05,648.7601928710938,653.0320991684677,609.6959598863106,609.6959598863106,25296369
2021-05-06,644.9630126953125,661.3861093182014,639.2196250313121,654.8832831517996,11153908
2021-05-07,645.0104370117188,655.9749856024586,643.2541739930704,646.4818599063304,6466334
2021-05-10,662.8101196289062,667.8414652056343,648.9501198434234,653.1271187796395,10924222
2021-05-11,672.2083129882812,685.261362871443,660.911526399724,663.0949340646174,14760511
2021-05-12,667.224365234375,678.7110829326882,664.518847389439,678.7110829326882,7250661
2021-05-14,656.4022216796875,674.9612717839099,652.1777689388834,667.3667708355678,6851035
2021-05-17,652.3201904296875,663.094865497049,645.5800360584802,653.1270829806296,6318234
2021-05-18,655.7852172851562,660.5792349467372,650.0418869008286,655.9750914179957,4080423
2021-05-19,667.7463989257812,670.9265724491792,655.7850273192379,659.107620886372,7745431
2021-05-20,652.0353393554688,666.0852122580508,650.2791342133676,664.5188232837332,6226376
2021-05-21,655.405517578125,659.2976765090863,653.12714389957,656.6870665589063,3434231
2021-05-24,655.9276123046875,663.0000034071782,654.6460054130843,655.9750663507214,3722957
2021-05-25,660.81640625,662.050558849744,655.974935689934,659.7721856794561,2800233
2021-05-26,668.126220703125,670.3571401595021,660.9114678560958,664.0441879622678,6235460
2021-05-27,664.0441284179688,673.7745820509697,659.2975656701634,671.4013006770671,9875654
2021-05-28,635.8021240234375,659.2976112493876,632.5269839127436,658.8229549417927,28316552
2021-05-31,634.425537109375,641.4504728407347,625.5969423788113,637.9380049750549,13947126
2021-06-01,637.0361328125,639.172085908248,630.6282735252556,636.1342743615636,6443084
2021-06-02,643.11181640625,643.7288348159835,636.1818461875102,636.9887387007931,4978457
2021-06-03,641.2606201171875,646.3394190244416,639.3619950391203,643.6339014647715,3604574
2021-06-04,639.7891235351562,644.8204678238909,638.6973910645127,644.4882316500946,3747803
2021-06-07,641.1181640625,643.4439912408304,636.8937698541415,639.7891613473367,2793705
2021-06-08,644.3460083007812,645.4851951523655,631.3878665042297,638.8874601641631,5695920
2021-06-09,638.7449951171875,649.9943848152218,633.7611036911011,646.5293704566975,4492551
2021-06-10,641.78271484375,646.4818233861661,638.8873232582815,638.9347772957933,3099864
2021-06-11,646.7666625976562,651.5606796379293,639.8841462497212,640.9758789159708,3822099
2021-06-14,642.779541015625,649.0450389671229,637.5108676515185,647.4311959519746,3640962
2021-06-15,639.0772094726562,646.8615838396901,637.700694710078,642.7794935903672,3862284
2021-06-16,634.6630249023438,646.007323808057,633.049181645466,640.7861037038037,4842448
2021-06-17,631.3403930664062,639.4095509335815,628.1127646844052,637.7482537256336,2776147
2021-06-18,634.6154174804688,638.8873238060665,619.6162913033241,633.1914487052695,4158743
2021-06-21,637.3209228515625,640.5960625604979,628.4448741649315,628.4448741649315,2932177
2021-06-22,633.0015258789062,645.7697898351199,632.0996674690931,643.6338368367678,4577152
2021-06-23,631.5301513671875,638.2702470552604,630.58083885104,633.0015741789288,2631031
2021-06-24,631.1029663085938,636.9887156570511,627.9702465084043,630.5334019599918,3460776
2021-06-25,638.1753540039062,643.064336753736,631.1029640038236,631.1029640038236,3010243
2021-06-28,642.02001953125,645.4375792288785,635.6121602823118,640.7859248938157,3342385
2021-06-29,643.254150390625,646.9564924528441,638.9822439841132,639.1246640409058,2937766
2021-06-30,641.2130737304688,648.8075729489711,640.0738872594072,643.6812627999097,3768943
2021-07-01,649.4723510742188,651.0386823709287,639.552021095911,640.7861161015937,4102748
2021-07-02,646.7191772460938,654.5510058145786,643.9186936242263,650.7537555995557,5071894
2021-07-05,645.7224731445312,650.2317082112647,644.2035381466588,649.3298496096289,1600769
2021-07-06,639.124755859375,648.3805544031981,638.3178632654667,643.6339910473914,2682423
2021-07-07,645.62744140625,647.4311584259481,632.3370657200869,634.1407827397849,2576763
2021-07-08,633.0964965820312,646.3868708925371,631.3876878175334,642.684529158037,2548016
2021-07-09,634.0459594726562,638.2229004821593,630.5334909831907,632.7168985496863,1994075
2021-07-12,634.6630249023438,638.7450581228331,632.622037262825,634.7104789513647,1555035
2021-07-13,648.3804321289062,654.4085432773956,635.0900572390019,636.3241518904915,7744032
2021-07-14,651.1810302734375,657.304108514572,646.4819210213367,647.3837796360141,2663467
2021-07-15,648.3804321289062,653.3168686763008,646.7665893039878,651.2283696053144,1905193
2021-07-16,653.6965942382812,660.389294022706,648.0482309579469,650.1841841806937,3479357
2021-07-19,654.3137817382812,656.449735323934,643.6814678569646,643.6814678569646,1940882
2021-07-20,642.1625366210938,656.5445881216525,639.7418010161922,654.0763984738007,2724983
2021-07-22,652.4625244140625,653.3169289123358,641.3081016030227,645.5325541708112,2047831
2021-07-23,658.8228759765625,663.5219844468153,647.0513777825391,651.4182500538741,3956261
2021-07-26,667.7463989257812,669.2652756656121,659.9620252659229,659.9620252659229,4715053
2021-07-27,653.4118041992188,669.9298654328952,639.694226523281,669.2653350721954,5327355
2021-07-28,652.9371337890625,656.8768038881674,638.4601179894048,653.411790044789,3332667
2021-07-29,667.36669921875,670.167182731213,646.1970416853048,652.937137377084,4397443
2021-07-30,734.7205200195312,744.0237721855239,660.8640091503607,667.3193234323896,35893710
2021-08-02,735.7172241210938,761.253754818776,725.3696941794599,745.210349593624,18661462
2021-08-03,754.513671875,763.5795959649627,726.4614950557145,734.7205265812589,14678219
2021-08-04,745.9224243164062,757.4565963386029,740.1790942984414,750.9063157929079,5796169
2021-08-05,746.3021850585938,754.1340146528526,743.596609161163,745.6851086412548,5026619
2021-08-06,745.400146484375,756.0799115347838,741.9351328692245,746.634241079691,4064324
2021-08-09,748.817626953125,752.8047507141724,742.3623140712268,749.1499210657142,2873586
2021-08-10,753.1370849609375,758.3108499233346,742.552284841156,749.9094570703937,5656020
2021-08-11,740.03662109375,754.7035122599199,734.1034173810148,753.7541996658823,4275776
2021-08-12,739.1821899414062,741.6503792268991,733.9609712716489,740.463738620136,2821380
2021-08-13,738.849853515625,748.5328519008534,728.7397108895599,730.0212594949351,4319920
2021-08-16,741.2232666015625,743.3117659101606,731.9674687501907,735.9071392173518,2310304
2021-08-17,744.403564453125,752.9948326563966,738.7551423941404,743.3118316897728,5686055
2021-08-18,743.2168579101562,751.286015012258,739.7992977844004,748.0583289948402,4036305
2021-08-20,722.5693359375,744.6883087640169,705.6715246665954,735.7172927671478,6238261
2021-08-23,722.7595825195312,732.8964198762337,714.6215884371256,728.1373522146997,2375417
2021-08-24,734.181396484375,740.4634010953712,717.9054071761552,723.1879610327464,2732537
2021-08-25,731.9921875,738.6073031873121,722.9975379750998,732.896421977101,2254852
2021-08-26,723.9017944335938,733.9434159143129,722.6644484192933,728.2801716841585,1735864
2021-08-27,734.6097412109375,739.5591836599126,721.5698829818991,724.0922123156737,2432862
2021-08-30,749.2676391601562,756.6441941823176,731.1356026277259,731.94462090865,3617125
2021-08-31,755.78759765625,762.402713971828,745.9363498706558,749.5056509660296,7435465
2021-09-01,750.5050048828125,765.1629571948879,749.0772845184191,756.7393721885124,2811619
2021-09-02,751.8851928710938,757.3105422114619,750.3146771351129,752.218304405832,2679549
2021-09-03,751.361572265625,758.7857056714072,746.221756318654,754.7880775008834,2860730
2021-09-06,746.4597778320312,754.8833045259398,742.1766168498901,751.3616408603393,4613445
2021-09-07,732.8013305664062,745.2700657727318,729.6602991395991,744.3182521510552,3851664
2021-09-08,739.9874877929688,741.4152081791817,726.7572556430927,730.326556608625,2548562
2021-09-09,738.892822265625,744.5561243154773,734.2765499418279,734.9904100801937,2008287
2021-09-13,742.7000122070312,745.2699201020616,734.4668608452391,738.892758464492,1935832
2021-09-14,743.7470703125,750.0290159905231,739.844600220566,746.8880431515116,1996844
2021-09-15,743.033203125,747.8874285486432,741.2723133620085,746.8880360313148,1393824
2021-09-16,743.4140625,746.7454103771089,740.7965748822717,742.4146697556868,1353677
2021-09-17,732.8013305664062,749.933975756584,729.7079362959576,747.1736930160848,4052622
2021-09-20,720.0469970703125,737.4175954794773,715.3830871365161,729.7555075260341,2206369
2021-09-21,727.6614379882812,729.4222697673611,714.8595344911873,720.0469298078938,2123997
2021-09-22,732.99169921875,736.7037958463122,727.661565793935,728.1374726387969,1817865
2021-09-23,732.7535400390625,739.7494035505526,729.1842397048576,733.9433068171309,2109768
2021-09-24,733.3247680664062,739.2260237503484,725.2819318749592,731.9446267871964,1777859
2021-09-27,726.28125,737.1795257503093,723.4733886704495,734.2765063122655,2862731
2021-09-28,737.750732421875,752.8845926031153,718.5717223466594,729.7555326666172,4938824
2021-09-29,772.2063598632812,780.2491963792077,734.1813950326919,746.2218602760582,18565413
2021-09-30,778.8213500976562,792.8130193350923,767.7327002439064,775.5375820989597,10478553
2021-10-01,786.7691040039062,790.6715746475505,766.4954858014752,772.8726485847242,5730355
2021-10-04,791.9088745117188,798.4764112519154,786.6263209219547,790.0052474095271,4007435
2021-10-05,780.9630737304688,794.1933062610414,775.6805197682951,788.1016758669447,2987134
2021-10-06,762.0219116210938,784.2943721253973,758.8809384971764,780.9154456118788,2910453
2021-10-07,783.5805053710938,786.5311041397144,765.3532526431984,769.1129277861168,4089061
2021-10-08,781.8197021484375,793.6221557488784,779.1545776345109,785.3413659385287,2753935
2021-10-11,792.4323120117188,795.9064544989492,778.3930629893773,786.1979452511231,2988841
2021-10-12,789.7196655273438,802.1408199727744,784.0087845782643,793.3365451762769,2407031
2021-10-13,801.9505615234375,805.9957694468303,787.3878246180423,788.0541057771844,4113083
2021-10-14,800.7608032226562,809.0415935044025,797.8577832412534,803.2355535415968,2300231
2021-10-18,795.6209716796875,809.9933330831275,792.0516708582284,809.0415195307384,2632795
2021-10-19,787.4828491210938,801.6173139703247,785.8648127015643,796.6678723203659,2029762
2021-10-20,775.6328735351562,794.5739280404911,768.5894301328362,785.2937460667509,2089252
2021-10-21,778.9641723632812,789.0533719760042,771.0164949784837,783.3900701723173,3155655
2021-10-22,773.3960571289062,787.0069787241588,761.5936044430878,785.3413050790804,1709523
2021-10-25,774.0148315429688,781.6769194081512,757.2152982565602,770.9690164025601,2129988
2021-10-26,774.3004150390625,784.1993003743114,767.4473450449744,777.6317628603738,1628608
2021-10-27,785.3413696289062,798.048115907938,776.4895148634573,776.4895148634573,3569869
2021-10-28,768.6845703125,789.1961980049626,764.3538304446245,784.2467561156393,1647229
2021-10-29,756.6917724609375,777.2033428503377,741.7958671616495,761.4508402122642,4321416
2021-11-01,772.6821899414062,774.6333960032968,749.0772266911749,760.4514096682635,1935341
2021-11-02,776.1087646484375,795.7160998521352,745.0320300948073,775.3949045110103,17608860
2021-11-03,749.9815673828125,782.3908101250115,743.6995625180531,780.4871828497681,9452138
2021-11-04,757.1201171875,758.595416604739,750.5050012457173,758.595416604739,485870
2021-11-08,761.4508666992188,764.3063074493408,745.2700357818603,759.5472395324707,4280584
2021-11-09,762.7357788085938,772.8726165365177,758.5954130290697,761.4508537305594,3232291
2021-11-10,772.0159301757812,775.7280261767158,758.5953826537946,761.2128698586853,2900645
2021-11-11,756.5490112304688,771.3973381391378,753.9315238494695,769.9696177495018,2107377
2021-11-12,767.6376953125,769.5889016420888,757.7388102878198,765.2105821662266,2076523
2021-11-15,771.6353149414062,780.1540584767627,767.7804813912888,769.3509390110662,2109222
2021-11-16,759.9755249023438,778.0599819784123,757.310458636267,773.1581190596324,1512946
2021-11-17,753.2177124023438,766.2099920265184,749.4580949415891,761.4509237530618,1662900
2021-11-18,752.5513916015625,756.073055191361,742.5097123731912,751.9326895687127,3177648
2021-11-22,733.6102905273438,755.7399554702704,728.1849416967117,753.6935331088805,2894426
2021-11-23,747.364013671875,753.5983808271881,724.8535998986373,732.8964360428605,2739763
2021-11-24,741.4152221679688,758.547867125777,738.1790326605236,745.7459624690407,2404041
2021-11-25,745.1749267578125,749.3152928806456,737.0368736085076,738.2266406661141,1861259
2021-11-26,730.3265380859375,760.4038816491167,725.2819378014124,737.6555141681031,5432649
2021-11-29,714.8595581054688,737.6555043423501,712.9559309974885,735.7518772343699,4664270
2021-11-30,717.2866821289062,724.9488278321514,710.1005013040971,714.8119900879421,5505266
2021-12-01,709.4342041015625,726.4716898324851,704.6751363660073,720.2849017762635,3687799
2021-12-02,729.3271484375,733.6103095049958,710.1480817531877,716.7156186276509,4896650
2021-12-03,715.5734252929688,734.7049127723633,712.8132008157643,734.7049127723633,3135454
2021-12-06,701.62939453125,716.2872886145257,698.3456261045056,715.0023635360164,2577704
2021-12-07,707.8637084960938,714.8119353971155,699.5829194632222,705.3889585503848,2583462
2021-12-08,721.04638671875,726.7096893020046,711.3378763037555,714.0505799414954,2530785
2021-12-09,723.1402587890625,729.8505319013589,719.7137536533611,721.6649595804711,2604449
2021-12-10,724.6632080078125,737.6554859331737,717.857776123075,717.857776123075,2950388
2021-12-13,725.8529663085938,736.0849616372352,722.4264608780323,727.042733207273,2491218
2021-12-14,719.61865234375,731.7066965428535,717.2866974318846,720.7608402693669,3224172
2021-12-15,737.750732421875,741.320033587819,709.3866974419925,716.2397672994238,6231786
2021-12-16,727.6138916015625,748.6013690972969,723.3783096172226,748.6013690972969,6186549
2021-12-17,731.8970336914062,735.1331648731181,717.1915028697516,725.2819179651635,7171030
2021-12-20,727.137939453125,737.3699346415782,716.763149001152,730.9927725332134,7474026
2021-12-21,741.0346069335938,746.1744245841602,727.233307121109,727.233307121109,5599344
2021-12-22,759.0713500976562,762.4026977156396,740.0350779948938,747.1736800334297,5871235
2021-12-23,754.2647094726562,765.2105660255229,751.9327545012706,763.2117225811526,4277384
2021-12-24,747.554443359375,756.50145656651,740.1302506185674,755.1689523496651,3076272
2021-12-27,755.8350219726562,758.2145555490645,743.5090845221272,746.2217295615999,3598487
2021-12-28,775.8232421875,780.391993943157,755.9303728022849,757.6436256636104,5477769
2021-12-29,798.3812866210938,802.997617729892,777.1558536157473,782.8667355774062,8748856
2021-12-30,794.2408447265625,801.3794464981582,787.4829335263312,796.3348461983819,5179861
2021-12-31,804.9486694335938,809.9456901898047,793.8124401295069,794.2407678131418,3346523
2022-01-03,808.0420532226562,818.6071594529568,800.3799664435568,804.2823784148,3726756
2022-01-04,797.334228515625,812.848777879758,792.2896282810907,811.4210575439037,3027262
2022-01-05,794.8594970703125,803.8541470161695,790.6239731164503,799.5234068478948,2436343
2022-01-06,789.6245727539062,804.187367925747,782.3908123252762,797.4294562231719,2423850
2022-01-07,789.0059204101562,795.7161948845626,785.4366192967386,789.6245644133592,1475374
2022-01-10,786.8643188476562,794.7643601500903,778.1552011245424,792.0040774580399,4837873
2022-01-11,792.2897338867188,800.9512151744364,788.3872629254297,790.8620133605611,4950526
2022-01-12,795.9065551757812,804.2825033552182,787.625765120051,804.2825033552182,3953446
2022-01-13,823.794677734375,829.029652578441,794.0505024840004,795.9065506384422,7395140
2022-01-14,818.3217163085938,827.03083370642,815.5138546599876,823.794644332757,2351963
2022-01-17,812.08740234375,821.7959130078035,809.5174939188397,818.321770013783,1750754
2022-01-18,805.9005126953125,825.4126897025975,804.2824181051594,813.8005532306643,3354708
2022-01-19,798.095703125,807.1379323196184,793.8125419275492,807.1379323196184,1677779
2022-01-20,780.4871215820312,802.1408801381181,776.3467558210307,798.8571117272783,2886894
2022-01-21,769.779296875,780.2016680620185,762.4978991445103,777.1558527337712,3218477
2022-01-24,762.2598266601562,785.246146176784,753.4555516878711,765.2580624559204,5300160
2022-01-25,769.1129150390625,772.5870576780976,746.9832503589118,752.8845058924362,3779497
2022-01-27,772.9677124023438,778.012370377294,753.1700034186346,763.3544193858665,3593525
2022-01-28,787.4828491210938,802.2835950164106,772.9676937413021,776.6797895022922,5073701
2022-01-31,794.2883911132812,808.8035474517804,780.5346739802793,790.1003883419154,8041517
2022-02-01,848.7797241210938,851.87311812546,799.3805781675799,806.5668168683779,12337459
2022-02-02,847.7328491210938,855.1569839592344,839.4996378254175,847.1141470120426,4404741
2022-02-03,840.9747314453125,848.2561273097803,838.0241330955995,846.4952376350776,2292825
2022-02-04,850.8737182617188,859.3448238371939,838.8808329061325,840.3561903555023,4222492
2022-02-07,844.3062133789062,858.0123519876794,837.3104068958576,858.0123519876794,3494623
2022-02-08,851.0164794921875,852.7773694320213,839.4995586709587,843.306812905294,4766558
2022-02-09,850.3930053710938,858.163508487009,849.3377135493913,857.5399828470319,2874380
2022-02-10,857.923583984375,859.7942778055817,844.2052602163591,855.1415790537983,3159839
2022-02-11,844.3012084960938,859.3626102089785,839.0729384264401,858.2114094537097,2682532
2022-02-14,829.6715087890625,850.5848231366195,827.1293347971822,834.6120518272014,5163415
2022-02-15,841.135498046875,844.2053473842279,824.1074924604318,827.4171728623825,3219287
2022-02-16,833.5087890625,845.3085232999628,831.8299717501376,840.3679803597242,2136415
2022-02-17,827.4652099609375,836.8665769210978,826.2660545182509,836.8665769210978,2275289
2022-02-18,827.8008422851562,832.5974630921104,821.5652352361158,827.4650436971693,1797851
2022-02-21,809.5258178710938,828.8562266710585,805.35278042865,820.7019698114474,2305713
2022-02-22,811.3964233398438,814.4662725913249,791.0587379203487,801.9950575810926,3171552
2022-02-23,806.0721435546875,818.3035268695608,803.9616186447581,815.2816322766504,1979574
2022-02-24,784.967041015625,802.9064155944327,781.8492373085663,796.8146716814467,3679222
2022-02-25,797.7261352539062,801.0358159043725,783.8159324627525,787.1256131132187,2098988
2022-02-28,809.57373046875,812.5476121216294,787.6051824697258,787.6051824697258,4123139
2022-03-02,787.5093383789062,810.5810759980886,782.5208403268514,810.005446288712,3807036
2022-03-03,787.5093383789062,798.9252623751867,783.767950201738,798.9252623751867,2657776
2022-03-04,795.9033203125,805.4485489530168,776.4289928378262,783.0963075235519,4082674
2022-03-07,789.1880493164062,795.2797343551835,776.1891600129914,784.7271685193487,3065234
2022-03-08,820.2222290039062,826.6497131522157,792.5937024742757,792.5937024742757,4864275
2022-03-09,832.9332885742188,849.7694176232656,825.0188634308415,828.2805893351751,7276355
2022-03-10,834.1804809570312,846.0281718696252,831.3504624000344,834.5162796126988,2899758
2022-03-11,865.3104248046875,870.1070457847578,833.7006808355236,836.5306989242655,7194497
2022-03-14,855.9570922851562,874.7118703243602,853.7506581427511,865.2625495492201,3861194
2022-03-15,855.3814697265625,871.0663974041936,845.5003833545337,857.3480726798045,4039746
2022-03-16,853.0311279296875,863.3918180356138,844.6370408098968,863.3918180356138,3134307
2022-03-17,874.5199584960938,877.7816843507488,855.9091032708706,855.9091032708706,5484100
2022-03-21,876.63037109375,893.1307577049205,874.2320607884199,875.3832614454778,3878744
2022-03-22,876.9182739257812,884.4969589254287,865.790136041431,876.6304883611439,2174495
2022-03-23,864.1591186523438,888.3340971536327,859.3624982573457,880.6595045216359,2578669
2022-03-24,871.8818969726562,877.4939794544437,849.4816972092054,849.9613593758961,3141478
2022-03-25,865.6461791992188,877.7336994008317,859.8422794276422,874.7597592123977,1571676
2022-03-28,869.0518798828125,873.8485012342961,862.72030456735,871.9298526937026,1545077
2022-03-29,881.9547119140625,884.4969445574909,864.4470446275394,871.1143597704423,3177777
2022-03-30,883.1538696289062,884.4969469824194,871.4501607733118,884.4969469824194,2084073
2022-03-31,877.5418090820312,889.2935304936245,873.7524667939151,883.1538322126892,1901705
2022-04-01,871.7379760742188,881.6190043471512,867.3250492996277,876.8223829959697,1184766
2022-04-04,888.3821411132812,891.0202825962091,865.885977484723,871.0663514540181,1876408
2022-04-05,891.30810546875,902.4363015034069,886.5594974425962,890.2528722523833,2911697
2022-04-06,890.348876953125,900.6136588758919,887.3749949855287,890.061091367956,1881754
2022-04-07,893.0830078125,909.4394761315795,889.1497428791585,890.3488983065472,2728625
2022-04-08,886.9911499023438,899.1745792001325,881.9067432496456,898.8867936447917,1453271
2022-04-11,887.7586669921875,895.5771243451296,881.2352153778866,882.5782927225966,1102625
2022-04-12,883.8253784179688,890.3967843541811,874.3281039193045,882.5782686618819,1420380
2022-04-13,898.6470336914062,904.6428105374926,883.8254616173795,883.8254616173795,1825531
2022-04-18,889.7732543945312,902.7720864544299,881.8588292206715,889.8691633998785,1287320
2022-04-19,884.4968872070312,899.6062429266741,877.8295724964347,893.0828502629793,2001066
2022-04-20,885.9359130859375,893.1308447027698,878.7889359693836,880.6596299002606,1455897
2022-04-21,905.697998046875,907.5207375369259,883.153878245482,893.1308738339092,2410164
2022-04-22,887.1830444335938,903.9232641130766,880.9953913821223,902.7241088144389,1745381
2022-04-25,863.3917846679688,884.8326572328889,860.1300589493331,878.3092643481203,1146270
2022-04-26,880.7076416015625,887.1351259738915,867.2771017111764,868.1884714856684,3142879
2022-04-27,869.2435913085938,884.2090832216646,866.8452809269317,873.0329334221198,1586283
2022-04-28,883.5376586914062,889.6293444264192,872.3135529454114,882.5783344148684,3150038
2022-04-29,890.8764038085938,927.7144163881621,882.1465188288979,886.4155230475816,4290688
2022-05-02,885.8400268554688,887.3749222188453,865.8380813150329,884.928657116743,2119174
2022-05-04,864.255126953125,883.4416094380207,858.5950911990817,882.6741032966266,3925917
2022-05-05,842.4306640625,881.810915175358,837.1063673138023,868.1884982981885,4462293
2022-05-06,847.3711547851562,849.6735565595956,826.4578964519524,826.937558608918,2350532
2022-05-09,849.3858032226562,855.1417493247682,832.7414906125423,832.7414906125423,2522123
2022-05-10,826.7935180664062,854.6139191839264,812.0679153786502,849.0018961725996,6975331
2022-05-11,820.0303344726562,831.7341017089344,816.3849141341444,818.3035625809931,2768829
2022-05-12,815.4256591796875,821.03768294245,801.2276711774135,818.2077230849511,2700591
2022-05-13,846.6035766601562,852.8391837403727,825.1627049668737,827.8488009216976,4870689
2022-05-16,849.5775756835938,858.3554164395193,839.4567160407153,846.076077124119,2739020
2022-05-17,855.4773559570312,859.170730708651,842.9581868486483,844.3492186501359,2317400
2022-05-18,862.5764770507812,872.0257980864903,851.8799875696408,854.7579605006193,2878378
2022-05-19,848.6182250976562,863.3918422640662,842.622448415267,849.0019782263319,2715634
2022-05-20,878.4052124023438,880.3718152688234,852.8871539792973,856.6764962161736,2877917
2022-05-23,884.544921875,893.4186712765139,879.3165929495527,882.5783188532738,2195036
2022-05-24,872.8890380859375,892.9868315090571,870.1069747237051,890.2527811947059,2911410
2022-05-25,874.1363525390625,885.1206279704679,870.3470096759343,877.7817733298207,2405811
2022-05-26,863.3438720703125,884.9286677346224,857.1562189360425,881.4271107947433,4113170
2022-05-27,867.1331787109375,875.6711290668572,859.5544940145844,865.2624847869006,2374509
2022-05-30,852.167724609375,878.2613560743517,850.4409526596535,868.1884513897196,3541617
2022-05-31,825.5944213867188,846.8914313248881,816.5768086200198,831.9739510335764,24360628
2022-06-01,805.1128540039062,839.4086949698159,798.7333245011341,839.4086949698159,5999099
2022-06-02,824.587158203125,827.8009296143224,798.9252341787059,802.7145767264578,3553217
2022-06-03,829.9114379882812,839.4087720877636,820.0783638009675,827.0814781129642,2618353
2022-06-06,824.8270263671875,838.4014887144522,823.1002543273521,829.815524467552,2095566
2022-06-07,813.7467651367188,822.5246051224133,804.489263043664,820.2222035860825,3031449
2022-06-08,812.7874755859375,819.2629143114672,803.5299730980666,810.724905015322,3208941
2022-06-09,823.9157104492188,827.0335146467831,801.4675553582623,811.5884157352382,2297715
2022-06-10,811.3004150390625,819.214838980721,807.7509041062434,815.4254970193668,2124778
2022-06-13,795.7594604492188,816.3849316965463,786.4060490696168,805.8323650118671,2191412
2022-06-14,791.4904174804688,801.6592891060302,788.4205683377992,792.4017871786444,2461692
2022-06-15,788.8523559570312,796.2871192422355,785.8305195597113,791.6823743373848,2008725
2022-06-16,781.4655151367188,792.4018350708049,773.742966590174,789.1401091809881,2327414
2022-06-17,761.1279296875,777.3404753675698,757.7702946081796,772.4479448158495,5719089
2022-06-20,772.5438232421875,780.4102939699644,762.1831328323746,768.4187405899711,2745302
2022-06-21,784.1995849609375,786.9336355307171,772.5917269212085,773.7908821803229,1342717
2022-06-22,776.3810424804688,787.6051470292666,770.5771429369775,780.8898778097723,2032073
2022-06-23,791.3466186523438,792.8815140728613,775.6136771057572,776.5730013817075,1778752
2022-06-24,791.058837890625,799.8846336468065,788.084955817977,794.2246550968455,1404748
2022-06-27,801.6593017578125,813.5069323635684,794.3204481097107,794.3204481097107,2980249
2022-06-28,794.89599609375,803.4340047593575,791.4904069482554,802.9543426669638,2823691
2022-06-29,804.585205078125,809.3818259995965,790.3392058098538,790.4831278584985,2975927
2022-06-30,796.8145751953125,813.6507600167417,790.1473195326342,801.9949487638287,3809670
2022-07-01,795.5196533203125,802.9064619323109,791.4425251603953,796.1432375187144,2316527
2022-07-04,795.6636352539062,805.4967097912673,788.4687026655934,791.730370307455,2097164
2022-07-05,801.8031616210938,812.3557279128472,793.0253802462734,795.6635218192117,2682730
2022-07-06,803.6259155273438,808.374582154752,797.4382625614787,805.8323495358101,2364840
2022-07-07,814.8980102539062,818.2076906853149,807.894954815821,808.7583115245538,2327906
2022-07-08,822.8125,824.5392721054254,815.185859769151,818.7833260523335,2927832
2022-07-11,822.3806762695312,827.8967904585658,816.4808089767802,821.9489686659758,1768048
2022-07-12,816.96044921875,825.0187957611383,814.4662297688448,818.3035264933152,1695338
2022-07-13,825.162841796875,828.1367237841895,814.8020922420152,819.8385449496515,2663538
2022-07-14,844.109375,847.0353020579006,829.0479735636328,832.1178226704882,4934156
2022-07-15,842.67041015625,848.9539720262547,837.3461139445063,848.906017526217,1413559
2022-07-18,846.8914184570312,859.1707568894217,842.8142904798995,852.455487280028,2866600
2022-07-19,839.6964721679688,855.045659580348,837.9697002945768,844.2053076808558,1604458
2022-07-20,832.2137451171875,848.7141330997522,826.9854165065271,848.7141330997522,2885666
2022-07-21,834.2763061523438,842.1907307283611,828.5683155052004,836.5306945802691,2321107
2022-07-22,838.9290161132812,840.5119244703451,831.2544224838858,835.5713814004207,1939758
2022-07-25,833.0292358398438,842.2867387931409,821.5653572506685,834.612144362224,2419358
2022-07-26,832.3576049804688,841.7110152498225,826.9374002238952,833.8445456717637,1560211
2022-07-27,857.6358642578125,860.5138369566641,830.8227402363431,832.2137720846223,2797789
2022-07-28,858.4512939453125,860.3699424726999,843.0061967208463,859.5545402695628,3183169
2022-07-29,904.834716796875,913.228804656826,843.2460833025041,860.5139211858318,11315800
2022-08-01,881.3312377929688,901.7168789753487,872.9851047513281,901.7168789753487,4219890
2022-08-02,879.9400634765625,888.9097207244165,874.9515662603902,881.3310951838363,2043767
2022-08-03,860.5137939453125,880.4677252828194,857.2041137965609,877.7816292753187,2863168
2022-08-04,881.1392822265625,882.5782685339549,859.1707345127054,864.3511086403188,3151481
2022-08-05,878.693115234375,891.2122857947247,874.8078634815091,882.0987048312695,3317738
2022-08-08,873.368896484375,882.386510086168,871.4502478177155,882.386510086168,2677742
2022-08-10,882.2904663085938,889.2935211617187,876.054859094407,876.054859094407,3077870
2022-08-11,883.5856323242188,889.1977145949704,880.1320882749164,885.4563264144693,1526395
2022-08-12,876.294677734375,885.2643353329414,870.2509471536163,883.5855180298139,1384417
2022-08-16,877.3980102539062,882.0507683936382,869.4356300121868,870.107168754804,1635836
2022-08-17,883.3457641601562,888.334262007199,877.7816951798997,881.6189922080084,1828327
2022-08-18,879.4603881835938,881.6188674564742,858.7869650805058,872.9849503649526,2989998
2022-08-19,867.5257568359375,886.2458844416482,864.3014930268847,881.6260218403412,1708425
2022-08-22,847.5062255859375,869.5468973547628,845.1963238960865,866.7075881211326,2860170
2022-08-23,855.0618286132812,858.5267111244058,839.8546941334437,841.3465756609015,2314528
2022-08-24,847.939453125,866.1783441437766,845.1001435477672,858.5266653660614,3223687
2022-08-25,844.3782958984375,857.2273570282103,842.1646177948963,854.6767778307062,5016244
2022-08-26,847.1213989257812,857.0829799676541,845.1482804994044,849.1906824963756,1542618
2022-08-29,846.255126953125,847.939456179361,832.5398746823464,839.2771915872903,2068888
2022-08-30,859.5372924804688,861.8953652510423,848.9019677849462,849.8644416713238,3672052
2022-09-01,839.1328125,868.0551990286688,837.7372723968699,859.4891581649619,2939235
2022-09-02,836.9190063476562,845.0519209807571,833.5022364115441,840.143328536735,1963435
2022-09-05,851.404296875,852.8961782553465,832.0104851226188,836.3897291476895,2808538
2022-09-06,854.4362182617188,857.2755280606506,849.4313421534782,853.7143628252825,2252661
2022-09-07,860.2109985351562,862.7615777210173,846.4957462508195,846.4957462508195,1698682
2022-09-08,860.7403564453125,866.9483245566147,853.7143090554729,864.5421399200434,1772605
2022-09-09,856.6016845703125,868.0551463225752,853.4255327697299,860.9328166833085,1405210
2022-09-12,854.387939453125,861.5583804702887,851.8854725153631,857.756597498596,1571387
2022-09-13,856.74609375,859.7778510339589,850.3456193537426,856.4573046084173,2216354
2022-09-14,850.586181640625,864.0127022822304,847.0250169954171,851.4042608351148,1889322
2022-09-15,841.4908447265625,854.8211423114892,838.4109167695377,849.8643786662195,1780723
2022-09-16,835.4754028320312,857.0829522312796,833.3098366978141,845.7257726985556,5625488
2022-09-19,842.020263671875,844.0414940985314,824.6476216134118,839.6622496245593,1920725
2022-09-20,877.72802734375,880.4229423382258,843.897048477514,844.6189038552168,4408042
2022-09-21,871.3274536132812,887.8820134725013,868.776933482667,884.0802305005557,4153228
2022-09-22,873.9263305664062,877.0543708465173,861.7028998767153,866.130315212336,2317690
2022-09-23,886.53466796875,891.9245569472358,868.7289011767264,868.7289011767264,4802181
2022-09-26,866.900146484375,891.587563725557,865.3120412474842,883.5028192102394,3760536
2022-09-27,863.4834594726562,875.7068306754677,860.8366563194148,871.2794743533975,3096645
2022-09-28,883.4066162109375,891.2508017327242,858.5748021664689,860.4516379579431,5559336
2022-09-29,895.7744140625,919.6437535302447,890.3845253151118,890.3845253151118,8519098
2022-09-30,913.0508422851562,915.2645203935954,895.1006814653996,898.9024649259483,4182345
2022-10-03,909.0565795898438,931.5303211882119,907.3722502999738,917.1894956241648,4444578
2022-10-04,909.104736328125,920.4138049744705,907.6610254371022,919.8363441159601,1856830
2022-10-06,918.1038208007812,925.899835418152,911.9920766611036,918.8737881249458,3449485
2022-10-07,919.3069458007812,925.4667433579331,910.692792864992,917.237603470291,1762328
2022-10-10,910.5484619140625,918.4407599946401,900.1537550798921,910.4522380176734,1683827
2022-10-11,909.297119140625,916.1788302827179,904.7253686077667,915.1200738598443,2426935
2022-10-12,919.69189453125,923.9749150007751,905.7360234192591,910.5002808236804,2875040
2022-10-13,932.0597534179688,937.2089653135779,915.7939209200199,920.943132815629,4498223
2022-10-14,939.6631469726562,943.1280878544451,927.8247311355384,939.3744165853584,3307000
2022-10-17,943.224365234375,948.0367344447544,936.7757787435182,939.6632002697459,2647369
2022-10-18,941.63623046875,948.0367048164217,936.2464006194662,946.8336125514262,2065146
2022-10-19,940.2407836914062,943.898172790789,928.8354326412085,938.9895206159175,2424533
2022-10-20,943.5611572265625,945.9673417033423,930.2790306636853,933.5995769905891,1669666
2022-10-21,941.0106811523438,954.6778213717105,939.1338454233029,944.186833062014,1791608
2022-10-24,949.961669921875,952.800979468462,945.2455246584092,948.9991960921669,191840
2022-10-25,954.3409423828125,959.9232790116204,948.5179872894463,954.725955424003,2119595
2022-10-27,973.6867065429688,975.371035802425,955.255308577308,961.5113886838596,4379157
2022-10-28,952.8491821289062,965.8425800670277,950.4911092726684,964.3988691850142,3934980
2022-10-31,978.7396240234375,988.7493749728676,954.0040357836781,957.6133125089912,3546309
2022-11-01,997.7003784179688,1009.6350777635955,980.905256579659,983.6001716350365,5264069
2022-11-02,1012.4743041992188,1030.7613070726493,993.8986296688443,999.8178672547194,5923662
2022-11-03,1005.0150146484375,1015.9872385894878,1000.5396058276718,1005.7850406226919,2386317
2022-11-04,1000.8765869140625,1007.132666981574,992.7436123326071,1006.0739692372765,1576349
2022-11-07,989.760009765625,1010.549422469888,982.6858501113987,1005.7852236693552,2853521
2022-11-09,975.515380859375,997.7485625412781,972.098610363975,981.7714610250837,2268760
2022-11-10,972.7241821289062,983.9369667980089,968.9705107621528,972.0985506528675,2419991
2022-11-11,975.515380859375,992.7436279150194,971.9542157853306,977.6328351259481,2390487
2022-11-14,978.7396240234375,983.0707560938131,964.3987410036319,980.4239531619169,1764788
2022-11-15,977.9215698242188,983.6483011345674,966.7568963620761,983.6483011345674,1703050
2022-11-16,980.4239501953125,984.4181811790633,969.3073309191948,969.3073309191948,1485506
2022-11-17,975.3228149414062,991.8292643328572,972.5316761304477,984.8994411300553,1758031
2022-11-18,971.713623046875,979.6540326982165,968.2487405150966,977.1516240635705,1130682
2022-11-21,965.5057373046875,974.793575395063,956.2178404695658,965.3613427186457,1108922
2022-11-22,972.1948852539062,974.4086222706211,958.8646449301905,968.3931602572573,1723123
2022-11-23,979.4616088867188,980.8571490759203,971.5693109881224,977.1035360320823,1311376
2022-11-24,996.256591796875,998.4703284991458,975.7559119162422,982.3488925932552,1994268
2022-11-25,995.0535888671875,998.9997082436887,988.4124956538392,998.9997082436887,1948596
2022-11-28,995.9198608398438,1002.4165596179728,989.3749913712664,994.2355315269956,1427648
2022-11-29,1010.4530639648438,1011.7523800564853,995.1978782078122,996.1603519778391,1179559
2022-11-30,1006.7958374023438,1018.5861422945384,1000.3471919880233,1013.4849837943659,3060171
2022-12-01,1007.1806640625,1018.1528889136036,1000.5877420104417,1015.4098620731972,1878374
2022-12-02,1000.9728393554688,1010.4531836149283,995.9680221544866,1008.9614195884277,2284133
2022-12-05,1000.395263671875,1006.6993963946032,992.0698420332211,1003.0420665489949,2294634
2022-12-06,994.7649536132812,1000.9728633178698,984.85142537501,1000.3954024715462,1321211
2022-12-07,979.5578002929688,998.229817232953,977.2478394620294,997.6523563975902,2954262
2022-12-08,943.9943237304688,979.7983620697862,938.4119872475851,976.910940570563,10021644
2022-12-09,955.5921630859375,959.5864531642075,943.2243972928017,943.9943646436839,4231753
2022-12-12,950.3467407226562,957.6615187752024,943.3688050330882,957.5652948842784,1875104
2022-12-13,957.32470703125,958.9608656977531,943.0319340872524,943.2244406200016,1863361
2022-12-14,962.7145385742188,965.3613418544778,957.2284254807327,961.511446174101,1570685
2022-12-15,964.5913696289062,969.2112326732356,960.6451913294666,963.4363891816374,1304660
2022-12-16,956.3622436523438,967.3825231505517,950.5392293824212,960.6933763355772,2618988
2022-12-19,950.8760986328125,955.8809746479652,937.1608455956192,950.5391975218943,1547342
2022-12-20,951.2611083984375,953.4748454871803,942.647013510822,950.8761540639047,1352408
2022-12-21,967.8636474609375,971.617318847397,951.3091447943468,954.7740270397402,2043630
2022-12-22,972.7241821289062,995.2460928399477,969.2592411569632,981.675176836465,5163443
2022-12-23,963.9656982421875,989.2787494184716,960.982052726084,974.0235619899454,3612433
2022-12-26,962.5220336914062,973.8311022719014,951.5979781775072,972.098660961711,2307374
2022-12-27,962.6182861328125,977.6328553431132,955.7365743103238,962.7145100240699,1870105
2022-12-28,957.6614990234375,972.6760678720384,955.736551286707,961.4151706079592,1686511
2022-12-29,963.003173828125,966.9974636996606,951.9828367832323,961.0782261781784,2162872
2022-12-30,963.8213500976562,969.0186737120437,956.4584015463458,966.3237586440565,1629162
2023-01-02,959.58642578125,963.8213342073687,950.1541938264307,963.8213342073687,1616012
2023-01-03,971.232421875,974.7935871745188,950.9242453953265,955.7366150582583,1810117
2023-01-04,966.4200439453125,987.4020224920129,963.1957797966272,974.0236114456026,2573870
2023-01-05,978.06591796875,983.552030549673,970.4142392699422,971.2323185276913,2246533
2023-01-06,970.847412109375,983.4557964083663,966.4199970254535,976.9109857894643,1773153
2023-01-09,978.6915283203125,984.9476084568306,972.5798427617651,976.91097516397,1567316
2023-01-10,973.879150390625,985.5732312712818,972.1467091939794,977.8734404019749,1607654
2023-01-11,989.4231567382812,994.283696867859,970.5105213435867,974.023574532238,3258157
2023-01-12,994.091064453125,996.5934728946903,982.8301677213411,993.2248145146461,1641398
2023-01-13,992.8880004882812,996.160435077253,981.8677218979544,992.4549342514324,1491367
2023-01-16,996.5934448242188,1000.4915106928388,987.5943383317552,992.8879442084369,1437532
2023-01-17,993.9466552734375,997.122865838018,988.268153793549,996.5934582474284,1245848
2023-01-18,1001.069091796875,1002.4165787707973,991.4925233737857,993.9467613542779,1238451
2023-01-19,1001.5023193359375,1004.8228074797992,997.1230158516015,999.1441876561041,824263
2023-01-20,991.6848754882812,1008.1913249750285,978.6914789372904,1004.8708372966782,2963571
2023-01-23,1009.923828125,1015.3136580287274,984.1294827071524,996.1604054786335,2106604
2023-01-24,1001.6464233398438,1011.5117796586103,995.7273035401647,1010.5974765565637,2088556
2023-01-25,1001.0209350585938,1006.4107649073175,991.6368153926043,991.6368153926043,1753333
2023-01-27,1004.2452392578125,1011.5600170247953,995.1979615638804,1005.7370032326174,3448013
2023-01-30,1012.2338256835938,1031.916488833272,1001.1653750457568,1002.8497044906451,3320916
2023-01-31,995.6790771484375,1020.510946464602,987.5462210974351,1015.4097886820701,5265462
2023-02-01,976.814697265625,1004.7744910668952,967.3824068932212,997.555937462345,4717887
2023-02-02,969.78857421875,977.5846472201632,955.736480282482,972.0504228882154,2117181
2023-02-03,989.5675048828125,993.7060719127868,964.0619480509297,969.2111596115453,2332076
2023-02-06,984.9475708007812,987.4499792618204,974.7453716968639,981.7233069669722,1215157
2023-02-07,968.6337280273438,989.9043770951268,964.3988194937453,987.7388108836889,2360600
2023-02-08,982.3064575195312,986.0883125702888,967.1791556881261,974.3549027883311,1815142
2023-02-09,976.2943115234375,990.2580203948154,971.0579650860305,972.6094619891556,1474402
2023-02-10,976.100341796875,983.6155194567218,966.5003439106224,976.2942937026786,1530150
2023-02-13,984.48828125,986.5246283125624,971.6397516005909,977.7003787937084,1355766
2023-02-14,976.2459106445312,987.2035136971449,972.8519591299985,987.1550405126723,1832842
2023-02-15,965.2396850585938,975.9063881681246,960.5366031760884,971.6396832499889,2251350
2023-02-16,964.997314453125,979.3973407894171,961.1669862831724,968.6336907184323,1678410
2023-02-17,954.6700439453125,966.3064487470837,952.2457929449434,962.1367488636121,1847026
2023-02-20,954.5730590820312,961.6033866995708,945.4093788330414,960.1488361580109,2157871
2023-02-21,942.160888671875,960.7791482622772,939.7851700311819,960.0033997763887,1771813
2023-02-22,939.2032470703125,948.3669270677924,936.7305230546906,942.1123480735879,2605147
2023-02-23,943.03369140625,947.6397685622188,934.8397107337312,943.5185416331941,2835983
2023-02-24,941.0941772460938,953.5548029047029,934.5002267903417,941.1911236054884,1823835
2023-02-27,935.8092651367188,943.0820174058282,930.9607636239791,941.0941436227669,1548675
2023-02-28,927.6152954101562,946.4275051499611,925.0940982715808,939.6396029613855,3819644
2023-03-01,930.2335205078125,936.7789977759545,922.1850195560003,922.1850195560003,1862513
2023-03-02,936.0516967773438,937.7001991403989,922.2819405474272,930.9122969749566,1510195
2023-03-03,937.6033325195312,940.3669549618759,929.1184540911564,937.7487520668144,2215832
2023-03-06,936.0032958984375,949.8215263740166,934.5972185041104,940.6093727236305,1989152
2023-03-08,928.4880981445312,935.7608508715118,918.3062443267582,930.9123490535247,4734482
2023-03-09,923.8335571289062,930.3305614647094,918.4517318962997,928.4881070818142,2994556
2023-03-10,926.5972900390625,928.4882178289854,917.4336085846827,917.8215124544488,2001392
2023-03-13,925.1910400390625,930.8153491732021,918.8395148598503,926.160740346906,1412106
2023-03-14,928.1971435546875,934.5486687137121,921.5061877775106,924.6092405899087,1879695
2023-03-15,922.5728759765625,935.6638298404265,920.5849430411807,923.1546724739663,2189113
2023-03-16,938.0880737304688,940.6092707819528,922.8637675105476,926.3061916643921,2228093
2023-03-17,928.6820068359375,939.3487103391082,923.8819784223487,939.2032316170134,2218687
2023-03-20,932.075927734375,933.4820049877362,918.645543247467,921.215272682431,1955757
2023-03-21,927.2275390625,935.7608907890086,924.3669110306969,935.7608907890086,1687239
2023-03-22,942.5972900390625,944.8761215583808,927.6154065759665,928.0033104218386,1626129
2023-03-23,948.0275268554688,953.1669266347953,942.548696457907,945.4577973729006,1857923
2023-03-24,943.3729858398438,949.3366668184939,938.6699626969378,947.9790626196066,1534322
2023-03-27,953.6517944335938,960.9245468556521,933.821410992286,950.3063164822848,2473222
2023-03-28,954.3790893554688,957.8699869157161,946.718432971944,957.0942384785292,1394675
2023-03-29,961.8458251953125,966.3064232439393,949.336666689229,955.7851978543445,3045795
2023-03-31,953.3124389648438,965.0458493089379,951.663995634535,965.0458493089379,1822710
2023-04-03,949.3851928710938,958.0640235450264,946.6215703236561,951.2761205442013,1671570
2023-04-05,966.9367065429688,968.730628476935,945.7487188470766,955.1548238736545,1544121
2023-04-06,981.4336547851562,983.2761090385465,963.3003064345725,966.9366825774664,1423990
2023-04-10,978.0397338867188,986.1367671928068,976.1488655827366,984.2458397030131,1110974
2023-04-11,978.6700439453125,991.2761480536,977.0215415709129,978.039715065574,1786844
2023-04-12,985.8944091796875,989.2883605819683,974.7913277550631,984.7307568617424,3246327
2023-04-13,973.0943603515625,992.827739998765,971.639809738182,991.3247162021016,1445693
2023-04-17,968.439697265625,979.3003524158926,964.9002675115838,969.1669724874847,1768817
2023-04-18,974.3548583984375,975.7609356832921,958.3548033040033,968.7306084448287,1217390
2023-04-19,965.3367919921875,978.8156518379777,962.912540882212,973.0943955441086,2174563
2023-04-20,957.821533203125,971.7367097327632,953.942731752543,968.8276086448266,1638094
2023-04-21,959.4700317382812,964.1730548035796,955.1063801241977,964.1730548035796,1216575
2023-04-24,949.482177734375,952.7306504253667,930.1851159496518,945.4578973686845,3485350
2023-04-25,943.03369140625,953.1185998010145,937.7003389098651,950.3064448104113,2377746
2023-04-26,941.8215942382812,947.2034200824788,934.0155171862632,946.2337195993506,2911028
2023-04-27,949.0457763671875,951.8578719654741,934.3547918952427,938.6699704353365,2777173
2023-04-28,957.7245483398438,962.4275712352838,949.4820955887104,955.1063456287922,2009995
2023-05-02,943.56689453125,958.936680277503,940.9002186230098,957.7245548646665,3152556
2023-05-03,934.4031982421875,942.936608348064,930.4274506318937,941.0941540784293,3087472
2023-05-04,944.4880981445312,946.3305524004512,935.9062741098417,938.3305248750996,1197830
2023-05-05,941.0457763671875,947.6397273295546,938.5245197852892,944.4882009915437,1062645
2023-05-08,932.706298828125,939.63968030865,931.8820771688469,932.8517775613223,2676958
2023-05-09,928.4396362304688,937.5547842474123,920.7305064091535,932.7548147380062,6902170
2023-05-10,924.900146484375,930.8638270822443,922.7667939591155,928.0031993224061,2180917
2023-05-11,931.9305419921875,934.694223597442,923.1547653561641,924.9002142098008,1296607
2023-05-12,927.0336303710938,933.918479893037,923.1548285703778,931.8821326219886,2014927
2023-05-15,924.1244506835938,926.7911266955349,919.3244220249371,924.1244506835938,1814239
2023-05-16,912.4395751953125,933.3850795177308,909.5789472660018,924.1244528192962,2625163
2023-05-17,907.5911254882812,916.6578007964193,900.7062169526733,912.7305259085579,2956985
2023-05-18,901.4819946289062,914.427471209777,894.5001399574799,914.427471209777,3014019
2023-05-19,897.7970581054688,906.088043564199,896.2940343788158,903.7607390168688,1309343
2023-05-22,909.0455932617188,914.1849932135053,894.8879328221839,897.7970338347964,1382485
2023-05-23,903.3727416992188,927.2274036900817,900.9484910407454,909.0939969275389,3057684
2023-05-24,923.3002319335938,925.8699024052879,904.3425423316543,907.1546970819152,2953574
2023-05-25,916.3668823242188,922.8638868720404,914.1365832308574,920.9244860628886,2331464
2023-05-26,940.512451171875,947.1064021215799,908.6092840140252,915.3487136995315,4137189
2023-05-29,939.1063842773438,943.7609344596061,917.72450183777,940.5609349084143,5344765
2023-05-30,930.5244140625,938.1365971732303,927.3244148069866,935.7608195248391,2624815
2023-05-31,945.7972412109375,949.6275695460721,931.6396393484561,935.7608659601979,5595631
2023-06-01,957.7731323242188,960.4398085228007,945.4579249517858,950.1124752066927,3261906
2023-06-02,969.3125,973.2883071672164,951.2760961629793,956.6579215671052,3734815
2023-06-05,978.185302734375,986.8641333665546,968.2458733881273,974.8882976183661,3629780
2023-06-06,983.0822143554688,985.1670938063911,973.5791626527933,978.3307180970377,1632644
2023-06-07,983.8580322265625,986.6701871468115,979.3974339245991,984.2459360727406,1608613
2023-06-08,957.09423828125,985.2155482206181,953.457861995987,984.2458478778813,3395935
2023-06-09,954.13671875,960.6821964385631,951.2760907378353,954.1851919327522,2306206
2023-06-12,955.5911865234375,959.9063647590509,951.324481466375,957.9669641305335,593319
2023-06-13,958.160888671875,965.8215450833064,955.688164625541,960.0033430044913,2413311
2023-06-14,956.8033447265625,964.8518457737438,954.4275670379973,961.5548409178805,2139387
2023-06-15,958.451904296875,964.6579513794611,955.8337013653362,958.5488506630811,2731724
2023-06-16,961.9427490234375,964.5124786301336,957.2881991717769,960.0033483197612,3611214
2023-06-19,971.44580078125,976.1973561803007,963.6397247849346,964.9973289520384,1327862
2023-06-20,961.894287109375,977.2155410107082,959.6154557443766,977.1185946487138,1445688
2023-06-21,961.8458251953125,963.7366935770434,953.7972647378558,961.8942983768775,1396686
2023-06-22,960.2942504882812,966.0155062616875,957.191197512634,957.191197512634,5384143
2023-06-23,961.409423828125,965.7730754030499,947.688140201536,963.88214788342,1218237
2023-06-26,964.8033447265625,973.385168879839,961.4093936083025,963.8821175858727,2066932
2023-06-27,971.44580078125,972.948824489664,956.124547057052,969.651878804403,4647465
2023-06-28,990.83984375,994.4762793876172,964.8518852116139,964.8518852116139,5296330
2023-06-30,1019.73681640625,1023.0338211154483,989.1427836403859,990.7912859949851,4765060
2023-07-03,1001.4094848632812,1021.7247778285806,998.7913413172153,1021.0944489388618,2338356
2023-07-04,1017.0216674804688,1021.9671150710893,998.6943091184161,1008.488257949177,1549174
2023-07-05,1013.0458984375,1025.6520028648188,1011.05808376232,1023.0338592939481,1840716
2023-07-06,1010.9126586914062,1024.5854105447052,1008.488407711331,1008.488407711331,2551103
2023-07-07,1004.3187255859375,1019.3490828134032,997.5793546938908,1002.1854319087593,1721224
2023-07-10,1013.3369140625,1019.1551164398924,999.8580548805483,1004.6096104964115,1221769
2023-07-11,1039.7611083984375,1042.185359059194,1017.2641096152635,1020.1246780463104,4369937
2023-07-12,1046.064208984375,1050.9127105323905,1037.5793312753476,1042.4278328233631,5088473
2023-07-13,1043.0582275390625,1049.1188548566422,1039.2278400513758,1049.1188548566422,1541690
2023-07-14,1040.4398193359375,1047.276253338318,1032.7307498197301,1047.2277209779452,2641580
2023-07-17,1044.9490966796875,1048.294633984421,1038.0642477161941,1041.1672415564194,1254025
2023-07-18,1034.81591796875,1046.2098989067244,1032.1007092050859,1045.7734626563265,2238739
2023-07-19,1049.0703125,1053.0945926748784,1031.6157059915765,1034.815764533438,2311282
2023-07-20,1064.3916015625,1071.034025215223,1049.5067250221994,1053.1431012961307,5218991
2023-07-21,1063.9068603515625,1070.7431774237134,1057.3128500175324,1069.9674880954742,1879610
2023-07-24,1067.058349609375,1073.797720077197,1059.3976927335884,1060.8522433414605,2130036
2023-07-25,1061.8704833984375,1076.3674572076716,1057.7492566478675,1076.3674572076716,1702900
2023-07-26,1078.306884765625,1080.634189486209,1060.9492232879666,1063.8099105969716,1321572
2023-07-27,1100.5614013671875,1120.3433128372778,1082.47658393748,1093.822031059929,6366612
2023-07-28,1107.957275390625,1113.163497444458,1091.511353647341,1099.5882618570351,2677679
2023-07-31,1112.6768798828125,1114.2338641445208,1096.7175239221615,1109.3682140827543,1718336
2023-08-01,1112.7254638671875,1121.678331245015,1105.475692799362,1112.676878640795,1448567
2023-08-02,1104.745849609375,1113.5527237618817,1096.182257960636,1113.212033224379,1731918
2023-08-03,1110.3414306640625,1138.2702166799857,1092.1925307606182,1099.88028221565,8460399
2023-08-04,1108.346435546875,1114.2339199325036,1090.9275024858396,1098.6638389552809,3527805
2023-08-07,1129.6094970703125,1135.3995738002711,1103.0429971310114,1108.3465087982743,3353219
2023-08-08,1117.7857666015625,1133.3071421458728,1109.3194645671645,1130.9716064539602,3073468
2023-08-09,1121.8243408203125,1128.1496859855426,1109.6602155025623,1120.2186525203122,1306791
2023-08-10,1119.3916015625,1126.787366564549,1112.8715586182273,1119.683469318327,1443067
2023-08-11,1101.9237060546875,1120.07260388967,1100.1234393547106,1119.1481779273329,1756630
2023-08-14,1103.7725830078125,1111.3143396913572,1090.3920469563623,1100.609910850197,1824622
2023-08-16,1112.9202880859375,1114.7205550540673,1091.7060039044507,1104.4539847480569,1224080
2023-08-17,1114.039306640625,1118.0777012357248,1106.9354099005332,1112.9201833472835,1964341
2023-08-18,1104.4052734375,1118.418369356438,1098.6637826135266,1110.3413427475941,1473774
2023-08-21,1106.8380126953125,1113.1633572777744,1096.863430853738,1099.5881233997102,941384
2023-08-22,1106.9840087890625,1116.180039189553,1099.636830239054,1104.5024799303774,1438879
2023-08-23,1093.5062255859375,1100.074853639189,1080.7582452702782,1097.6907324544966,3050418
2023-08-24,1088.25146484375,1102.6537194002506,1083.288406180669,1093.4089832251523,1575291
2023-08-25,1076.57373046875,1093.1169399148268,1070.6862466497698,1087.9593035714088,1515282
2023-08-28,1086.986328125,1093.9442321391862,1075.4547601298977,1080.223121406142,1959645
2023-08-29,1081.731201171875,1094.8198699409186,1076.7195582986806,1094.8198699409186,1749707
2023-08-30,1084.942626953125,1089.0784293242605,1080.6608313284817,1087.4727411162344,1543173
2023-08-31,1081.731201171875,1088.7863931300813,1072.097191153649,1088.7863931300813,4782404
2023-09-01,1079.201171875,1087.472776889371,1076.0384993695052,1082.1205618800723,2715249
2023-09-04,1079.1038818359375,1084.0668210828383,1072.389261071174,1084.0668210828383,1205294
2023-09-05,1101.4859619140625,1105.4757714861917,1077.4495776507063,1080.1743893923176,1698118
2023-09-06,1111.6549072265625,1118.126244759771,1098.7123509504154,1106.4486860677628,2960249
2023-09-07,1102.60498046875,1110.7791773360896,1098.2744807477875,1109.3681863695392,1863837
2023-09-08,1100.07470703125,1107.470589700749,1098.177151140428,1102.5562359256578,1789037
2023-09-11,1106.3515625,1109.3682418557607,1095.4524348146128,1100.074802489012,2032253
2023-09-12,1114.4771728515625,1122.797482168927,1106.5461393063492,1111.3632042549293,3989578
2023-09-13,1117.883056640625,1125.6193924109486,1111.6064158300062,1118.1263391339091,2115524
2023-09-14,1113.066162109375,1119.975361479148,1108.1518080023393,1117.8831081823819,2065163
2023-09-15,1118.90478515625,1122.7973046818724,1113.26058432799,1113.26058432799,2404169
2023-09-18,1116.8125,1125.9112403711347,1111.8495615057689,1118.1262015440223,962842
2023-09-20,1122.1649169921875,1124.9383138175037,1108.3951033201877,1117.1532735834726,2303191
2023-09-21,1115.3529052734375,1125.862637358663,1110.4872555700156,1118.1263018463326,2088934
2023-09-22,1101.9237060546875,1117.1532139577248,1097.9826009207295,1111.8009990824917,1585418
2023-09-25,1093.846923828125,1106.2543324602839,1091.511387856954,1095.9390584868029,1009279
2023-09-26,1095.598388671875,1099.6369019370456,1088.4459069173322,1094.7712519284746,1966198
2023-09-27,1109.319580078125,1115.1097752912326,1093.0196513424755,1095.8904563342728,2332018
2023-09-28,1101.875244140625,1121.0458593229998,1098.5178740689971,1112.2389845266105,2685663
2023-09-29,1127.51708984375,1136.031977280206,1103.8213982786401,1103.8213982786401,2288577
2023-10-03,1110.7791748046875,1130.7283395141153,1108.6383363519835,1128.3929225803588,1946966
2023-10-04,1093.603515625,1108.3950437586966,1083.093664357708,1107.5192030213755,1803871
2023-10-05,1089.02978515625,1098.3232243935079,1081.92600726138,1094.4307043008823,2348562
2023-10-06,1097.009521484375,1101.7291783337391,1092.9223041171788,1097.6906649837647,1056281
2023-10-09,1092.8736572265625,1103.3348043744074,1079.2011336707092,1081.1473936051918,1080276
2023-10-10,1096.23095703125,1100.0261878309598,1089.7110334758065,1091.851871983189,1092093
2023-10-11,1098.4205322265625,1103.967325936309,1092.1924762149058,1097.6906846968438,1456045
2023-10-12,1100.0262451171875,1102.1184985071654,1091.073377278519,1098.6638392732282,1221965
2023-10-13,1114.5260009765625,1116.3748532171542,1091.8520211146565,1095.8418309453398,1934884
2023-10-16,1104.794677734375,1116.423535204698,1102.605134954501,1110.8280369894642,1144308
2023-10-17,1106.25439453125,1113.260884047597,1103.5295826136146,1108.0546615384767,798807
2023-10-18,1122.408203125,1130.582519155194,1103.5781607561714,1106.4488468356283,2178517
2023-10-19,1110.8280029296875,1119.099608733369,1104.5026573151076,1116.569494245596,1765065
2023-10-20,1111.509033203125,1114.2338447062928,1102.6535740032539,1107.421934738656,957910
2023-10-23,1092.28955078125,1118.3207742250152,1087.9591704721313,1104.5023778943373,702730
2023-10-25,1090.1976318359375,1099.344959183968,1082.8991565325377,1094.7712955099528,1800673
2023-10-26,1074.04345703125,1087.910558544161,1068.0100989768302,1085.9642986826998,2223975
2023-10-27,1081.439453125,1089.7110584050104,1077.887504746703,1082.1205966319449,1250965
2023-10-30,1085.2344970703125,1089.8568644365118,1074.1894956480814,1085.7210620562282,1078813
2023-10-31,1059.349365234375,1089.5163972560224,1039.6434814137826,1089.370403988182,6475786
2023-11-01,1086.2076416015625,1102.1184118864967,1053.5104978678128,1062.6579434836956,3973264
2023-11-02,1102.41015625,1106.9839379412838,1080.7580165093643,1097.544506870082,3454692
2023-11-03,1110.4385986328125,1114.9149727916767,1101.096574564252,1107.9084844378267,1741756
2023-11-06,1119.099609375,1120.0727394701087,1109.368308423913,1109.465597675365,1428537
2023-11-07,1139.486572265625,1142.0168054006203,1115.7422943334466,1118.1264154141677,1811831
2023-11-08,1145.08203125,1151.1155085650898,1139.5352377284942,1143.4277577548937,1702301
2023-11-09,1144.5955810546875,1151.4561958054805,1135.4968383383912,1149.2666530710098,1849169
2023-11-10,1147.660888671875,1149.7531420154876,1138.6594358037894,1142.5033707351447,957539
2023-11-13,1146.1527099609375,1155.6407286897854,1142.2114854343736,1148.3908379766403,816825
2023-11-15,1149.169189453125,1152.5751443010654,1139.535179125181,1147.8067837558933,2246320
2023-11-16,1157.5867919921875,1162.7930135226418,1147.9040776113525,1150.2396132745341,2205723
2023-11-17,1162.5010986328125,1166.1990402265137,1156.0297602389783,1157.8301458089793,891965
2023-11-20,1156.0784912109375,1166.0530741527828,1153.4023835923936,1163.8635315557922,1054810
2023-11-21,1169.118408203125,1172.621652452395,1154.3754649142352,1157.051572419832,999135
2023-11-22,1171.7457275390625,1182.1582890871907,1166.7827886431724,1172.621568236049,1401782
2023-11-23,1166.58837890625,1177.3900989573594,1162.6471545948962,1171.2107467525157,1177434
2023-11-24,1163.3282470703125,1177.0980607555086,1160.7495475225478,1167.7560362237757,1376695
2023-11-28,1159.3385009765625,1168.0966717262258,1157.7815166013477,1164.9827029757962,886708
2023-11-29,1169.8968505859375,1177.0007471755373,1152.6724969238726,1159.9222679827549,1813462
2023-11-30,1192.9112548828125,1198.0688908288234,1160.3114034862558,1160.3114034862558,4672807
2023-12-01,1198.166259765625,1208.4814135535719,1192.0841975333121,1199.9179412046424,1749751
2023-12-04,1198.069091796875,1206.6812690315016,1187.7052329459254,1204.0051613784076,1615837
2023-12-05,1206.243408203125,1210.1845136550069,1187.7539371426167,1192.9601591831754,930042
2023-12-06,1207.0218505859375,1224.1976199659343,1200.1613549119722,1215.0015883813526,1704590
2023-12-07,1206.0001220703125,1208.5302364497845,1195.8795457621345,1197.9230951151585,1478355
2023-12-08,1202.5941162109375,1214.0769790770798,1197.5824728916423,1202.8373987139103,1612113
2023-12-11,1208.0435791015625,1212.8605249791592,1182.4502131501883,1202.7886534594602,1172972
2023-12-12,1185.2724609375,1216.41262411484,1180.0662386643476,1215.439494015548,2832873
2023-12-13,1199.9666748046875,1206.2920203084243,1180.066212235971,1185.5644209318932,2448178
2023-12-14,1198.215087890625,1206.5839826310814,1191.354473465843,1205.7081418208531,2341190
2023-12-15,1202.54541015625,1213.0065577663488,1199.8693026280853,1207.6543427100194,3474624
2023-12-18,1219.088623046875,1233.8315664929464,1200.8424353141838,1202.5454128359017,2135393
2023-12-19,1211.498291015625,1233.880283695034,1203.2753890473525,1230.8150188603092,2187458
2023-12-20,1199.042236328125,1221.2782346105862,1195.4415838045006,1221.2782346105862,1837031
2023-12-21,1200.3558349609375,1204.6862158725316,1176.07628938238,1191.2083893555907,1916222
2023-12-22,1210.233154296875,1217.3856360745078,1202.8373900180284,1206.6812060210948,2058127
2023-12-26,1213.979736328125,1216.4125614510272,1206.000117441122,1210.2332093969137,1796483
2023-12-27,1218.7967529296875,1221.6675580146482,1207.8977432658842,1216.412631687698,2005268
2023-12-28,1228.236083984375,1230.6689090452362,1215.9746694356925,1221.2294765349234,2043365
2023-12-29,1225.6085205078125,1237.7726454038377,1218.8940185974323,1228.1873387438263,1840160
2024-01-01,1226.3870849609375,1229.9876184520492,1218.8453274458038,1227.116932462402,733452
2024-01-02,1261.37109375,1264.095905342295,1223.3704374617266,1227.1169643084174,3174447
2024-01-03,1263.7066650390625,1269.5941493850125,1256.456893649019,1261.371129150161,1699057
2024-01-04,1277.6710205078125,1292.8032399328133,1262.1983481219522,1268.9615542885874,2851729
2024-01-05,1265.2635498046875,1282.5853109281757,1252.4182816119592,1282.5853109281757,2960339
2024-01-08,1270.2266845703125,1274.7516442092706,1264.3879043494246,1270.3239738159366,1678133
2024-01-09,1288.424072265625,1297.6201029088113,1271.734869625881,1279.6171985757946,1712486
2024-01-10,1289.2513427734375,1297.668941593199,1277.8657685297937,1294.3116903852836,1278475
2024-01-11,1280.8824462890625,1296.111955543359,1274.9949618878188,1292.316724537037,1320281
2024-01-12,1290.32177734375,1294.263001669462,1270.4700188165427,1283.5585708285867,1538242
2024-01-15,1293.6302490234375,1303.9941065386843,1286.0884920639787,1293.4842557758445,1475983
2024-01-16,1278.15771484375,1295.77146513406,1272.4163421399323,1294.311769946927,824502
2024-01-17,1264.095947265625,1284.969539525373,1259.570868730981,1276.746638038876,2544642
2024-01-18,1299.8583984375,1307.3028667009257,1255.3377009053902,1264.0471668955583,2842572
2024-01-19,1299.71240234375,1308.2759938473564,1293.4357613690302,1303.9941980955532,1605745
2024-01-23,1341.2650146484375,1357.1269610513084,1280.6389731888153,1280.6389731888153,4129729
2024-01-24,1344.962890625,1352.6506410480047,1323.7973140474503,1342.9193414721199,1719845
2024-01-25,1331.5338134765625,1352.7479759946448,1312.2657921491386,1346.3740458312338,1870910
2024-01-29,1363.2091064453125,1382.6717060127662,1318.7856991745437,1328.322420478708,3413149
2024-01-30,1334.8912353515625,1371.3349106449323,1332.3611208104319,1364.2311320790768,1935332
2024-01-31,1380.3363037109375,1400.2368849661436,1330.171519751756,1334.8424728252066,5796356
2024-02-01,1370.1185302734375,1392.013958378317,1361.3117737987661,1388.6567069183554,2442481
2024-02-02,1378.584716796875,1395.322506234324,1367.3937211593172,1371.1402481147024,1775449
2024-02-05,1424.4677734375,1426.6086119693616,1385.3478752866788,1388.4619626306335,3481964
2024-02-06,1435.464111328125,1438.286212227902,1407.6813197070978,1411.038570859579,1893995
2024-02-07,1455.9971923828125,1460.1329952631563,1440.6218082430048,1443.151922717627,2259235
2024-02-08,1459.3056640625,1466.993414503526,1445.4385621343572,1460.716773778478,2213750
2024-02-09,1502.0740966796875,1506.1844939053128,1460.4313262054602,1468.8969094701536,6343881
2024-02-12,1501.7314453125,1521.9411569328663,1488.6661262929742,1507.0163270135029,4059288
2024-02-13,1509.3160400390625,1517.9284478136337,1492.9231957444922,1504.7163046508458,4687838
2024-02-14,1487.9810791015625,1512.8395078900048,1475.8944376229008,1512.8395078900048,2105672
2024-02-15,1477.7049560546875,1496.4466512183853,1473.447733471655,1496.4466512183853,2161691
2024-02-16,1477.75390625,1489.547016817966,1472.7626753565191,1482.6962749534946,3480879
2024-02-19,1497.4742431640625,1500.0677621282694,1475.2583143075526,1482.549413040131,777823
2024-02-20,1505.890625,1509.1203076866934,1480.004659727109,1499.3335352633037,2230669
2024-02-21,1510.4906005859375,1516.4605083484182,1500.3123325576798,1507.2120554552466,1993748
2024-02-22,1524.8282470703125,1527.7152973789573,1502.2696870446505,1516.558352031195,1981678
2024-02-23,1527.9600830078125,1535.0065124651258,1517.3414571651083,1524.779381473929,1340283
2024-02-26,1523.751708984375,1533.489620659629,1515.6776205464907,1528.6940775727282,974892
2024-02-27,1549.00146484375,1551.6438457126435,1516.0200882963502,1523.5558555650027,2140963
2024-02-28,1540.291259765625,1553.6012472822222,1529.3301216854734,1552.6715516251134,578316
2024-02-29,1544.3038330078125,1553.9439002068711,1523.3112522304841,1541.4167826938724,2350244
2024-03-01,1526.002685546875,1548.1697518181988,1515.0415468158985,1546.3102409261264,4069161
2024-03-04,1519.0050048828125,1535.6425188891246,1515.873285327425,1517.4881267568205,2298105
2024-03-05,1540.6336669921875,1542.7868286056405,1502.6610616726296,1520.6687468238583,1408172
2024-03-06,1569.79833984375,1572.4897023341305,1533.0000984142175,1541.4166990361011,1761032
2024-03-07,1571.4620361328125,1585.4081871547075,1566.2751183103958,1576.404404106495,2440999
2024-03-11,1559.6202392578125,1592.3080874417483,1552.5738099522425,1580.7107844537486,2994345
2024-03-12,1550.5185546875,1569.60276278228,1546.4570198405058,1558.2500100852726,1294598
2024-03-13,1525.366455078125,1558.249989309521,1511.0777900244916,1547.4845387329215,2881503
2024-03-14,1536.7191162109375,1540.7317888912473,1513.2798416327726,1533.8320658360308,3062556
2024-03-15,1515.188232421875,1539.948817277247,1508.3374909405018,1535.300099843458,3421374
2024-03-18,1537.7467041015625,1542.6400905903502,1510.5394274369248,1515.2371262531385,2281873
2024-03-19,1515.4327392578125,1546.06538495528,1507.5544590795064,1540.4379907704451,3692624
2024-03-20,1516.313720703125,1526.687676667462,1488.0789031911143,1526.687676667462,3412218
2024-03-21,1531.82568359375,1537.3552343095628,1509.658738012727,1531.4343082422322,2567975
2024-03-22,1574.593994140625,1586.435966045501,1532.7065562569476,1535.446900592309,4941447
2024-03-26,1564.024169921875,1580.2701892155053,1559.1307834197305,1561.0392758360333,3649049
2024-03-27,1569.9451904296875,1591.476090696992,1558.1520813599373,1567.8410103737126,2530169
2024-03-28,1585.99560546875,1599.1587678578344,1573.6641754547616,1575.6215301277823,4427587
2024-04-01,1594.5098876953125,1598.9139352599152,1583.989107402095,1596.8097553077844,1148498
2024-04-02,1587.6593017578125,1598.180083076288,1575.572660601705,1594.510043081471,1921533
2024-04-03,1585.3104248046875,1594.2163644776726,1560.207327781521,1574.6917998304573,2098379
2024-04-04,1584.8211669921875,1593.2867500922491,1553.307803628695,1586.3381646947967,2439461
2024-04-05,1574.69189453125,1603.9053902473045,1571.8537062535825,1576.6492492789582,1548980
2024-04-08,1565.590087890625,1584.3807644376377,1562.9477068682468,1576.649189583435,1170390
2024-04-09,1568.3792724609375,1574.5448674463798,1558.0051980522903,1566.8622749387,1389391
2024-04-10,1569.847412109375,1574.2024784218536,1549.9802146102647,1568.8687347836542,1928878
2024-04-12,1507.1630859375,1560.9903390066963,1501.291021966315,1560.9903390066963,8258068
2024-04-15,1507.2120361328125,1511.1756075501673,1471.7349837140362,1485.240658885407,2474028
2024-04-16,1504.7655029296875,1510.392898049892,1492.6298791247982,1502.2698277415702,2058697
2024-04-18,1484.06640625,1512.5948758343984,1474.3284946167134,1512.5948758343984,3266796
2024-04-19,1490.329833984375,1495.7125591118283,1471.6370020587194,1472.9093303303675,2536516
2024-04-22,1507.260986328125,1514.9925614070908,1489.497968255346,1495.8593711294714,1680307
2024-04-23,1452.993408203125,1529.1344373203415,1446.1915286750436,1528.6940802826582,9160422
2024-04-24,1454.0697021484375,1470.9518844550573,1447.8061439498854,1452.9931810832416,4652803
2024-04-25,1487.7364501953125,1494.7340173891737,1456.9081125782961,1458.229303154106,3846327
2024-04-26,1474.4263916015625,1499.3336820709178,1468.064988903481,1498.3550047327515,1794350
2024-04-29,1489.1553955078125,1495.2232666101315,1477.8517440717685,1483.6748263751142,1091667
2024-04-30,1470.0711669921875,1496.5444360783185,1465.0799365926755,1494.4402559632701,1991646
2024-05-02,1486.61083984375,1497.3762902968647,1469.973325507118,1470.9520028210377,2494925
2024-05-03,1478.9283447265625,1504.2271310726476,1469.4840841285493,1494.4403572855776,3183226
2024-05-06,1496.5445556640625,1501.291117114774,1476.5795130032043,1485.6322788658586,1240626
2024-05-07,1483.0386962890625,1510.245974366784,1477.9006402089765,1503.1994257764816,1532550
2024-05-08,1489.3021240234375,1493.2658147230434,1470.2179174070702,1477.8026661904983,1026357
2024-05-09,1462.780029296875,1497.327265809458,1458.0334683536416,1488.76383955764,1477007
2024-05-10,1474.4263916015625,1493.901975057115,1459.2079112060956,1462.7801073838928,1528487
2024-05-13,1492.5318603515625,1497.3762651872498,1469.9733008570256,1480.7387511296135,1628326
2024-05-14,1512.3011474609375,1514.9435284706867,1483.723817149965,1492.4829314854746,2206236
2024-05-15,1494.8316650390625,1517.1944164501292,1487.9319425957585,1512.3010301690451,1207536
2024-05-16,1503.5419921875,1508.2885532255625,1476.139027634213,1496.3976000705582,2684392
2024-05-17,1498.7464599609375,1504.52067999704,1487.73634019748,1503.248351704062,1341676
2024-05-21,1508.0927734375,1525.0729205694215,1491.504240595805,1497.3763045351584,1791791
2024-05-22,1506.47802734375,1530.6513090539802,1473.3008427233237,1514.0137948251324,3948239
2024-05-23,1463.2205810546875,1477.8028984494351,1435.719769553193,1477.8028984494351,11618479
2024-05-24,1454.9996337890625,1473.5945042739922,1445.6043547006943,1471.93080049127,5307322
2024-05-27,1434.7900390625,1468.9947661434142,1429.4073134037467,1454.9996316436734,3474806
2024-05-28,1433.6644287109375,1447.5615988558368,1424.9051950241103,1437.6280001730124,2616438
2024-05-29,1447.4146728515625,1463.1224905200404,1434.3983370912783,1436.796048569704,2843365
2024-05-30,1427.9881591796875,1445.8980032453615,1418.5928801073076,1444.5278310026808,3133423
2024-05-31,1428.6732177734375,1447.8552695969877,1409.2953588029184,1433.7622921154689,5503924
2024-06-03,1422.067138671875,1466.0586367610024,1420.060802363294,1464.590620769586,1855318
2024-06-04,1399.3616943359375,1444.8213259784666,1347.8343113035328,1430.4346981851415,5055952
2024-06-05,1455.5867919921875,1458.2291729077947,1401.4658896670885,1418.788430041499,2487724
2024-06-06,1441.2979736328125,1462.1438473559886,1424.0244153206652,1462.1438473559886,3004955
2024-06-07,1474.7198486328125,1477.9005498211925,1440.7597945007778,1448.3445434884534,3404664
2024-06-10,1480.8365478515625,1489.25314844886,1473.0071297205993,1486.610767616636,1433942
2024-06-11,1467.771240234375,1492.482841378511,1465.4223908856027,1491.5041641054759,1441589
2024-06-12,1474.7198486328125,1482.255735436517,1463.954398456757,1468.0159330984845,994784
2024-06-13,1478.5858154296875,1482.304717747788,1466.058697331728,1482.304717747788,1412477
2024-06-14,1483.6748046875,1485.6321593110983,1473.447674566177,1481.5706245736428,937490
2024-06-18,1488.5191650390625,1490.3786757693103,1477.9983842521333,1490.1340064486842,1478241
2024-06-19,1471.9306640625,1497.2294484575855,1468.0159548495678,1492.4339057782547,1537367
2024-06-20,1439.6343994140625,1456.2229329119687,1435.7196899663018,1456.2229329119687,4168375
2024-06-21,1435.96435546875,1456.2719106747318,1429.7497781305303,1448.5403356425786,4426556
2024-06-24,1462.6331787109375,1470.854091665096,1443.5979536133852,1443.5979536133852,3726155
2024-06-25,1473.1051025390625,1475.8454469118205,1460.480260271403,1466.1076550457683,1833311
2024-06-26,1488.715087890625,1496.2998374195852,1463.3673204100292,1469.9733925804137,2563493
2024-06-27,1483.91943359375,1495.4678733453807,1472.9093141359233,1492.4828598387262,3881458
2024-06-28,1488.42138671875,1506.1354224183049,1483.2833307594415,1487.5895348854942,2634599
2024-07-01,1487.6873779296875,1497.3763073412674,1471.7838713974681,1488.4213859234821,1451094
2024-07-02,1491.55322265625,1502.171847722658,1476.0900731580844,1481.717467768168,1336816
2024-07-03,1501.241943359375,1503.4929488566,1466.3521944244656,1486.9532791791078,1061099
2024-07-04,1524.681396484375,1537.5020452790823,1493.461566579172,1502.2696623191541,2630823
2024-07-05,1534.95751953125,1541.1720965669242,1523.8005742846174,1528.6939608430137,2481046
2024-07-08,1523.2132568359375,1541.2209416688622,1517.8793942793932,1537.1104256435299,1120204
2024-07-09,1551.5950927734375,1555.9991408432998,1516.754203047572,1531.4343632804464,1492840
2024-07-10,1564.46484375,1567.0093811586282,1534.1747058000583,1558.8374485626193,1899956
2024-07-11,1548.0228271484375,1568.3303812267243,1538.7743744033762,1566.8623652692577,1707500
2024-07-12,1548.56298828125,1558.4298139518944,1521.7603230401537,1553.177310354531,1426598
2024-07-15,1557.300537109375,1565.6456732667998,1548.562784539213,1551.164407581857,832804
2024-07-16,1550.526611328125,1565.9405234005064,1546.2557685690833,1560.0498380460217,688481
2024-07-18,1565.2039794921875,1567.5111403131498,1541.6412412091,1546.3046998276277,1665636
2024-07-19,1540.0704345703125,1560.7859849252718,1536.6342018625041,1555.8279440797767,1649335
2024-07-22,1558.429931640625,1560.5407846044752,1526.7184795831831,1526.7184795831831,826636
2024-07-23,1572.4202880859375,1576.3965487266462,1545.617741038233,1558.0863107090404,1502677
2024-07-24,1589.9449462890625,1595.3447409528383,1562.9951099510995,1572.8129184306918,2923358
2024-07-25,1635.450439453125,1650.6680412471437,1573.0090871825755,1585.4286377772735,5329712
2024-07-26,1683.017822265625,1692.393877322496,1634.665115398726,1640.0157730931946,4591049
2024-07-29,1691.853759765625,1697.253554153387,1661.90944543349,1683.9995133834257,3187339
2024-07-30,1670.5982666015625,1694.0137158516936,1666.0820986710648,1684.8340888942735,1525840
2024-07-31,1688.0247802734375,1699.4134134881244,1664.3147501841572,1671.0890616162783,1594881
2024-08-01,1683.950439453125,1714.6310905322928,1650.6681650394783,1694.062829987336,5258291
2024-08-02,1700.1007080078125,1710.0658068726846,1653.1715388860086,1669.027322418239,2992406
2024-08-05,1689.006591796875,1725.9706632469336,1683.754088434864,1693.5718965306942,5165558
2024-08-06,1676.4398193359375,1702.4078730362983,1672.905312649836,1693.5718460136184,1710278
2024-08-07,1702.8497314453125,1705.206029432572,1678.2561932902074,1688.6630462337846,1922313
2024-08-08,1705.4024658203125,1716.7910996602293,1696.8609005556539,1703.3897671482764,2480113
2024-08-09,1703.684326171875,1717.92014823975,1698.529976802472,1717.92014823975,751683
2024-08-12,1702.2607421875,1716.643855942033,1698.530046778962,1703.3898141603818,1526788
2024-08-13,1708.396728515625,1719.9326527968142,1694.1609070622426,1708.2985744058938,2076963
2024-08-14,1709.9185791015625,1721.0617673740014,1701.033414794116,1715.661972895646,2207250
2024-08-16,1710.99853515625,1719.245518067016,1697.155449473692,1717.7237098476257,2180718
2024-08-19,1715.95654296875,1720.9144641379314,1708.936786227169,1720.9144641379314,1363446
2024-08-20,1734.16845703125,1738.5374534106454,1713.354752430794,1719.8836185879832,1766597
2024-08-21,1732.4996337890625,1739.6665622222495,1725.2835683739254,1737.7521374669489,1184193
2024-08-22,1718.7545166015625,1737.261060013632,1716.5455098849586,1737.261060013632,1369554
2024-08-23,1743.3974609375,1748.993564218094,1719.9820100688842,1721.7982807935468,3515492
2024-08-26,1740.1573486328125,1747.5698416863465,1732.352239132336,1747.5698416863465,933372
2024-08-27,1756.798583984375,1759.9402345995916,1734.953961227956,1745.6062589174462,1231023
2024-08-28,1778.8394775390625,1789.7863571761827,1753.8040677156985,1764.161902855644,1768949
2024-08-29,1766.419921875,1793.5661842643015,1757.6330318800822,1776.9250480719027,3205924
2024-08-30,1788.4610595703125,1794.8426349176113,1758.6640355717989,1765.3892102377706,3036374
2024-09-02,1782.8648681640625,1803.5314027811555,1772.3107241358114,1796.609799921785,1617946
2024-09-03,1778.49609375,1806.0350958313234,1772.2126720440576,1786.8412313690312,2148689
2024-09-04,1799.4569091796875,1801.5677618617533,1768.4817969529986,1778.495913140363,2473477
2024-09-05,1793.22265625,1810.3056663778948,1786.841080960854,1799.8005397633726,1902919
2024-09-06,1791.3082275390625,1816.2945012529176,1772.1143647359547,1786.399323481622,1701134
2024-09-09,1788.657470703125,1801.9606495540747,1779.82144279081,1791.308350984599,1544883
2024-09-10,1802.89306640625,1808.6855968329987,1792.4370773908424,1796.6587825780364,1460472
2024-09-11,1812.0728759765625,1823.657938003068,1797.7388994640748,1802.9423859336382,1701900
2024-09-12,1831.4139404296875,1837.4027793801297,1806.8694202669822,1821.3506871629784,2744070
2024-09-13,1819.9761962890625,1831.0212305214304,1817.6690353297818,1831.0212305214304,1322430
2024-09-16,1829.0084228515625,1839.2189667468597,1817.178036575796,1828.075779066063,1284085
2024-09-17,1832.10107421875,1835.586443897025,1825.3758999014267,1829.05757779554,738265
2024-09-18,1802.549560546875,1833.9665463516135,1796.2661394166694,1833.9665463516135,1202676
2024-09-19,1812.41650390625,1822.1851749823213,1801.567778067112,1811.581894344555,1675819
2024-09-20,1831.757568359375,1836.9119176740671,1808.3421197276036,1817.3744553500712,4229991
2024-09-23,1828.76318359375,1840.8391362661753,1823.6579709943576,1832.9848892847729,812520
2024-09-24,1834.064697265625,1846.3860943029567,1822.185173498176,1822.185173498176,2528953
2024-09-25,1836.47021484375,1841.8208725317234,1824.6888446569799,1839.8573108339285,956893
2024-09-26,1863.812744140625,1870.2924736232897,1833.0339392132482,1836.4701721044196,2452807
2024-09-27,1913.1961669921875,1923.6031391858721,1880.3556476861638,1883.0064078660423,3809008
2024-09-30,1891.5970458984375,1924.6339942501181,1886.050080177827,1913.490805983403,2608461
2024-10-01,1884.9700927734375,1899.5004972746458,1867.6907738032812,1889.7808429019656,1275678
2024-10-03,1876.0357666015625,1901.0221591886273,1861.5054830651873,1866.1689417381397,2492195
2024-10-04,1875.25048828125,1916.6815906175766,1868.9670671139115,1876.035841023236,2798189
2024-10-07,1870.5379638671875,1883.0065327197012,1853.6513811910797,1875.2505598842056,1691999
2024-10-08,1882.22119140625,1886.4427771778294,1866.9054340271446,1869.310749185004,2309881
2024-10-09,1895.6715087890625,1911.5272933062909,1859.9837992649038,1860.0329362453656,1597182
2024-10-10,1853.356689453125,1902.642037255861,1849.5768573744979,1894.444191614771,2383012
2024-10-11,1867.298095703125,1874.5632981802048,1856.0567525721124,1864.4018900473109,1019117
2024-10-14,1874.9560546875,1880.8467400275315,1860.5729406796634,1868.3290336799646,676879
2024-10-15,1863.86181640625,1885.4119780832432,1860.131121064687,1883.0556800617692,1383203
2024-10-16,1863.910888671875,1879.8156900335873,1852.6204092303547,1874.170450312827,1401914
2024-10-17,1855.1240234375,1888.602725918727,1845.4043692084228,1888.504571804553,1447059
2024-10-18,1875.544921875,1882.9574148320328,1838.5808508928724,1865.383514593708,1203693
2024-10-21,1862.4383544921875,1885.559342466707,1856.1059156692556,1883.8412259035224,660583
2024-10-22,1853.160400390625,1871.274208245461,1846.7296882002688,1857.5292770201536,1192915
2024-10-23,1805.8385009765625,1855.1239693299722,1798.6224360239994,1845.7970516759176,1673366
2024-10-24,1815.2144775390625,1825.6704666392181,1796.1187697819041,1796.6587971403235,1739776
2024-10-25,1826.5050048828125,1841.428024945741,1816.39261481174,1822.9706180096227,2148004
2024-10-28,1868.2308349609375,1881.0921403437148,1801.5678901517313,1829.2540626504215,2445724
2024-10-29,1837.5009765625,1887.6699529817715,1828.0759045683556,1886.9827543396239,2295542
2024-10-30,1818.356201171875,1846.631536235311,1786.8410613664823,1834.4574303094903,1900203
2024-10-31,1815.2144775390625,1838.3844795875716,1808.538320408989,1826.1122200442633,2572932
2024-11-01,1824.5416259765625,1830.9722188842948,1798.1808331066618,1826.1124514278856,107596
2024-11-04,1775.943359375,1811.3856232094604,1728.0324071477992,1811.3856232094604,5031861
2024-11-05,1770.7398681640625,1799.6042483257802,1766.665453779882,1772.1143852853427,1658010
2024-11-06,1794.1552734375,1806.4766704051376,1769.365308259386,1782.4721778048456,2060619
2024-11-07,1758.3203125,1811.3856137854564,1746.3917714082022,1811.3856137854564,1909269
2024-11-08,1776.6304931640625,1781.9812703759778,1758.3202574659497,1767.0091133322758,1644075
2024-11-11,1761.90380859375,1784.53390408636,1759.302065491375,1784.2884588851225,1069649
2024-11-12,1768.0399169921875,1791.749947110885,1762.394677432797,1769.070834763287,2471888
2024-11-13,1746.5880126953125,1764.5546489600354,1738.1937390634055,1758.3693820895473,1810332
2024-11-14,1735.98486328125,1763.2784190423617,1731.0269418615421,1747.27534313592,1473358
2024-11-18,1715.9073486328125,1766.2236133259505,1711.440198170322,1766.2236133259505,1533025
2024-11-19,1744.8699951171875,1773.8325298511625,1698.4808505009055,1698.529987481345,1933316
2024-11-21,1747.56982421875,1758.8111664416415,1726.019783594568,1739.7155778177669,2014349
2024-11-22,1762.591064453125,1781.882960708059,1735.837538468597,1752.4786745828442,1420813
2024-11-25,1766.1256103515625,1796.658971082114,1751.644342688469,1773.0962304777586,3137448
2024-11-26,1729.505126953125,1773.8325564424485,1721.2581438173422,1773.8325564424485,1589883
2024-11-27,1717.576416015625,1746.1953510279332,1708.544080365941,1728.032405769051,1982546
2024-11-28,1702.6533203125,1728.6213740446012,1692.0010228025067,1717.5763402527514,3071758
2024-11-29,1748.4534912109375,1763.0820494392226,1707.5131589943421,1711.145819946305,2427677
2024-12-02,1775.599853515625,1780.9505113581984,1759.498623159224,1767.2055790764923,1948045
2024-12-03,1767.254638671875,1798.6224883883845,1755.7677310031033,1797.8861527626796,1543970
2024-12-04,1767.4017333984375,1781.7848459670654,1752.4787133021111,1777.5141234921414,2320116
2024-12-05,1780.4102783203125,1792.6825378688168,1743.0535921624357,1775.7468196918808,2742263
2024-12-06,1771.967041015625,1790.7190302004863,1768.1872089302567,1782.766629743128,1590478
2024-12-09,1773.7342529296875,1786.7918652690996,1763.9654623557904,1781.7357901782336,1528215
2024-12-10,1776.97412109375,1789.7864085448884,1763.278326794635,1787.8228469337585,2043634
2024-12-11,1780.950439453125,1793.0754088285444,1772.1635488948918,1791.0628300191877,1745911
2024-12-12,1772.55615234375,1786.841111364882,1765.2910700756743,1785.8593305344616,1082394
2024-12-13,1780.4102783203125,1783.6993397563392,1741.7282121004541,1771.8688336130672,1391111
2024-12-16,1776.826904296875,1789.2954722693732,1759.694757771215,1785.5646573653587,1483330
2024-12-17,1756.4549560546875,1782.6684549967529,1750.6132884937524,1777.0232154999987,1608164
2024-12-18,1768.2364501953125,1789.2464645363686,1760.1367581719824,1765.2419706602905,1732860
2024-12-19,1790.0810546875,1796.069893846179,1758.1731773665206,1768.1872940025874,1924091
2024-12-20,1775.8941650390625,1792.6825926451384,1761.412898329345,1790.0809694183893,2513418
2024-12-23,1781.5394287109375,1794.695315496196,1763.9165111608556,1778.0050417744042,1299181
2024-12-24,1785.8592529296875,1798.3769579735872,1770.298051412999,1781.8339756691419,1121058
2024-12-26,1807.802001953125,1811.43466272011,1781.3430580657462,1786.8410064239474,1402706
2024-12-27,1827.339599609375,1832.0030586278542,1803.285968882482,1811.8765512849438,1668898
2024-12-30,1849.576904296875,1861.2109830039171,1821.2034147288757,1828.1250174241786,6021550
2024-12-31,1851.9822998046875,1875.201441094303,1834.7521176333003,1842.6063645069937,1844944
